Date,Revenue,"  Automotive, Services & Other","  Automotive, Services & Other","  Automotive, Services & Other","  Automotive, Services & Other","  Automotive, Services & Other","  Automotive, Services & Other","  Automotive, Services & Other",    Automotive,    Automotive,    Automotive,    Automotive,    Automotive,    Automotive,    Automotive,      Automotive Sales,      Automotive Sales,      Automotive Sales,      Automotive Sales,      Automotive Sales,      Automotive Regulatory Credits,      Automotive Regulatory Credits,      Automotive Regulatory Credits,      Automotive Leasing,      Automotive Leasing,      Automotive Leasing,      Automotive Leasing,      Automotive Leasing,    Service & Other,    Service & Other,    Service & Other,    Service & Other,    Service & Other,    Service & Other,    Service & Other,  Energy Generation & Storage,  Energy Generation & Storage,  Energy Generation & Storage,  Energy Generation & Storage,  Energy Generation & Storage,  Energy Generation & Storage,  Energy Generation & Storage,    Energy Generation & Storage Sales,    Energy Generation & Storage Leasing,  Automobiles,  Automobiles,  Automobiles,  Automobiles,  Automobiles,  Automobiles,  Automobiles,  Automobiles,  Automobiles,  Automobiles,  Automobiles,  Automobiles,  Automobiles,  Automobiles,  Automobiles,  Automobiles,  Automobiles,  Automobiles,Revenue - Supplementary Breakdown,  Development Services,  Development Services,  Automotive,    Vehicle Options and Related,    Powertrain Components & Related,Cost of Revenue,"  Automotive, Services & Other","  Automotive, Services & Other","  Automotive, Services & Other","  Automotive, Services & Other","  Automotive, Services & Other","  Automotive, Services & Other","  Automotive, Services & Other",    Automotive,    Automotive,    Automotive,    Automotive,    Automotive,    Automotive,    Automotive,      Automotive Sales,      Automotive Sales,      Automotive Sales,      Automotive Sales,      Automotive Sales,      Automotive Leasing,      Automotive Leasing,      Automotive Leasing,      Automotive Leasing,      Automotive Leasing,    Service & Other,    Service & Other,    Service & Other,    Service & Other,    Service & Other,    Service & Other,    Service & Other,  Energy Generation & Storage,  Energy Generation & Storage,  Energy Generation & Storage,  Energy Generation & Storage,  Energy Generation & Storage,  Energy Generation & Storage,  Energy Generation & Storage,  Development Services,  Development Services,Cost of Revenue Growth Amount,"  Automotive, Services & Other","  Automotive, Services & Other","  Automotive, Services & Other","  Automotive, Services & Other","  Automotive, Services & Other","  Automotive, Services & Other","  Automotive, Services & Other",    Automotive,    Automotive,    Automotive,    Automotive,    Automotive,    Automotive,    Automotive,      Automotive Sales,      Automotive Sales,      Automotive Sales,      Automotive Sales,      Automotive Sales,      Automotive Leasing,      Automotive Leasing,      Automotive Leasing,      Automotive Leasing,      Automotive Leasing,    Service & Other,    Service & Other,    Service & Other,    Service & Other,    Service & Other,    Service & Other,    Service & Other,  Energy Generation & Storage,  Energy Generation & Storage,  Energy Generation & Storage,  Energy Generation & Storage,  Energy Generation & Storage,  Energy Generation & Storage,  Energy Generation & Storage,Gross Profit,"  Automotive, Services & Other","  Automotive, Services & Other","  Automotive, Services & Other","  Automotive, Services & Other","  Automotive, Services & Other","  Automotive, Services & Other","  Automotive, Services & Other",    Automotive,    Automotive,    Automotive,    Automotive,    Automotive,    Automotive,    Automotive,    Service & Other,    Service & Other,    Service & Other,    Service & Other,    Service & Other,    Service & Other,    Service & Other,  Energy Generation & Storage,  Energy Generation & Storage,  Energy Generation & Storage,  Energy Generation & Storage,  Energy Generation & Storage,  Energy Generation & Storage,  Energy Generation & Storage,  Automobiles,  Automobiles,  Automobiles,  Automobiles,  Automobiles,  Automobiles,  Automobiles,  Automobiles,  Automobiles,  Automobiles,  Automobiles,  Automobiles,  Automobiles,  Automobiles,  Automobiles,  Automobiles,  Automobiles,  Automobiles,Gross Margin,  Energy Generation & Storage,  Energy Generation & Storage,  Energy Generation & Storage,  Energy Generation & Storage,  Energy Generation & Storage,  Energy Generation & Storage,  Energy Generation & Storage,"  Automotive, Services & Other","  Automotive, Services & Other","  Automotive, Services & Other","  Automotive, Services & Other","  Automotive, Services & Other","  Automotive, Services & Other","  Automotive, Services & Other",    Automotive,    Automotive,    Automotive,    Automotive,    Automotive,    Automotive,    Automotive,      Automotive Regulatory Credits,      Automotive Regulatory Credits,      Automotive Regulatory Credits,    Service & Other,    Service & Other,    Service & Other,    Service & Other,    Service & Other,    Service & Other,    Service & Other,Operating Income,  Automobiles,  Automobiles,  Automobiles,  Automobiles,  Automobiles,  Automobiles,  Automobiles,  Automobiles,  Automobiles,  Automobiles,  Automobiles,  Automobiles,  Automobiles,  Automobiles,  Automobiles,  Automobiles,  Automobiles,  Automobiles,Interest Expense,  Automobiles,  Automobiles,  Automobiles,  Automobiles,  Automobiles,  Automobiles,  Automobiles,  Automobiles,  Automobiles,  Automobiles,  Automobiles,  Automobiles,  Automobiles,  Automobiles,  Automobiles,  Automobiles,  Automobiles,  Automobiles,Interest Income,  Automobiles,  Automobiles,  Automobiles,  Automobiles,  Automobiles,  Automobiles,  Automobiles,  Automobiles,  Automobiles,  Automobiles,  Automobiles,  Automobiles,  Automobiles,  Automobiles,  Automobiles,  Automobiles,  Automobiles,  Automobiles,Pretax Income,  Automobiles,  Automobiles,  Automobiles,  Automobiles,  Automobiles,  Automobiles,  Automobiles,  Automobiles,  Automobiles,  Automobiles,  Automobiles,  Automobiles,  Automobiles,  Automobiles,  Automobiles,  Automobiles,  Automobiles,  Automobiles,Income Taxes,  Automobiles,  Automobiles,  Automobiles,  Automobiles,  Automobiles,  Automobiles,  Automobiles,  Automobiles,  Automobiles,  Automobiles,  Automobiles,  Automobiles,  Automobiles,  Automobiles,  Automobiles,  Automobiles,  Automobiles,  Automobiles,Net Income,  Automobiles,  Automobiles,  Automobiles,  Automobiles,  Automobiles,  Automobiles,  Automobiles,  Automobiles,  Automobiles,  Automobiles,  Automobiles,  Automobiles,  Automobiles,  Automobiles,  Automobiles,  Automobiles,  Automobiles,  Automobiles,Revenue Growth %,  Energy Generation & Storage,  Energy Generation & Storage,  Energy Generation & Storage,  Energy Generation & Storage,  Energy Generation & Storage,  Energy Generation & Storage,  Energy Generation & Storage,"  Automotive, Services & Other","  Automotive, Services & Other","  Automotive, Services & Other","  Automotive, Services & Other","  Automotive, Services & Other","  Automotive, Services & Other","  Automotive, Services & Other",    Service & Other,    Service & Other,    Service & Other,    Service & Other,    Service & Other,    Service & Other,    Service & Other,    Automotive,    Automotive,    Automotive,    Automotive,    Automotive,    Automotive,    Automotive,      Automotive Regulatory Credits,      Automotive Regulatory Credits,      Automotive Regulatory Credits,      Automotive Sales,      Automotive Sales,      Automotive Sales,      Automotive Sales,      Automotive Sales,      Automotive Leasing,      Automotive Leasing,      Automotive Leasing,      Automotive Leasing,      Automotive Leasing,Cost of Revenue Growth %,"  Automotive, Services & Other","  Automotive, Services & Other","  Automotive, Services & Other","  Automotive, Services & Other","  Automotive, Services & Other","  Automotive, Services & Other","  Automotive, Services & Other",    Service & Other,    Service & Other,    Service & Other,    Service & Other,    Service & Other,    Service & Other,    Service & Other,    Automotive,    Automotive,    Automotive,    Automotive,    Automotive,    Automotive,    Automotive,      Automotive Sales,      Automotive Sales,      Automotive Sales,      Automotive Sales,      Automotive Sales,      Automotive Leasing,      Automotive Leasing,      Automotive Leasing,      Automotive Leasing,      Automotive Leasing,  Energy Generation & Storage,  Energy Generation & Storage,  Energy Generation & Storage,  Energy Generation & Storage,  Energy Generation & Storage,  Energy Generation & Storage,  Energy Generation & Storage,Property/Plant/Equipment,  Automobiles,  Automobiles,  Automobiles,  Automobiles,  Automobiles,  Automobiles,  Automobiles,  Automobiles,  Automobiles,  Automobiles,  Automobiles,  Automobiles,  Automobiles,  Automobiles,  Automobiles,  Automobiles,  Automobiles,  Automobiles,Goodwill,  Automobiles,  Automobiles,  Automobiles,  Automobiles,  Automobiles,  Automobiles,  Automobiles,  Automobiles,  Automobiles,  Automobiles,  Automobiles,  Automobiles,  Automobiles,  Automobiles,  Automobiles,  Automobiles,  Automobiles,  Automobiles,Assets,  Automobiles,  Automobiles,  Automobiles,  Automobiles,  Automobiles,  Automobiles,  Automobiles,  Automobiles,  Automobiles,  Automobiles,  Automobiles,  Automobiles,  Automobiles,  Automobiles,  Automobiles,  Automobiles,  Automobiles,  Automobiles,Liabilities,  Automobiles,  Automobiles,  Automobiles,  Automobiles,  Automobiles,  Automobiles,  Automobiles,  Automobiles,  Automobiles,  Automobiles,  Automobiles,  Automobiles,  Automobiles,  Automobiles,  Automobiles,  Automobiles,  Automobiles,  Automobiles,Depreciation and Amortization,  Automobiles,  Automobiles,  Automobiles,  Automobiles,  Automobiles,  Automobiles,  Automobiles,  Automobiles,  Automobiles,  Automobiles,  Automobiles,  Automobiles,  Automobiles,  Automobiles,  Automobiles,  Automobiles,  Automobiles,  Automobiles,Depreciation,  Automobiles,  Automobiles,  Automobiles,  Automobiles,  Automobiles,  Automobiles,  Automobiles,  Automobiles,  Automobiles,  Automobiles,  Automobiles,  Automobiles,  Automobiles,  Automobiles,  Automobiles,  Automobiles,  Automobiles,  Automobiles,R&D Expenses,  Automobiles,  Automobiles,  Automobiles,  Automobiles,  Automobiles,  Automobiles,  Automobiles,  Automobiles,  Automobiles,  Automobiles,  Automobiles,  Automobiles,  Automobiles,  Automobiles,  Automobiles,  Automobiles,  Automobiles,  Automobiles,Capital Expenditures,  Automobiles,  Automobiles,  Automobiles,  Automobiles,  Automobiles,  Automobiles,  Automobiles,  Automobiles,  Automobiles,  Automobiles,  Automobiles,  Automobiles,  Automobiles,  Automobiles,  Automobiles,  Automobiles,  Automobiles,  Automobiles,Vehicles Sold - Worldwide,  Model 3 / Y,  Model 3 / Y,  Model S / X,  Model S / X,    Model X,    Model S,  Automobiles,  Automobiles,  Automobiles,  Automobiles,  Automobiles,  Automobiles,  Automobiles,  Automobiles,  Automobiles,  Automobiles,  Automobiles,  Automobiles,  Automobiles,  Automobiles,  Automobiles,  Automobiles,  Automobiles,  Automobiles,  Model 3,  Model 3,Vehicles Produced - Worldwide,  Model 3 / Y,  Model 3 / Y,  Model S / X,  Model S / X,  Automobiles,  Automobiles,  Automobiles,  Automobiles,  Automobiles,  Automobiles,  Automobiles,  Automobiles,  Automobiles,  Automobiles,  Automobiles,  Automobiles,  Automobiles,  Automobiles,  Automobiles,  Automobiles,  Automobiles,  Automobiles,  Model 3,  Model 3,Source: Bloomberg
12/31/2013,615.219,—,—,—,—,—,—,—,—,453.578,—,—,—,—,—,—,—,—,—,—,—,—,—,—,—,—,—,—,—,—,—,—,—,—,—,—,—,—,—,—,—,—,—,—,615.219,156.59,-13.353,6.229,0.092,-14.906,1.358,-16.264,738.494,0,2416.93,1749.81,37.585,—,68.454,-89.434,6892,—,615.219,4.367,5.05,610.852,601.627,9.225,458.628,—,—,—,—,—,—,—,—,453.578,—,—,—,—,—,—,—,—,—,—,—,—,—,—,—,—,—,—,—,—,—,—,—,—,—,—,—,—,—,4.367,5.05,—,—,—,—,—,—,—,—,—,453.578,—,—,—,—,—,—,—,—,—,—,—,—,—,—,—,—,—,—,—,—,—,—,—,—,—,—,—,—,—,156.59,—,—,—,—,—,—,—,—,453.578,—,—,—,—,—,—,—,—,—,—,—,—,—,—,—,—,—,—,—,615.219,156.59,-13.353,6.229,0.092,-14.906,1.358,-16.264,738.494,0,2416.93,1749.81,37.585,—,68.454,-89.434,6892,—,—,—,—,—,—,—,—,—,—,—,—,—,—,—,—,—,453.578,—,—,—,—,—,—,—,—,—,—,—,—,—,—,—,-13.353,615.219,156.59,-13.353,6.229,0.092,-14.906,1.358,-16.264,738.494,0,2416.93,1749.81,37.585,—,68.454,-89.434,6892,—,6.229,615.219,156.59,-13.353,6.229,0.092,-14.906,1.358,-16.264,738.494,0,2416.93,1749.81,37.585,—,68.454,-89.434,6892,—,0.092,615.219,156.59,-13.353,6.229,0.092,-14.906,1.358,-16.264,738.494,0,2416.93,1749.81,37.585,—,68.454,-89.434,6892,—,-14.906,615.219,156.59,-13.353,6.229,0.092,-14.906,1.358,-16.264,738.494,0,2416.93,1749.81,37.585,—,68.454,-89.434,6892,—,1.358,615.219,156.59,-13.353,6.229,0.092,-14.906,1.358,-16.264,738.494,0,2416.93,1749.81,37.585,—,68.454,-89.434,6892,—,-16.264,615.219,156.59,-13.353,6.229,0.092,-14.906,1.358,-16.264,738.494,0,2416.93,1749.81,37.585,—,68.454,-89.434,6892,—,—,—,—,—,—,—,—,—,—,—,—,—,—,—,—,—,—,—,—,—,—,—,—,453.578,—,—,—,—,—,—,—,—,—,—,—,—,—,—,—,—,—,—,—,—,—,—,—,—,—,—,—,—,—,—,—,—,—,—,453.578,—,—,—,—,—,—,—,—,—,—,—,—,—,—,—,—,—,—,—,—,—,—,738.494,615.219,156.59,-13.353,6.229,0.092,-14.906,1.358,-16.264,738.494,0,2416.93,1749.81,37.585,—,68.454,-89.434,6892,—,0,615.219,156.59,-13.353,6.229,0.092,-14.906,1.358,-16.264,738.494,0,2416.93,1749.81,37.585,—,68.454,-89.434,6892,—,2416.93,615.219,156.59,-13.353,6.229,0.092,-14.906,1.358,-16.264,738.494,0,2416.93,1749.81,37.585,—,68.454,-89.434,6892,—,1749.81,615.219,156.59,-13.353,6.229,0.092,-14.906,1.358,-16.264,738.494,0,2416.93,1749.81,37.585,—,68.454,-89.434,6892,—,37.585,615.219,156.59,-13.353,6.229,0.092,-14.906,1.358,-16.264,738.494,0,2416.93,1749.81,37.585,—,68.454,-89.434,6892,—,—,615.219,156.59,-13.353,6.229,0.092,-14.906,1.358,-16.264,738.494,0,2416.93,1749.81,37.585,—,68.454,-89.434,6892,—,68.454,615.219,156.59,-13.353,6.229,0.092,-14.906,1.358,-16.264,738.494,0,2416.93,1749.81,37.585,—,68.454,-89.434,6892,—,-89.434,615.219,156.59,-13.353,6.229,0.092,-14.906,1.358,-16.264,738.494,0,2416.93,1749.81,37.585,—,68.454,-89.434,6892,—,6892,—,—,—,—,—,—,615.219,156.59,-13.353,6.229,0.092,-14.906,1.358,-16.264,738.494,0,2416.93,1749.81,37.585,—,68.454,-89.434,6892,—,—,—,—,—,—,—,—,615.219,156.59,-13.353,6.229,0.092,-14.906,1.358,-16.264,738.494,0,2416.93,1749.81,37.585,—,68.454,-89.434,6892,—,—,—,
03/31/2014,620.542,—,—,—,—,—,—,—,—,462.471,—,—,—,—,—,—,—,—,—,—,—,—,—,—,—,—,—,—,—,—,—,—,—,—,—,—,—,—,—,—,—,—,—,—,620.542,155.128,-43.967,11.883,0.141,-48.991,0.809,-49.8,849.389,—,4500.41,3518.412,44.268,—,81.544,-141.364,6457,—,620.542,1.731,2.943,618.811,602.522,16.289,465.414,—,—,—,—,—,—,—,—,462.471,—,—,—,—,—,—,—,—,—,—,—,—,—,—,—,—,—,—,—,—,—,—,—,—,—,—,—,—,—,1.731,2.943,—,—,—,—,—,—,—,—,—,462.471,—,—,—,—,—,—,—,—,—,—,—,—,—,—,—,—,—,—,—,—,—,—,—,—,—,—,—,—,—,155.128,—,—,—,—,—,—,—,—,462.471,—,—,—,—,—,—,—,—,—,—,—,—,—,—,—,—,—,—,—,620.542,155.128,-43.967,11.883,0.141,-48.991,0.809,-49.8,849.389,—,4500.41,3518.412,44.268,—,81.544,-141.364,6457,—,—,—,—,—,—,—,—,—,—,—,—,—,—,—,—,—,462.471,—,—,—,—,—,—,—,—,—,—,—,—,—,—,—,-43.967,620.542,155.128,-43.967,11.883,0.141,-48.991,0.809,-49.8,849.389,—,4500.41,3518.412,44.268,—,81.544,-141.364,6457,—,11.883,620.542,155.128,-43.967,11.883,0.141,-48.991,0.809,-49.8,849.389,—,4500.41,3518.412,44.268,—,81.544,-141.364,6457,—,0.141,620.542,155.128,-43.967,11.883,0.141,-48.991,0.809,-49.8,849.389,—,4500.41,3518.412,44.268,—,81.544,-141.364,6457,—,-48.991,620.542,155.128,-43.967,11.883,0.141,-48.991,0.809,-49.8,849.389,—,4500.41,3518.412,44.268,—,81.544,-141.364,6457,—,0.809,620.542,155.128,-43.967,11.883,0.141,-48.991,0.809,-49.8,849.389,—,4500.41,3518.412,44.268,—,81.544,-141.364,6457,—,-49.8,620.542,155.128,-43.967,11.883,0.141,-48.991,0.809,-49.8,849.389,—,4500.41,3518.412,44.268,—,81.544,-141.364,6457,—,—,—,—,—,—,—,—,—,—,—,—,—,—,—,—,—,—,—,—,—,—,—,—,462.471,—,—,—,—,—,—,—,—,—,—,—,—,—,—,—,—,—,—,—,—,—,—,—,—,—,—,—,—,—,—,—,—,—,—,462.471,—,—,—,—,—,—,—,—,—,—,—,—,—,—,—,—,—,—,—,—,—,—,849.389,620.542,155.128,-43.967,11.883,0.141,-48.991,0.809,-49.8,849.389,—,4500.41,3518.412,44.268,—,81.544,-141.364,6457,—,—,620.542,155.128,-43.967,11.883,0.141,-48.991,0.809,-49.8,849.389,—,4500.41,3518.412,44.268,—,81.544,-141.364,6457,—,4500.41,620.542,155.128,-43.967,11.883,0.141,-48.991,0.809,-49.8,849.389,—,4500.41,3518.412,44.268,—,81.544,-141.364,6457,—,3518.412,620.542,155.128,-43.967,11.883,0.141,-48.991,0.809,-49.8,849.389,—,4500.41,3518.412,44.268,—,81.544,-141.364,6457,—,44.268,620.542,155.128,-43.967,11.883,0.141,-48.991,0.809,-49.8,849.389,—,4500.41,3518.412,44.268,—,81.544,-141.364,6457,—,—,620.542,155.128,-43.967,11.883,0.141,-48.991,0.809,-49.8,849.389,—,4500.41,3518.412,44.268,—,81.544,-141.364,6457,—,81.544,620.542,155.128,-43.967,11.883,0.141,-48.991,0.809,-49.8,849.389,—,4500.41,3518.412,44.268,—,81.544,-141.364,6457,—,-141.364,620.542,155.128,-43.967,11.883,0.141,-48.991,0.809,-49.8,849.389,—,4500.41,3518.412,44.268,—,81.544,-141.364,6457,—,6457,—,—,—,—,—,—,620.542,155.128,-43.967,11.883,0.141,-48.991,0.809,-49.8,849.389,—,4500.41,3518.412,44.268,—,81.544,-141.364,6457,—,—,—,—,—,—,—,—,620.542,155.128,-43.967,11.883,0.141,-48.991,0.809,-49.8,849.389,—,4500.41,3518.412,44.268,—,81.544,-141.364,6457,—,—,—,
06/30/2014,769.349,—,—,—,—,—,—,—,—,519.811,—,—,—,—,—,—,—,—,—,—,—,—,—,—,—,—,—,—,—,—,—,—,—,—,—,—,—,—,—,—,—,—,—,—,769.349,212.995,-28.753,31.238,0.467,-60.75,1.15,-61.9,1035.822,—,5054.463,4036.047,54.715,—,107.717,-175.685,7579,—,769.349,1.107,36.543,768.242,743.851,24.391,556.354,—,—,—,—,—,—,—,—,519.811,—,—,—,—,—,—,—,—,—,—,—,—,—,—,—,—,—,—,—,—,—,—,—,—,—,—,—,—,—,1.107,36.543,—,—,—,—,—,—,—,—,—,519.811,—,—,—,—,—,—,—,—,—,—,—,—,—,—,—,—,—,—,—,—,—,—,—,—,—,—,—,—,—,212.995,—,—,—,—,—,—,—,—,519.811,—,—,—,—,—,—,—,—,—,—,—,—,—,—,—,—,—,—,—,769.349,212.995,-28.753,31.238,0.467,-60.75,1.15,-61.9,1035.822,—,5054.463,4036.047,54.715,—,107.717,-175.685,7579,—,—,—,—,—,—,—,—,—,—,—,—,—,—,—,—,—,519.811,—,—,—,—,—,—,—,—,—,—,—,—,—,—,—,-28.753,769.349,212.995,-28.753,31.238,0.467,-60.75,1.15,-61.9,1035.822,—,5054.463,4036.047,54.715,—,107.717,-175.685,7579,—,31.238,769.349,212.995,-28.753,31.238,0.467,-60.75,1.15,-61.9,1035.822,—,5054.463,4036.047,54.715,—,107.717,-175.685,7579,—,0.467,769.349,212.995,-28.753,31.238,0.467,-60.75,1.15,-61.9,1035.822,—,5054.463,4036.047,54.715,—,107.717,-175.685,7579,—,-60.75,769.349,212.995,-28.753,31.238,0.467,-60.75,1.15,-61.9,1035.822,—,5054.463,4036.047,54.715,—,107.717,-175.685,7579,—,1.15,769.349,212.995,-28.753,31.238,0.467,-60.75,1.15,-61.9,1035.822,—,5054.463,4036.047,54.715,—,107.717,-175.685,7579,—,-61.9,769.349,212.995,-28.753,31.238,0.467,-60.75,1.15,-61.9,1035.822,—,5054.463,4036.047,54.715,—,107.717,-175.685,7579,—,—,—,—,—,—,—,—,—,—,—,—,—,—,—,—,—,—,—,—,—,—,—,—,519.811,—,—,—,—,—,—,—,—,—,—,—,—,—,—,—,—,—,—,—,—,—,—,—,—,—,—,—,—,—,—,—,—,—,—,519.811,—,—,—,—,—,—,—,—,—,—,—,—,—,—,—,—,—,—,—,—,—,—,1035.822,769.349,212.995,-28.753,31.238,0.467,-60.75,1.15,-61.9,1035.822,—,5054.463,4036.047,54.715,—,107.717,-175.685,7579,—,—,769.349,212.995,-28.753,31.238,0.467,-60.75,1.15,-61.9,1035.822,—,5054.463,4036.047,54.715,—,107.717,-175.685,7579,—,5054.463,769.349,212.995,-28.753,31.238,0.467,-60.75,1.15,-61.9,1035.822,—,5054.463,4036.047,54.715,—,107.717,-175.685,7579,—,4036.047,769.349,212.995,-28.753,31.238,0.467,-60.75,1.15,-61.9,1035.822,—,5054.463,4036.047,54.715,—,107.717,-175.685,7579,—,54.715,769.349,212.995,-28.753,31.238,0.467,-60.75,1.15,-61.9,1035.822,—,5054.463,4036.047,54.715,—,107.717,-175.685,7579,—,—,769.349,212.995,-28.753,31.238,0.467,-60.75,1.15,-61.9,1035.822,—,5054.463,4036.047,54.715,—,107.717,-175.685,7579,—,107.717,769.349,212.995,-28.753,31.238,0.467,-60.75,1.15,-61.9,1035.822,—,5054.463,4036.047,54.715,—,107.717,-175.685,7579,—,-175.685,769.349,212.995,-28.753,31.238,0.467,-60.75,1.15,-61.9,1035.822,—,5054.463,4036.047,54.715,—,107.717,-175.685,7579,—,7579,—,—,—,—,—,—,769.349,212.995,-28.753,31.238,0.467,-60.75,1.15,-61.9,1035.822,—,5054.463,4036.047,54.715,—,107.717,-175.685,7579,—,—,—,—,—,—,—,—,769.349,212.995,-28.753,31.238,0.467,-60.75,1.15,-61.9,1035.822,—,5054.463,4036.047,54.715,—,107.717,-175.685,7579,—,—,—,
09/30/2014,851.804,—,—,—,—,—,—,—,—,552.987,—,—,—,—,—,—,—,—,—,—,—,—,—,—,—,—,—,—,—,—,—,—,—,—,—,—,—,—,—,—,—,—,—,—,851.804,251.851,-39.129,29.062,0.3,-70.981,3.727,-74.708,1404.326,—,5437.533,4417.278,64.972,40.2,135.873,-284.175,7785,—,851.804,2.795,46.966,849.009,818.119,30.89,599.953,—,—,—,—,—,—,—,—,552.987,—,—,—,—,—,—,—,—,—,—,—,—,—,—,—,—,—,—,—,—,—,—,—,—,—,—,—,—,—,2.795,46.966,—,—,—,—,—,—,—,—,—,552.987,—,—,—,—,—,—,—,—,—,—,—,—,—,—,—,—,—,—,—,—,—,—,—,—,—,—,—,—,—,251.851,—,—,—,—,—,—,—,—,552.987,—,—,—,—,—,—,—,—,—,—,—,—,—,—,—,—,—,—,—,851.804,251.851,-39.129,29.062,0.3,-70.981,3.727,-74.708,1404.326,—,5437.533,4417.278,64.972,40.2,135.873,-284.175,7785,—,—,—,—,—,—,—,—,—,—,—,—,—,—,—,—,—,552.987,—,—,—,—,—,—,—,—,—,—,—,—,—,—,—,-39.129,851.804,251.851,-39.129,29.062,0.3,-70.981,3.727,-74.708,1404.326,—,5437.533,4417.278,64.972,40.2,135.873,-284.175,7785,—,29.062,851.804,251.851,-39.129,29.062,0.3,-70.981,3.727,-74.708,1404.326,—,5437.533,4417.278,64.972,40.2,135.873,-284.175,7785,—,0.3,851.804,251.851,-39.129,29.062,0.3,-70.981,3.727,-74.708,1404.326,—,5437.533,4417.278,64.972,40.2,135.873,-284.175,7785,—,-70.981,851.804,251.851,-39.129,29.062,0.3,-70.981,3.727,-74.708,1404.326,—,5437.533,4417.278,64.972,40.2,135.873,-284.175,7785,—,3.727,851.804,251.851,-39.129,29.062,0.3,-70.981,3.727,-74.708,1404.326,—,5437.533,4417.278,64.972,40.2,135.873,-284.175,7785,—,-74.708,851.804,251.851,-39.129,29.062,0.3,-70.981,3.727,-74.708,1404.326,—,5437.533,4417.278,64.972,40.2,135.873,-284.175,7785,—,—,—,—,—,—,—,—,—,—,—,—,—,—,—,—,—,—,—,—,—,—,—,—,552.987,—,—,—,—,—,—,—,—,—,—,—,—,—,—,—,—,—,—,—,—,—,—,—,—,—,—,—,—,—,—,—,—,—,—,552.987,—,—,—,—,—,—,—,—,—,—,—,—,—,—,—,—,—,—,—,—,—,—,1404.326,851.804,251.851,-39.129,29.062,0.3,-70.981,3.727,-74.708,1404.326,—,5437.533,4417.278,64.972,40.2,135.873,-284.175,7785,—,—,851.804,251.851,-39.129,29.062,0.3,-70.981,3.727,-74.708,1404.326,—,5437.533,4417.278,64.972,40.2,135.873,-284.175,7785,—,5437.533,851.804,251.851,-39.129,29.062,0.3,-70.981,3.727,-74.708,1404.326,—,5437.533,4417.278,64.972,40.2,135.873,-284.175,7785,—,4417.278,851.804,251.851,-39.129,29.062,0.3,-70.981,3.727,-74.708,1404.326,—,5437.533,4417.278,64.972,40.2,135.873,-284.175,7785,—,64.972,851.804,251.851,-39.129,29.062,0.3,-70.981,3.727,-74.708,1404.326,—,5437.533,4417.278,64.972,40.2,135.873,-284.175,7785,—,40.2,851.804,251.851,-39.129,29.062,0.3,-70.981,3.727,-74.708,1404.326,—,5437.533,4417.278,64.972,40.2,135.873,-284.175,7785,—,135.873,851.804,251.851,-39.129,29.062,0.3,-70.981,3.727,-74.708,1404.326,—,5437.533,4417.278,64.972,40.2,135.873,-284.175,7785,—,-284.175,851.804,251.851,-39.129,29.062,0.3,-70.981,3.727,-74.708,1404.326,—,5437.533,4417.278,64.972,40.2,135.873,-284.175,7785,—,7785,—,—,—,—,—,—,851.804,251.851,-39.129,29.062,0.3,-70.981,3.727,-74.708,1404.326,—,5437.533,4417.278,64.972,40.2,135.873,-284.175,7785,—,—,—,—,—,—,—,—,851.804,251.851,-39.129,29.062,0.3,-70.981,3.727,-74.708,1404.326,—,5437.533,4417.278,64.972,40.2,135.873,-284.175,7785,—,—,—,
12/31/2014,956.661,—,—,—,—,—,—,—,—,694.964,—,—,—,—,—,—,—,—,—,—,—,—,—,—,—,—,—,—,—,—,—,—,—,—,—,—,—,—,—,—,—,—,—,—,956.661,261.697,-74.838,28.703,0.219,-103.91,3.719,-107.629,1829.267,0,5830.667,4860.761,67.976,50.8,139.565,-368.661,9834,—,956.661,0,0,956.661,914.923,41.738,694.964,—,—,—,—,—,—,—,—,694.964,—,—,—,—,—,—,—,—,—,—,—,—,—,—,—,—,—,—,—,—,—,—,—,—,—,—,—,—,—,0,0,—,—,—,—,—,—,—,—,—,694.964,—,—,—,—,—,—,—,—,—,—,—,—,—,—,—,—,—,—,—,—,—,—,—,—,—,—,—,—,—,261.697,—,—,—,—,—,—,—,—,694.964,—,—,—,—,—,—,—,—,—,—,—,—,—,—,—,—,—,—,—,956.661,261.697,-74.838,28.703,0.219,-103.91,3.719,-107.629,1829.267,0,5830.667,4860.761,67.976,50.8,139.565,-368.661,9834,—,—,—,—,—,—,—,—,—,—,—,—,—,—,—,—,—,694.964,—,—,—,—,—,—,—,—,—,—,—,—,—,—,—,-74.838,956.661,261.697,-74.838,28.703,0.219,-103.91,3.719,-107.629,1829.267,0,5830.667,4860.761,67.976,50.8,139.565,-368.661,9834,—,28.703,956.661,261.697,-74.838,28.703,0.219,-103.91,3.719,-107.629,1829.267,0,5830.667,4860.761,67.976,50.8,139.565,-368.661,9834,—,0.219,956.661,261.697,-74.838,28.703,0.219,-103.91,3.719,-107.629,1829.267,0,5830.667,4860.761,67.976,50.8,139.565,-368.661,9834,—,-103.91,956.661,261.697,-74.838,28.703,0.219,-103.91,3.719,-107.629,1829.267,0,5830.667,4860.761,67.976,50.8,139.565,-368.661,9834,—,3.719,956.661,261.697,-74.838,28.703,0.219,-103.91,3.719,-107.629,1829.267,0,5830.667,4860.761,67.976,50.8,139.565,-368.661,9834,—,-107.629,956.661,261.697,-74.838,28.703,0.219,-103.91,3.719,-107.629,1829.267,0,5830.667,4860.761,67.976,50.8,139.565,-368.661,9834,—,—,—,—,—,—,—,—,—,—,—,—,—,—,—,—,—,—,—,—,—,—,—,—,694.964,—,—,—,—,—,—,—,—,—,—,—,—,—,—,—,—,—,—,—,—,—,—,—,—,—,—,—,—,—,—,—,—,—,—,694.964,—,—,—,—,—,—,—,—,—,—,—,—,—,—,—,—,—,—,—,—,—,—,1829.267,956.661,261.697,-74.838,28.703,0.219,-103.91,3.719,-107.629,1829.267,0,5830.667,4860.761,67.976,50.8,139.565,-368.661,9834,—,0,956.661,261.697,-74.838,28.703,0.219,-103.91,3.719,-107.629,1829.267,0,5830.667,4860.761,67.976,50.8,139.565,-368.661,9834,—,5830.667,956.661,261.697,-74.838,28.703,0.219,-103.91,3.719,-107.629,1829.267,0,5830.667,4860.761,67.976,50.8,139.565,-368.661,9834,—,4860.761,956.661,261.697,-74.838,28.703,0.219,-103.91,3.719,-107.629,1829.267,0,5830.667,4860.761,67.976,50.8,139.565,-368.661,9834,—,67.976,956.661,261.697,-74.838,28.703,0.219,-103.91,3.719,-107.629,1829.267,0,5830.667,4860.761,67.976,50.8,139.565,-368.661,9834,—,50.8,956.661,261.697,-74.838,28.703,0.219,-103.91,3.719,-107.629,1829.267,0,5830.667,4860.761,67.976,50.8,139.565,-368.661,9834,—,139.565,956.661,261.697,-74.838,28.703,0.219,-103.91,3.719,-107.629,1829.267,0,5830.667,4860.761,67.976,50.8,139.565,-368.661,9834,—,-368.661,956.661,261.697,-74.838,28.703,0.219,-103.91,3.719,-107.629,1829.267,0,5830.667,4860.761,67.976,50.8,139.565,-368.661,9834,—,9834,—,—,—,—,—,—,956.661,261.697,-74.838,28.703,0.219,-103.91,3.719,-107.629,1829.267,0,5830.667,4860.761,67.976,50.8,139.565,-368.661,9834,—,—,—,—,—,—,—,—,956.661,261.697,-74.838,28.703,0.219,-103.91,3.719,-107.629,1829.267,0,5830.667,4860.761,67.976,50.8,139.565,-368.661,9834,—,—,—,
03/31/2015,939.88,—,—,—,—,—,—,—,—,631.745,—,—,—,—,—,—,—,—,—,—,—,—,—,—,—,—,—,—,—,—,—,—,—,—,—,—,—,—,—,—,—,—,—,—,939.88,260.073,-102.446,26.574,0.184,-151.141,3.04,-154.181,2224.191,—,6120.03,5239.756,77.112,—,167.154,-426.06,10045,11160,939.88,46.56,48.062,893.32,—,—,679.807,—,—,—,—,—,—,—,—,631.745,—,—,—,—,—,—,—,—,—,—,—,—,—,—,—,—,—,—,—,—,—,—,—,—,—,—,—,—,—,46.56,48.062,—,—,—,—,—,—,—,—,—,631.745,—,—,—,—,—,—,—,—,—,—,—,—,—,—,—,—,—,—,—,—,—,—,—,—,—,—,—,—,—,260.073,—,—,—,—,—,—,—,—,631.745,—,—,—,—,—,—,—,—,—,—,—,—,—,—,—,—,—,—,—,939.88,260.073,-102.446,26.574,0.184,-151.141,3.04,-154.181,2224.191,—,6120.03,5239.756,77.112,—,167.154,-426.06,10045,11160,—,—,—,—,—,—,—,—,—,—,—,—,—,—,—,—,631.745,—,—,—,—,—,—,—,—,—,—,—,—,—,—,—,-102.446,939.88,260.073,-102.446,26.574,0.184,-151.141,3.04,-154.181,2224.191,—,6120.03,5239.756,77.112,—,167.154,-426.06,10045,11160,26.574,939.88,260.073,-102.446,26.574,0.184,-151.141,3.04,-154.181,2224.191,—,6120.03,5239.756,77.112,—,167.154,-426.06,10045,11160,0.184,939.88,260.073,-102.446,26.574,0.184,-151.141,3.04,-154.181,2224.191,—,6120.03,5239.756,77.112,—,167.154,-426.06,10045,11160,-151.141,939.88,260.073,-102.446,26.574,0.184,-151.141,3.04,-154.181,2224.191,—,6120.03,5239.756,77.112,—,167.154,-426.06,10045,11160,3.04,939.88,260.073,-102.446,26.574,0.184,-151.141,3.04,-154.181,2224.191,—,6120.03,5239.756,77.112,—,167.154,-426.06,10045,11160,-154.181,939.88,260.073,-102.446,26.574,0.184,-151.141,3.04,-154.181,2224.191,—,6120.03,5239.756,77.112,—,167.154,-426.06,10045,11160,—,—,—,—,—,—,—,—,—,—,—,—,—,—,—,—,—,—,—,—,—,—,—,631.745,—,—,—,—,—,—,—,—,—,—,—,—,—,—,—,—,—,—,—,—,—,—,—,—,—,—,—,—,—,—,—,—,—,—,631.745,—,—,—,—,—,—,—,—,—,—,—,—,—,—,—,—,—,—,—,—,—,—,2224.191,939.88,260.073,-102.446,26.574,0.184,-151.141,3.04,-154.181,2224.191,—,6120.03,5239.756,77.112,—,167.154,-426.06,10045,11160,—,939.88,260.073,-102.446,26.574,0.184,-151.141,3.04,-154.181,2224.191,—,6120.03,5239.756,77.112,—,167.154,-426.06,10045,11160,6120.03,939.88,260.073,-102.446,26.574,0.184,-151.141,3.04,-154.181,2224.191,—,6120.03,5239.756,77.112,—,167.154,-426.06,10045,11160,5239.756,939.88,260.073,-102.446,26.574,0.184,-151.141,3.04,-154.181,2224.191,—,6120.03,5239.756,77.112,—,167.154,-426.06,10045,11160,77.112,939.88,260.073,-102.446,26.574,0.184,-151.141,3.04,-154.181,2224.191,—,6120.03,5239.756,77.112,—,167.154,-426.06,10045,11160,—,939.88,260.073,-102.446,26.574,0.184,-151.141,3.04,-154.181,2224.191,—,6120.03,5239.756,77.112,—,167.154,-426.06,10045,11160,167.154,939.88,260.073,-102.446,26.574,0.184,-151.141,3.04,-154.181,2224.191,—,6120.03,5239.756,77.112,—,167.154,-426.06,10045,11160,-426.06,939.88,260.073,-102.446,26.574,0.184,-151.141,3.04,-154.181,2224.191,—,6120.03,5239.756,77.112,—,167.154,-426.06,10045,11160,10045,—,—,—,—,—,—,939.88,260.073,-102.446,26.574,0.184,-151.141,3.04,-154.181,2224.191,—,6120.03,5239.756,77.112,—,167.154,-426.06,10045,11160,—,—,11160,—,—,—,—,939.88,260.073,-102.446,26.574,0.184,-151.141,3.04,-154.181,2224.191,—,6120.03,5239.756,77.112,—,167.154,-426.06,10045,11160,—,—,
06/30/2015,954.976,—,—,—,—,—,—,—,—,666.386,—,—,—,—,—,—,—,—,—,—,—,—,—,—,—,—,—,—,—,—,—,—,—,—,—,—,—,—,—,—,—,—,—,—,954.976,213.37,-170.188,24.352,0.247,-181.06,3.167,-184.227,2646.017,—,6468.185,5701.978,91.389,—,181.712,-405.165,11532,12807,954.976,76.886,75.22,878.09,—,—,741.606,—,—,—,—,—,—,—,—,666.386,—,—,—,—,—,—,—,—,—,—,—,—,—,—,—,—,—,—,—,—,—,—,—,—,—,—,—,—,—,76.886,75.22,—,—,—,—,—,—,—,—,—,666.386,—,—,—,—,—,—,—,—,—,—,—,—,—,—,—,—,—,—,—,—,—,—,—,—,—,—,—,—,—,213.37,—,—,—,—,—,—,—,—,666.386,—,—,—,—,—,—,—,—,—,—,—,—,—,—,—,—,—,—,—,954.976,213.37,-170.188,24.352,0.247,-181.06,3.167,-184.227,2646.017,—,6468.185,5701.978,91.389,—,181.712,-405.165,11532,12807,—,—,—,—,—,—,—,—,—,—,—,—,—,—,—,—,666.386,—,—,—,—,—,—,—,—,—,—,—,—,—,—,—,-170.188,954.976,213.37,-170.188,24.352,0.247,-181.06,3.167,-184.227,2646.017,—,6468.185,5701.978,91.389,—,181.712,-405.165,11532,12807,24.352,954.976,213.37,-170.188,24.352,0.247,-181.06,3.167,-184.227,2646.017,—,6468.185,5701.978,91.389,—,181.712,-405.165,11532,12807,0.247,954.976,213.37,-170.188,24.352,0.247,-181.06,3.167,-184.227,2646.017,—,6468.185,5701.978,91.389,—,181.712,-405.165,11532,12807,-181.06,954.976,213.37,-170.188,24.352,0.247,-181.06,3.167,-184.227,2646.017,—,6468.185,5701.978,91.389,—,181.712,-405.165,11532,12807,3.167,954.976,213.37,-170.188,24.352,0.247,-181.06,3.167,-184.227,2646.017,—,6468.185,5701.978,91.389,—,181.712,-405.165,11532,12807,-184.227,954.976,213.37,-170.188,24.352,0.247,-181.06,3.167,-184.227,2646.017,—,6468.185,5701.978,91.389,—,181.712,-405.165,11532,12807,—,—,—,—,—,—,—,—,—,—,—,—,—,—,—,—,—,—,—,—,—,—,—,666.386,—,—,—,—,—,—,—,—,—,—,—,—,—,—,—,—,—,—,—,—,—,—,—,—,—,—,—,—,—,—,—,—,—,—,666.386,—,—,—,—,—,—,—,—,—,—,—,—,—,—,—,—,—,—,—,—,—,—,2646.017,954.976,213.37,-170.188,24.352,0.247,-181.06,3.167,-184.227,2646.017,—,6468.185,5701.978,91.389,—,181.712,-405.165,11532,12807,—,954.976,213.37,-170.188,24.352,0.247,-181.06,3.167,-184.227,2646.017,—,6468.185,5701.978,91.389,—,181.712,-405.165,11532,12807,6468.185,954.976,213.37,-170.188,24.352,0.247,-181.06,3.167,-184.227,2646.017,—,6468.185,5701.978,91.389,—,181.712,-405.165,11532,12807,5701.978,954.976,213.37,-170.188,24.352,0.247,-181.06,3.167,-184.227,2646.017,—,6468.185,5701.978,91.389,—,181.712,-405.165,11532,12807,91.389,954.976,213.37,-170.188,24.352,0.247,-181.06,3.167,-184.227,2646.017,—,6468.185,5701.978,91.389,—,181.712,-405.165,11532,12807,—,954.976,213.37,-170.188,24.352,0.247,-181.06,3.167,-184.227,2646.017,—,6468.185,5701.978,91.389,—,181.712,-405.165,11532,12807,181.712,954.976,213.37,-170.188,24.352,0.247,-181.06,3.167,-184.227,2646.017,—,6468.185,5701.978,91.389,—,181.712,-405.165,11532,12807,-405.165,954.976,213.37,-170.188,24.352,0.247,-181.06,3.167,-184.227,2646.017,—,6468.185,5701.978,91.389,—,181.712,-405.165,11532,12807,11532,—,—,—,—,—,—,954.976,213.37,-170.188,24.352,0.247,-181.06,3.167,-184.227,2646.017,—,6468.185,5701.978,91.389,—,181.712,-405.165,11532,12807,—,—,12807,—,—,—,—,954.976,213.37,-170.188,24.352,0.247,-181.06,3.167,-184.227,2646.017,—,6468.185,5701.978,91.389,—,181.712,-405.165,11532,12807,—,—,
09/30/2015,936.789,—,—,—,—,—,—,—,—,628.729,—,—,—,—,—,—,—,—,—,—,—,—,—,—,—,—,—,—,—,—,—,—,—,—,—,—,—,—,—,—,—,—,—,—,936.789,231.496,-183.662,29.308,0.327,-228.074,1.784,-229.858,3103.811,—,7547.497,6186.66,110.366,71.8,178.791,-392.403,11603,13091,936.789,84.234,76.564,852.555,—,—,705.293,—,—,—,—,—,—,—,—,628.729,—,—,—,—,—,—,—,—,—,—,—,—,—,—,—,—,—,—,—,—,—,—,—,—,—,—,—,—,—,84.234,76.564,—,—,—,—,—,—,—,—,—,628.729,—,—,—,—,—,—,—,—,—,—,—,—,—,—,—,—,—,—,—,—,—,—,—,—,—,—,—,—,—,231.496,—,—,—,—,—,—,—,—,628.729,—,—,—,—,—,—,—,—,—,—,—,—,—,—,—,—,—,—,—,936.789,231.496,-183.662,29.308,0.327,-228.074,1.784,-229.858,3103.811,—,7547.497,6186.66,110.366,71.8,178.791,-392.403,11603,13091,—,—,—,—,—,—,—,—,—,—,—,—,—,—,—,—,628.729,—,—,—,—,—,—,—,—,—,—,—,—,—,—,—,-183.662,936.789,231.496,-183.662,29.308,0.327,-228.074,1.784,-229.858,3103.811,—,7547.497,6186.66,110.366,71.8,178.791,-392.403,11603,13091,29.308,936.789,231.496,-183.662,29.308,0.327,-228.074,1.784,-229.858,3103.811,—,7547.497,6186.66,110.366,71.8,178.791,-392.403,11603,13091,0.327,936.789,231.496,-183.662,29.308,0.327,-228.074,1.784,-229.858,3103.811,—,7547.497,6186.66,110.366,71.8,178.791,-392.403,11603,13091,-228.074,936.789,231.496,-183.662,29.308,0.327,-228.074,1.784,-229.858,3103.811,—,7547.497,6186.66,110.366,71.8,178.791,-392.403,11603,13091,1.784,936.789,231.496,-183.662,29.308,0.327,-228.074,1.784,-229.858,3103.811,—,7547.497,6186.66,110.366,71.8,178.791,-392.403,11603,13091,-229.858,936.789,231.496,-183.662,29.308,0.327,-228.074,1.784,-229.858,3103.811,—,7547.497,6186.66,110.366,71.8,178.791,-392.403,11603,13091,—,—,—,—,—,—,—,—,—,—,—,—,—,—,—,—,—,—,—,—,—,—,—,628.729,—,—,—,—,—,—,—,—,—,—,—,—,—,—,—,—,—,—,—,—,—,—,—,—,—,—,—,—,—,—,—,—,—,—,628.729,—,—,—,—,—,—,—,—,—,—,—,—,—,—,—,—,—,—,—,—,—,—,3103.811,936.789,231.496,-183.662,29.308,0.327,-228.074,1.784,-229.858,3103.811,—,7547.497,6186.66,110.366,71.8,178.791,-392.403,11603,13091,—,936.789,231.496,-183.662,29.308,0.327,-228.074,1.784,-229.858,3103.811,—,7547.497,6186.66,110.366,71.8,178.791,-392.403,11603,13091,7547.497,936.789,231.496,-183.662,29.308,0.327,-228.074,1.784,-229.858,3103.811,—,7547.497,6186.66,110.366,71.8,178.791,-392.403,11603,13091,6186.66,936.789,231.496,-183.662,29.308,0.327,-228.074,1.784,-229.858,3103.811,—,7547.497,6186.66,110.366,71.8,178.791,-392.403,11603,13091,110.366,936.789,231.496,-183.662,29.308,0.327,-228.074,1.784,-229.858,3103.811,—,7547.497,6186.66,110.366,71.8,178.791,-392.403,11603,13091,71.8,936.789,231.496,-183.662,29.308,0.327,-228.074,1.784,-229.858,3103.811,—,7547.497,6186.66,110.366,71.8,178.791,-392.403,11603,13091,178.791,936.789,231.496,-183.662,29.308,0.327,-228.074,1.784,-229.858,3103.811,—,7547.497,6186.66,110.366,71.8,178.791,-392.403,11603,13091,-392.403,936.789,231.496,-183.662,29.308,0.327,-228.074,1.784,-229.858,3103.811,—,7547.497,6186.66,110.366,71.8,178.791,-392.403,11603,13091,11603,—,—,—,—,—,—,936.789,231.496,-183.662,29.308,0.327,-228.074,1.784,-229.858,3103.811,—,7547.497,6186.66,110.366,71.8,178.791,-392.403,11603,13091,—,—,13091,—,—,—,—,936.789,231.496,-183.662,29.308,0.327,-228.074,1.784,-229.858,3103.811,—,7547.497,6186.66,110.366,71.8,178.791,-392.403,11603,13091,—,—,
12/31/2015,1214.379,—,—,—,—,—,—,—,1117.007,896.441,—,219.56,19.7,—,—,1014.337,831.349,—,—,—,—,—,—,102.67,65.092,—,—,—,85.878,89.24,—,—,—,—,—,11.494,10.134,—,-0.96,11.8,—,—,—,—,—,—,—,—,—,—,—,—,—,—,—,—,—,—,—,—,—,—,—,—,—,—,—,—,995.815,—,—,—,—,—,—,—,1117.007,896.441,—,219.56,19.7,—,—,1014.337,831.349,—,—,—,102.67,65.092,—,—,—,85.878,89.24,—,—,—,—,—,11.494,10.134,—,-0.96,11.8,—,—,—,—,—,—,—,—,—,—,—,—,1117.007,896.441,—,219.56,19.7,—,—,1014.337,831.349,—,—,—,102.67,65.092,—,—,—,85.878,89.24,—,—,—,—,—,11.494,10.134,—,-0.96,11.8,—,—,218.6,—,—,—,—,—,—,—,1117.007,896.441,—,219.56,19.7,—,—,85.878,89.24,—,—,—,—,—,11.494,10.134,—,-0.96,11.8,—,—,—,—,—,—,—,—,—,—,—,—,—,—,—,—,—,—,—,—,—,11.494,10.134,—,-0.96,11.8,—,—,—,—,—,—,—,—,—,1117.007,896.441,—,219.56,19.7,—,—,—,—,—,85.878,89.24,—,—,—,—,—,—,—,—,—,—,—,—,—,—,—,—,—,—,—,—,—,—,—,—,—,—,—,—,—,—,—,—,—,—,—,—,—,—,—,—,—,—,—,—,—,—,—,—,—,—,—,—,—,—,—,—,—,—,—,—,—,—,—,—,—,—,—,—,—,—,—,—,—,—,—,—,—,—,—,—,—,—,—,—,—,—,—,—,—,—,—,—,—,—,—,—,—,—,—,—,—,—,—,—,—,—,—,—,—,—,—,—,—,—,—,—,—,—,—,—,11.494,10.134,—,-0.96,11.8,—,—,—,—,—,—,—,—,—,85.878,89.24,—,—,—,—,—,1117.007,896.441,—,219.56,19.7,—,—,—,—,—,1014.337,831.349,—,—,—,102.67,65.092,—,—,—,—,—,—,—,—,—,—,—,85.878,89.24,—,—,—,—,—,1117.007,896.441,—,219.56,19.7,—,—,1014.337,831.349,—,—,—,102.67,65.092,—,—,—,11.494,10.134,—,-0.96,11.8,—,—,—,—,—,—,—,—,—,—,—,—,—,—,—,—,—,—,—,—,—,—,—,—,—,—,—,—,—,—,—,—,—,—,—,—,—,—,—,—,—,—,—,—,—,—,—,—,—,—,—,—,—,—,—,—,—,—,—,—,—,—,—,—,—,—,—,—,—,—,—,—,—,—,—,—,—,—,—,—,—,—,—,—,—,—,—,—,—,—,—,—,—,—,—,—,—,—,—,—,—,—,—,—,—,—,—,—,—,—,—,—,—,—,—,—,—,—,—,—,—,—,—,—,—,—,—,—,—,—,—,—,—,—,—,—,—,—,—,—,—,—,—,—,—,—,—,—,—,—,—,—,—,—,17478,—,—,17478,14037,206,17272,—,—,—,—,—,—,—,—,—,—,—,—,—,—,—,—,—,—,—,—,14037,—,—,17478,14037,—,—,—,—,—,—,—,—,—,—,—,—,—,—,—,—,—,—,—,—,
03/31/2016,1147.048,—,—,—,—,—,—,—,1026.064,779.316,—,246.748,22,—,—,901.892,713.149,—,—,—,—,—,—,124.172,66.167,—,—,—,98.256,97.151,—,1.105,0.011246,—,—,22.728,18.113,—,4.615,20.3,—,—,—,—,—,—,—,—,—,—,—,—,—,—,—,—,—,—,—,—,—,—,—,—,—,—,—,—,894.58,—,—,—,—,—,—,—,1026.064,779.316,—,246.748,22,—,—,901.892,713.149,—,—,—,124.172,66.167,—,—,—,98.256,97.151,—,1.105,0.011246,—,—,22.728,18.113,—,4.615,20.3,—,—,—,—,—,—,—,—,—,—,—,—,1026.064,779.316,—,246.748,22,—,—,901.892,713.149,—,—,—,124.172,66.167,—,—,—,98.256,97.151,—,1.105,0.011246,—,—,22.728,18.113,—,4.615,20.3,—,—,252.468,—,—,—,—,—,—,—,1026.064,779.316,—,246.748,22,—,—,98.256,97.151,—,1.105,0.011246,—,—,22.728,18.113,—,4.615,20.3,—,—,—,—,—,—,—,—,—,—,—,—,—,—,—,—,—,—,—,—,—,22.728,18.113,—,4.615,20.3,—,—,—,—,—,—,—,—,—,1026.064,779.316,—,246.748,22,—,—,—,—,—,98.256,97.151,—,1.105,0.011246,—,—,—,—,—,—,—,—,—,—,—,—,—,—,—,—,—,—,—,—,—,—,—,—,—,—,—,—,—,—,—,—,—,—,—,—,—,—,—,—,—,—,—,—,—,—,—,—,—,—,—,—,—,—,—,—,—,—,—,—,—,—,—,—,—,—,—,—,—,—,—,—,—,—,—,—,—,—,—,—,—,—,—,—,—,—,—,—,—,—,—,—,—,—,—,—,—,—,—,—,—,—,—,—,—,—,—,—,—,—,—,—,—,—,—,—,—,22.728,18.113,—,4.615,20.3,—,—,—,—,—,—,—,—,—,98.256,97.151,—,1.105,0.011246,—,—,1026.064,779.316,—,246.748,22,—,—,—,—,—,901.892,713.149,—,—,—,124.172,66.167,—,—,—,—,—,—,—,—,—,—,—,98.256,97.151,—,1.105,0.011246,—,—,1026.064,779.316,—,246.748,22,—,—,901.892,713.149,—,—,—,124.172,66.167,—,—,—,22.728,18.113,—,4.615,20.3,—,—,—,—,—,—,—,—,—,—,—,—,—,—,—,—,—,—,—,—,—,—,—,—,—,—,—,—,—,—,—,—,—,—,—,—,—,—,—,—,—,—,—,—,—,—,—,—,—,—,—,—,—,—,—,—,—,—,—,—,—,—,—,—,—,—,—,—,—,—,—,—,—,—,—,—,—,—,—,—,—,—,—,—,—,—,—,—,—,—,—,—,—,—,—,—,—,—,—,—,—,—,—,—,—,—,—,—,—,—,—,—,—,—,—,—,—,—,—,—,—,—,—,—,—,—,—,—,—,—,—,—,—,—,—,—,—,—,—,—,—,—,—,—,—,—,—,—,—,—,—,—,—,—,14820,—,—,14820,15510,2400,12420,—,—,—,—,—,—,—,—,—,—,—,—,—,—,—,—,—,—,—,—,15510,—,—,14820,15510,—,—,—,—,—,—,—,—,—,—,—,—,—,—,—,—,—,—,—,—,
06/30/2016,1270.017,—,—,—,—,—,—,—,1181.852,909.282,—,272.57,23.1,—,—,1030.224,827.231,—,—,—,—,—,—,151.628,82.051,—,—,—,84.218,77.8,—,6.418,0.0762,—,—,3.947,8.159,—,-4.212,-106.7,—,—,—,—,—,—,—,—,—,—,—,—,—,—,—,—,—,—,—,—,—,—,—,—,—,—,—,—,995.241,—,—,—,—,—,—,—,1181.852,909.282,—,272.57,23.1,—,—,1030.224,827.231,—,—,—,151.628,82.051,—,—,—,84.218,77.8,—,6.418,0.0762,—,—,3.947,8.159,—,-4.212,-106.7,—,—,—,—,—,—,—,—,—,—,—,—,1181.852,909.282,—,272.57,23.1,—,—,1030.224,827.231,—,—,—,151.628,82.051,—,—,—,84.218,77.8,—,6.418,0.0762,—,—,3.947,8.159,—,-4.212,-106.7,—,—,274.776,—,—,—,—,—,—,—,1181.852,909.282,—,272.57,23.1,—,—,84.218,77.8,—,6.418,0.0762,—,—,3.947,8.159,—,-4.212,-106.7,—,—,—,—,—,—,—,—,—,—,—,—,—,—,—,—,—,—,—,—,—,3.947,8.159,—,-4.212,-106.7,—,—,—,—,—,—,—,—,—,1181.852,909.282,—,272.57,23.1,—,—,—,—,—,84.218,77.8,—,6.418,0.0762,—,—,—,—,—,—,—,—,—,—,—,—,—,—,—,—,—,—,—,—,—,—,—,—,—,—,—,—,—,—,—,—,—,—,—,—,—,—,—,—,—,—,—,—,—,—,—,—,—,—,—,—,—,—,—,—,—,—,—,—,—,—,—,—,—,—,—,—,—,—,—,—,—,—,—,—,—,—,—,—,—,—,—,—,—,—,—,—,—,—,—,—,—,—,—,—,—,—,—,—,—,—,—,—,—,—,—,—,—,—,—,—,—,—,—,—,—,3.947,8.159,—,-4.212,-106.7,—,—,—,—,—,—,—,—,—,84.218,77.8,—,6.418,0.0762,—,—,1181.852,909.282,—,272.57,23.1,—,—,—,—,—,1030.224,827.231,—,—,—,151.628,82.051,—,—,—,—,—,—,—,—,—,—,—,84.218,77.8,—,6.418,0.0762,—,—,1181.852,909.282,—,272.57,23.1,—,—,1030.224,827.231,—,—,—,151.628,82.051,—,—,—,3.947,8.159,—,-4.212,-106.7,—,—,—,—,—,—,—,—,—,—,—,—,—,—,—,—,—,—,—,—,—,—,—,—,—,—,—,—,—,—,—,—,—,—,—,—,—,—,—,—,—,—,—,—,—,—,—,—,—,—,—,—,—,—,—,—,—,—,—,—,—,—,—,—,—,—,—,—,—,—,—,—,—,—,—,—,—,—,—,—,—,—,—,—,—,—,—,—,—,—,—,—,—,—,—,—,—,—,—,—,—,—,—,—,—,—,—,—,—,—,—,—,—,—,—,—,—,—,—,—,—,—,—,—,—,—,—,—,—,—,—,—,—,—,—,—,—,—,—,—,—,—,—,—,—,—,—,—,—,—,—,—,—,—,14402,—,—,14402,18345,4638,9764,—,—,—,—,—,—,—,—,—,—,—,—,—,—,—,—,—,—,—,—,18345,—,—,14402,18345,—,—,—,—,—,—,—,—,—,—,—,—,—,—,—,—,—,—,—,—,
09/30/2016,2298.436,—,—,—,—,—,—,—,2148.727,1517.061,—,631.666,29.4,—,—,1917.442,1355.102,—,—,—,—,—,—,231.285,161.959,—,—,—,126.375,120.359,—,6.016,0.0476,—,—,23.334,24.281,—,-0.947,-4.1,—,—,—,—,—,—,—,—,—,—,—,—,—,—,—,—,—,—,—,—,—,—,—,—,—,—,—,—,1661.701,—,—,—,—,—,—,—,2148.727,1517.061,—,631.666,29.4,—,—,1917.442,1355.102,—,—,—,231.285,161.959,—,—,—,126.375,120.359,—,6.016,0.0476,—,—,23.334,24.281,—,-0.947,-4.1,—,—,—,—,—,—,—,—,—,—,—,—,2148.727,1517.061,—,631.666,29.4,—,—,1917.442,1355.102,—,—,—,231.285,161.959,—,—,—,126.375,120.359,—,6.016,0.0476,—,—,23.334,24.281,—,-0.947,-4.1,—,—,636.735,—,—,—,—,—,—,—,2148.727,1517.061,—,631.666,29.4,—,—,126.375,120.359,—,6.016,0.0476,—,—,23.334,24.281,—,-0.947,-4.1,—,—,—,—,—,—,—,—,—,—,—,—,—,—,—,—,—,—,—,—,—,23.334,24.281,—,-0.947,-4.1,—,—,—,—,—,—,—,—,—,2148.727,1517.061,—,631.666,29.4,—,—,—,—,—,126.375,120.359,—,6.016,0.0476,—,—,—,—,—,—,—,—,—,—,—,—,—,—,—,—,—,—,—,—,—,—,—,—,—,—,—,—,—,—,—,—,—,—,—,—,—,—,—,—,—,—,—,—,—,—,—,—,—,—,—,—,—,—,—,—,—,—,—,—,—,—,—,—,—,—,—,—,—,—,—,—,—,—,—,—,—,—,—,—,—,—,—,—,—,—,—,—,—,—,—,—,—,—,—,—,—,—,—,—,—,—,—,—,—,—,—,—,—,—,—,—,—,—,—,—,—,23.334,24.281,—,-0.947,-4.1,—,—,—,—,—,—,—,—,—,126.375,120.359,—,6.016,0.0476,—,—,2148.727,1517.061,—,631.666,29.4,—,—,—,—,—,1917.442,1355.102,—,—,—,231.285,161.959,—,—,—,—,—,—,—,—,—,—,—,126.375,120.359,—,6.016,0.0476,—,—,2148.727,1517.061,—,631.666,29.4,—,—,1917.442,1355.102,—,—,—,231.285,161.959,—,—,—,23.334,24.281,—,-0.947,-4.1,—,—,—,—,—,—,—,—,—,—,—,—,—,—,—,—,—,—,—,—,—,—,—,—,—,—,—,—,—,—,—,—,—,—,—,—,—,—,—,—,—,—,—,—,—,—,—,—,—,—,—,—,—,—,—,—,—,—,—,—,—,—,—,—,—,—,—,—,—,—,—,—,—,—,—,—,—,—,—,—,—,—,—,—,—,—,—,—,—,—,—,—,—,—,—,—,—,—,—,—,—,—,—,—,—,—,—,—,—,—,—,—,—,—,—,—,—,—,—,—,—,—,—,—,—,—,—,—,—,—,—,—,—,—,—,—,—,—,—,—,—,—,—,—,—,—,—,—,—,—,—,—,—,—,24821,—,—,24821,25185,8774,16047,—,—,—,—,—,—,—,—,—,—,—,—,—,—,—,—,—,—,—,—,25185,—,—,24821,25185,—,—,—,—,—,—,—,—,—,—,—,—,—,—,—,—,—,—,—,—,
12/31/2016,2284.631,2153.246,1721.574,—,431.672,—,—,—,1994.123,1544.422,—,449.701,22.6,—,—,1739.449,1372.605,—,—,—,—,—,—,254.674,171.817,—,—,—,159.123,177.152,—,-18.029,-0.1133,—,—,131.385,127.779,—,3.547,2.7,—,—,—,—,—,—,—,—,—,—,—,—,—,—,—,—,—,—,—,—,—,—,—,—,—,—,—,—,1849.353,2153.246,1721.574,—,431.672,—,—,—,1994.123,1544.422,—,449.701,22.6,—,—,1739.449,1372.605,—,—,—,254.674,171.817,—,—,—,159.123,177.152,—,-18.029,-0.1133,—,—,131.385,127.779,—,3.547,2.7,—,—,—,—,—,2153.246,1721.574,—,431.672,—,—,—,1994.123,1544.422,—,449.701,22.6,—,—,1739.449,1372.605,—,—,—,254.674,171.817,—,—,—,159.123,177.152,—,-18.029,-0.1133,—,—,131.385,127.779,—,3.547,2.7,—,—,435.219,2153.246,1721.574,—,431.672,—,—,—,1994.123,1544.422,—,449.701,22.6,—,—,159.123,177.152,—,-18.029,-0.1133,—,—,131.385,127.779,—,3.547,2.7,—,—,—,—,—,—,—,—,—,—,—,—,—,—,—,—,—,—,—,—,—,131.385,127.779,—,3.547,2.7,—,—,2153.246,1721.574,—,431.672,—,—,—,1994.123,1544.422,—,449.701,22.6,—,—,—,—,—,159.123,177.152,—,-18.029,-0.1133,—,—,—,—,—,—,—,—,—,—,—,—,—,—,—,—,—,—,—,—,—,—,—,—,—,—,—,—,—,—,—,—,—,—,—,—,—,—,—,—,—,—,—,—,—,—,—,—,—,—,—,—,—,—,—,—,—,—,—,—,—,—,—,—,—,—,—,—,—,—,—,—,—,—,—,—,—,—,—,—,—,—,—,—,—,—,—,—,—,—,—,—,—,—,—,—,—,—,—,—,—,—,—,—,—,—,—,—,—,—,—,—,—,—,—,—,—,131.385,127.779,—,3.547,2.7,—,—,2153.246,1721.574,—,431.672,—,—,—,159.123,177.152,—,-18.029,-0.1133,—,—,1994.123,1544.422,—,449.701,22.6,—,—,—,—,—,1739.449,1372.605,—,—,—,254.674,171.817,—,—,—,—,2153.246,1721.574,—,431.672,—,—,—,159.123,177.152,—,-18.029,-0.1133,—,—,1994.123,1544.422,—,449.701,22.6,—,—,1739.449,1372.605,—,—,—,254.674,171.817,—,—,—,131.385,127.779,—,3.547,2.7,—,—,—,—,—,—,—,—,—,—,—,—,—,—,—,—,—,—,—,—,—,—,—,—,—,—,—,—,—,—,—,—,—,—,—,—,—,—,—,—,—,—,—,—,—,—,—,—,—,—,—,—,—,—,—,—,—,—,—,—,—,—,—,—,—,—,—,—,—,—,—,—,—,—,—,—,—,—,—,—,—,—,—,—,—,—,—,—,—,—,—,—,—,—,—,—,—,—,—,—,—,—,—,—,—,—,—,—,—,—,—,—,—,—,—,—,—,—,—,—,—,—,—,—,—,—,—,—,—,—,—,—,—,—,—,—,—,—,—,—,—,—,—,—,—,—,—,—,—,—,—,—,—,—,22200,—,—,22200,24882,—,—,—,—,—,—,—,—,—,—,—,—,—,—,—,—,—,—,—,—,—,—,24882,—,—,22200,24882,—,—,—,—,—,—,—,—,—,—,—,—,—,—,—,—,—,—,—,—,
03/31/2017,2696.27,2482.326,1876.551,—,605.775,—,—,—,2289.6,1662.675,883.359,626.925,27,121,114,2035.06,1496.649,783.5,126,110,—,—,—,254.54,166.026,99.859,105,151,192.726,213.876,116.725,-21.15,24,96,120,213.944,151.773,133.66,62.171,29,841,738,—,—,—,—,—,—,—,—,—,—,—,—,—,—,—,—,—,—,—,—,—,—,—,—,—,—,2028.324,2482.326,1876.551,—,605.775,—,—,—,2289.6,1662.675,883.359,626.925,27,121,114,2035.06,1496.649,783.5,126,110,254.54,166.026,99.859,105,151,192.726,213.876,116.725,-21.15,24,96,120,213.944,151.773,133.66,62.171,29,841,738,—,—,1133.744,2482.326,1876.551,—,605.775,—,—,—,2289.6,1662.675,883.359,626.925,27,121,114,2035.06,1496.649,783.5,126,110,254.54,166.026,99.859,105,151,192.726,213.876,116.725,-21.15,24,96,120,213.944,151.773,133.66,62.171,29,841,738,667.946,2482.326,1876.551,—,605.775,—,—,—,2289.6,1662.675,883.359,626.925,27,121,114,192.726,213.876,116.725,-21.15,24,96,120,213.944,151.773,133.66,62.171,29,841,738,—,—,—,—,—,—,—,—,—,—,—,—,—,—,—,—,—,—,—,213.944,151.773,133.66,62.171,29,841,738,2482.326,1876.551,—,605.775,—,—,—,2289.6,1662.675,883.359,626.925,27,121,114,—,—,—,192.726,213.876,116.725,-21.15,24,96,120,—,—,—,—,—,—,—,—,—,—,—,—,—,—,—,—,—,—,—,—,—,—,—,—,—,—,—,—,—,—,—,—,—,—,—,—,—,—,—,—,—,—,—,—,—,—,—,—,—,—,—,—,—,—,—,—,—,—,—,—,—,—,—,—,—,—,—,—,—,—,—,—,—,—,—,—,—,—,—,—,—,—,—,—,—,—,—,—,—,—,—,—,—,—,—,—,—,—,—,—,—,—,—,—,—,—,—,—,—,—,—,—,—,—,—,213.944,151.773,133.66,62.171,29,841,738,2482.326,1876.551,—,605.775,—,—,—,192.726,213.876,116.725,-21.15,24,96,120,2289.6,1662.675,883.359,626.925,27,121,114,—,—,—,2035.06,1496.649,783.5,126,110,254.54,166.026,99.859,105,151,—,2482.326,1876.551,—,605.775,—,—,—,192.726,213.876,116.725,-21.15,24,96,120,2289.6,1662.675,883.359,626.925,27,121,114,2035.06,1496.649,783.5,126,110,254.54,166.026,99.859,105,151,213.944,151.773,133.66,62.171,29,841,738,—,—,—,—,—,—,—,—,—,—,—,—,—,—,—,—,—,—,—,—,—,—,—,—,—,—,—,—,—,—,—,—,—,—,—,—,—,—,—,—,—,—,—,—,—,—,—,—,—,—,—,—,—,—,—,—,—,—,—,—,—,—,—,—,—,—,—,—,—,—,—,—,—,—,—,—,—,—,—,—,—,—,—,—,—,—,—,—,—,—,—,—,—,—,—,—,—,—,—,—,—,—,—,—,—,—,—,—,—,—,—,—,—,—,—,—,—,—,—,—,—,—,—,—,—,—,—,—,—,—,—,—,—,—,—,—,—,—,—,—,—,—,—,—,—,—,—,—,—,—,—,—,25000,—,—,25000,25418,11550,13450,—,—,—,—,—,—,—,—,—,—,—,—,—,—,—,—,—,—,—,—,25418,—,—,25000,25418,—,—,—,—,—,—,—,—,—,—,—,—,—,—,—,—,—,—,—,—,
06/30/2017,2789.557,2502.777,1919.18,—,583.597,—,—,—,2286.616,1648.011,738.729,638.605,28,93,81,2013.852,1472.578,645.347,95,78,—,—,—,272.764,175.433,93.382,80,114,216.161,271.169,193.369,-55.008,23,157,249,286.78,203.762,195.603,83.018,29,7166,2397,—,—,—,—,—,—,—,—,—,—,—,—,—,—,—,—,—,—,—,—,—,—,—,—,—,—,2122.942,2502.777,1919.18,—,583.597,—,—,—,2286.616,1648.011,738.729,638.605,28,93,81,2013.852,1472.578,645.347,95,78,272.764,175.433,93.382,80,114,216.161,271.169,193.369,-55.008,23,157,249,286.78,203.762,195.603,83.018,29,7166,2397,—,—,1127.701,2502.777,1919.18,—,583.597,—,—,—,2286.616,1648.011,738.729,638.605,28,93,81,2013.852,1472.578,645.347,95,78,272.764,175.433,93.382,80,114,216.161,271.169,193.369,-55.008,23,157,249,286.78,203.762,195.603,83.018,29,7166,2397,666.615,2502.777,1919.18,—,583.597,—,—,—,2286.616,1648.011,738.729,638.605,28,93,81,216.161,271.169,193.369,-55.008,23,157,249,286.78,203.762,195.603,83.018,29,7166,2397,—,—,—,—,—,—,—,—,—,—,—,—,—,—,—,—,—,—,—,286.78,203.762,195.603,83.018,29,7166,2397,2502.777,1919.18,—,583.597,—,—,—,2286.616,1648.011,738.729,638.605,28,93,81,—,—,—,216.161,271.169,193.369,-55.008,23,157,249,—,—,—,—,—,—,—,—,—,—,—,—,—,—,—,—,—,—,—,—,—,—,—,—,—,—,—,—,—,—,—,—,—,—,—,—,—,—,—,—,—,—,—,—,—,—,—,—,—,—,—,—,—,—,—,—,—,—,—,—,—,—,—,—,—,—,—,—,—,—,—,—,—,—,—,—,—,—,—,—,—,—,—,—,—,—,—,—,—,—,—,—,—,—,—,—,—,—,—,—,—,—,—,—,—,—,—,—,—,—,—,—,—,—,—,286.78,203.762,195.603,83.018,29,7166,2397,2502.777,1919.18,—,583.597,—,—,—,216.161,271.169,193.369,-55.008,23,157,249,2286.616,1648.011,738.729,638.605,28,93,81,—,—,—,2013.852,1472.578,645.347,95,78,272.764,175.433,93.382,80,114,—,2502.777,1919.18,—,583.597,—,—,—,216.161,271.169,193.369,-55.008,23,157,249,2286.616,1648.011,738.729,638.605,28,93,81,2013.852,1472.578,645.347,95,78,272.764,175.433,93.382,80,114,286.78,203.762,195.603,83.018,29,7166,2397,—,—,—,—,—,—,—,—,—,—,—,—,—,—,—,—,—,—,—,—,—,—,—,—,—,—,—,—,—,—,—,—,—,—,—,—,—,—,—,—,—,—,—,—,—,—,—,—,—,—,—,—,—,—,—,—,—,—,—,—,—,—,—,—,—,—,—,—,—,—,—,—,—,—,—,—,—,—,—,—,—,—,—,—,—,—,—,—,—,—,—,—,—,—,—,—,—,—,—,—,—,—,—,—,—,—,—,—,—,—,—,—,—,—,—,—,—,—,—,—,—,—,—,—,—,—,—,—,—,—,—,—,—,—,—,—,—,—,—,—,—,—,—,—,—,—,—,—,—,—,—,—,22000,—,—,22000,25708,10000,12000,—,—,—,—,—,—,—,—,—,—,—,—,—,—,—,—,—,—,—,—,25708,—,—,22000,25708,—,—,—,—,—,—,—,—,—,—,—,—,—,—,—,—,—,—,—,—,
09/30/2017,2984.675,2667.17,2298.247,—,368.923,—,—,—,2362.889,1930.846,413.785,432.043,18,10,27,2076.731,1755.622,400.52,8,30,—,—,—,286.158,175.224,13.265,24,8,304.281,367.401,247.042,-63.12,14,141,205,317.505,237.288,213.007,80.217,25,1261,877,—,—,—,—,—,—,—,—,—,—,—,—,—,—,—,—,—,—,—,—,—,—,—,—,—,—,2535.535,2667.17,2298.247,—,368.923,—,—,—,2362.889,1930.846,413.785,432.043,18,10,27,2076.731,1755.622,400.52,8,30,286.158,175.224,13.265,24,8,304.281,367.401,247.042,-63.12,14,141,205,317.505,237.288,213.007,80.217,25,1261,877,—,—,873.834,2667.17,2298.247,—,368.923,—,—,—,2362.889,1930.846,413.785,432.043,18,10,27,2076.731,1755.622,400.52,8,30,286.158,175.224,13.265,24,8,304.281,367.401,247.042,-63.12,14,141,205,317.505,237.288,213.007,80.217,25,1261,877,449.14,2667.17,2298.247,—,368.923,—,—,—,2362.889,1930.846,413.785,432.043,18,10,27,304.281,367.401,247.042,-63.12,14,141,205,317.505,237.288,213.007,80.217,25,1261,877,—,—,—,—,—,—,—,—,—,—,—,—,—,—,—,—,—,—,—,317.505,237.288,213.007,80.217,25,1261,877,2667.17,2298.247,—,368.923,—,—,—,2362.889,1930.846,413.785,432.043,18,10,27,—,—,—,304.281,367.401,247.042,-63.12,14,141,205,—,—,—,—,—,—,—,—,—,—,—,—,—,—,—,—,—,—,—,—,—,—,—,—,—,—,—,—,—,—,—,—,—,—,—,—,—,—,—,—,—,—,—,—,—,—,—,—,—,—,—,—,—,—,—,—,—,—,—,—,—,—,—,—,—,—,—,—,—,—,—,—,—,—,—,—,—,—,—,—,—,—,—,—,—,—,—,—,—,—,—,—,—,—,—,—,—,—,—,—,—,—,—,—,—,—,—,—,—,—,—,—,—,—,—,317.505,237.288,213.007,80.217,25,1261,877,2667.17,2298.247,—,368.923,—,—,—,304.281,367.401,247.042,-63.12,14,141,205,2362.889,1930.846,413.785,432.043,18,10,27,—,—,—,2076.731,1755.622,400.52,8,30,286.158,175.224,13.265,24,8,—,2667.17,2298.247,—,368.923,—,—,—,304.281,367.401,247.042,-63.12,14,141,205,2362.889,1930.846,413.785,432.043,18,10,27,2076.731,1755.622,400.52,8,30,286.158,175.224,13.265,24,8,317.505,237.288,213.007,80.217,25,1261,877,—,—,—,—,—,—,—,—,—,—,—,—,—,—,—,—,—,—,—,—,—,—,—,—,—,—,—,—,—,—,—,—,—,—,—,—,—,—,—,—,—,—,—,—,—,—,—,—,—,—,—,—,—,—,—,—,—,—,—,—,—,—,—,—,—,—,—,—,—,—,—,—,—,—,—,—,—,—,—,—,—,—,—,—,—,—,—,—,—,—,—,—,—,—,—,—,—,—,—,—,—,—,—,—,—,—,—,—,—,—,—,—,—,—,—,—,—,—,—,—,—,—,—,—,—,—,—,—,—,—,—,—,—,—,—,—,—,—,—,—,—,—,—,—,—,—,—,—,—,—,—,—,26137,—,—,25915,25076,11865,14065,—,—,—,—,—,—,—,—,—,—,—,—,—,—,—,—,—,—,222,260,25336,—,—,25915,25076,—,—,—,—,—,—,—,—,—,—,—,—,—,—,—,—,—,—,222,260,
12/31/2017,3288.249,2990.212,2567.748,846.174,367.456,—,—,—,2702.195,2191.172,646.75,511.023,18.91,35.51,41.88,2409.109,1999.631,627.026,38.5,45.68,—,—,—,293.086,191.541,19.724,15.08,11.48,288.017,376.576,199.424,-143.567,15,81,112.57,298.037,281.715,153.936,71.33,5.48,126.84,120.47,—,—,—,—,—,—,—,—,—,—,—,—,—,—,—,—,—,—,—,—,—,—,—,—,—,—,2849.463,2990.212,2567.748,846.174,367.456,—,—,—,2702.195,2191.172,646.75,511.023,18.91,35.51,41.88,2409.109,1999.631,627.026,38.5,45.68,293.086,191.541,19.724,15.08,11.48,288.017,376.576,199.424,-143.567,15,81,112.57,298.037,281.715,153.936,71.33,5.48,126.84,120.47,—,—,1000.11,2990.212,2567.748,846.174,367.456,—,—,—,2702.195,2191.172,646.75,511.023,18.91,35.51,41.88,2409.109,1999.631,627.026,38.5,45.68,293.086,191.541,19.724,15.08,11.48,288.017,376.576,199.424,-143.567,15,81,112.57,298.037,281.715,153.936,71.33,5.48,126.84,120.47,438.786,2990.212,2567.748,846.174,367.456,—,—,—,2702.195,2191.172,646.75,511.023,18.91,35.51,41.88,288.017,376.576,199.424,-143.567,15,81,112.57,298.037,281.715,153.936,71.33,5.48,126.84,120.47,—,—,—,—,—,—,—,—,—,—,—,—,—,—,—,—,—,—,—,298.037,281.715,153.936,71.33,5.48,126.84,120.47,2990.212,2567.748,846.174,367.456,—,—,—,2702.195,2191.172,646.75,511.023,18.91,35.51,41.88,—,—,—,288.017,376.576,199.424,-143.567,15,81,112.57,—,—,—,—,—,—,—,—,—,—,—,—,—,—,—,—,—,—,—,—,—,—,—,—,—,—,—,—,—,—,—,—,—,—,—,—,—,—,—,—,—,—,—,—,—,—,—,—,—,—,—,—,—,—,—,—,—,—,—,—,—,—,—,—,—,—,—,—,—,—,—,—,—,—,—,—,—,—,—,—,—,—,—,—,—,—,—,—,—,—,—,—,—,—,—,—,—,—,—,—,—,—,—,—,—,—,—,—,—,—,—,—,—,—,—,298.037,281.715,153.936,71.33,5.48,126.84,120.47,2990.212,2567.748,846.174,367.456,—,—,—,288.017,376.576,199.424,-143.567,15,81,112.57,2702.195,2191.172,646.75,511.023,18.91,35.51,41.88,—,—,—,2409.109,1999.631,627.026,38.5,45.68,293.086,191.541,19.724,15.08,11.48,—,2990.212,2567.748,846.174,367.456,—,—,—,288.017,376.576,199.424,-143.567,15,81,112.57,2702.195,2191.172,646.75,511.023,18.91,35.51,41.88,2409.109,1999.631,627.026,38.5,45.68,293.086,191.541,19.724,15.08,11.48,298.037,281.715,153.936,71.33,5.48,126.84,120.47,—,—,—,—,—,—,—,—,—,—,—,—,—,—,—,—,—,—,—,—,—,—,—,—,—,—,—,—,—,—,—,—,—,—,—,—,—,—,—,—,—,—,—,—,—,—,—,—,—,—,—,—,—,—,—,—,—,—,—,—,—,—,—,—,—,—,—,—,—,—,—,—,—,—,—,—,—,—,—,—,—,—,—,—,—,—,—,—,—,—,—,—,—,—,—,—,—,—,—,—,—,—,—,—,—,—,—,—,—,—,—,—,—,—,—,—,—,—,—,—,—,—,—,—,—,—,—,—,—,—,—,—,—,—,—,—,—,—,—,—,—,—,—,—,—,—,—,—,—,—,—,—,29967,—,—,28425,22140,—,—,—,—,—,—,—,—,—,—,—,—,—,—,—,—,—,—,—,—,1542,2425,24565,—,—,28425,22140,—,—,—,—,—,—,—,—,—,—,—,—,—,—,—,—,—,—,1542,2425,
03/31/2018,3408.751,2998.729,2576.862,700.311,421.867,—,21,—,2735.317,2195.893,533.218,539.424,20,19,32,2561.881,2091.397,594.748,26,40,—,—,—,173.436,104.496,-61.53,-32,-37,263.412,380.969,167.093,-117.557,14,37,78,410.022,375.363,223.59,34.659,8,92,147,297.895,112.127,—,—,—,—,—,—,—,—,—,—,—,—,—,—,—,—,—,—,—,—,—,—,—,—,2952.225,2998.729,2576.862,700.311,421.867,—,21,—,2735.317,2195.893,533.218,539.424,20,19,32,2561.881,2091.397,594.748,26,40,173.436,104.496,-61.53,-32,-37,263.412,380.969,167.093,-117.557,14,37,78,410.022,375.363,223.59,34.659,8,92,147,—,—,923.901,2998.729,2576.862,700.311,421.867,—,21,—,2735.317,2195.893,533.218,539.424,20,19,32,2561.881,2091.397,594.748,26,40,173.436,104.496,-61.53,-32,-37,263.412,380.969,167.093,-117.557,14,37,78,410.022,375.363,223.59,34.659,8,92,147,456.526,2998.729,2576.862,700.311,421.867,—,21,—,2735.317,2195.893,533.218,539.424,20,19,32,263.412,380.969,167.093,-117.557,14,37,78,410.022,375.363,223.59,34.659,8,92,147,—,—,—,—,—,—,—,—,—,—,—,—,—,—,—,—,—,—,—,410.022,375.363,223.59,34.659,8,92,147,2998.729,2576.862,700.311,421.867,—,21,—,2735.317,2195.893,533.218,539.424,20,19,32,—,—,—,263.412,380.969,167.093,-117.557,14,37,78,—,—,—,—,—,—,—,—,—,—,—,—,—,—,—,—,—,—,—,—,—,—,—,—,—,—,—,—,—,—,—,—,—,—,—,—,—,—,—,—,—,—,—,—,—,—,—,—,—,—,—,—,—,—,—,—,—,—,—,—,—,—,—,—,—,—,—,—,—,—,—,—,—,—,—,—,—,—,—,—,—,—,—,—,—,—,—,—,—,—,—,—,—,—,—,—,—,—,—,—,—,—,—,—,—,—,—,—,—,—,—,—,—,—,—,410.022,375.363,223.59,34.659,8,92,147,2998.729,2576.862,700.311,421.867,—,21,—,263.412,380.969,167.093,-117.557,14,37,78,2735.317,2195.893,533.218,539.424,20,19,32,—,—,—,2561.881,2091.397,594.748,26,40,173.436,104.496,-61.53,-32,-37,—,2998.729,2576.862,700.311,421.867,—,21,—,263.412,380.969,167.093,-117.557,14,37,78,2735.317,2195.893,533.218,539.424,20,19,32,2561.881,2091.397,594.748,26,40,173.436,104.496,-61.53,-32,-37,410.022,375.363,223.59,34.659,8,92,147,—,—,—,—,—,—,—,—,—,—,—,—,—,—,—,—,—,—,—,—,—,—,—,—,—,—,—,—,—,—,—,—,—,—,—,—,—,—,—,—,—,—,—,—,—,—,—,—,—,—,—,—,—,—,—,—,—,—,—,—,—,—,—,—,—,—,—,—,—,—,—,—,—,—,—,—,—,—,—,—,—,—,—,—,—,—,—,—,—,—,—,—,—,—,—,—,—,—,—,—,—,—,—,—,—,—,—,—,—,—,—,—,—,—,—,—,—,—,—,—,—,—,—,—,—,—,—,—,—,—,—,—,—,—,—,—,—,—,—,—,—,—,—,—,—,—,—,—,—,—,—,—,29997,—,—,21815,24728,—,—,—,—,—,—,—,—,—,—,—,—,—,—,—,—,—,—,—,—,8182,9766,34494,—,—,21815,24728,—,—,—,—,—,—,—,—,—,—,—,—,—,—,—,—,—,—,8182,9766,
06/30/2018,4002.231,3627.823,3053.028,1133.848,574.795,—,45,59,3357.681,2666.654,1018.643,691.027,21,47,62,3117.865,2529.739,1057.161,55,72,—,—,—,239.816,136.915,-38.518,-12,-22,270.142,386.374,115.205,-116.232,16,25,42,374.408,330.273,126.511,44.135,12,31,62,234.602,139.806,—,—,—,—,—,—,—,—,—,—,—,—,—,—,—,—,—,—,—,—,—,—,—,—,3383.301,3627.823,3053.028,1133.848,574.795,—,45,59,3357.681,2666.654,1018.643,691.027,21,47,62,3117.865,2529.739,1057.161,55,72,239.816,136.915,-38.518,-12,-22,270.142,386.374,115.205,-116.232,16,25,42,374.408,330.273,126.511,44.135,12,31,62,—,—,1260.359,3627.823,3053.028,1133.848,574.795,—,45,59,3357.681,2666.654,1018.643,691.027,21,47,62,3117.865,2529.739,1057.161,55,72,239.816,136.915,-38.518,-12,-22,270.142,386.374,115.205,-116.232,16,25,42,374.408,330.273,126.511,44.135,12,31,62,618.93,3627.823,3053.028,1133.848,574.795,—,45,59,3357.681,2666.654,1018.643,691.027,21,47,62,270.142,386.374,115.205,-116.232,16,25,42,374.408,330.273,126.511,44.135,12,31,62,—,—,—,—,—,—,—,—,—,—,—,—,—,—,—,—,—,—,—,374.408,330.273,126.511,44.135,12,31,62,3627.823,3053.028,1133.848,574.795,—,45,59,3357.681,2666.654,1018.643,691.027,21,47,62,—,—,—,270.142,386.374,115.205,-116.232,16,25,42,—,—,—,—,—,—,—,—,—,—,—,—,—,—,—,—,—,—,—,—,—,—,—,—,—,—,—,—,—,—,—,—,—,—,—,—,—,—,—,—,—,—,—,—,—,—,—,—,—,—,—,—,—,—,—,—,—,—,—,—,—,—,—,—,—,—,—,—,—,—,—,—,—,—,—,—,—,—,—,—,—,—,—,—,—,—,—,—,—,—,—,—,—,—,—,—,—,—,—,—,—,—,—,—,—,—,—,—,—,—,—,—,—,—,—,374.408,330.273,126.511,44.135,12,31,62,3627.823,3053.028,1133.848,574.795,—,45,59,270.142,386.374,115.205,-116.232,16,25,42,3357.681,2666.654,1018.643,691.027,21,47,62,—,—,—,3117.865,2529.739,1057.161,55,72,239.816,136.915,-38.518,-12,-22,—,3627.823,3053.028,1133.848,574.795,—,45,59,270.142,386.374,115.205,-116.232,16,25,42,3357.681,2666.654,1018.643,691.027,21,47,62,3117.865,2529.739,1057.161,55,72,239.816,136.915,-38.518,-12,-22,374.408,330.273,126.511,44.135,12,31,62,—,—,—,—,—,—,—,—,—,—,—,—,—,—,—,—,—,—,—,—,—,—,—,—,—,—,—,—,—,—,—,—,—,—,—,—,—,—,—,—,—,—,—,—,—,—,—,—,—,—,—,—,—,—,—,—,—,—,—,—,—,—,—,—,—,—,—,—,—,—,—,—,—,—,—,—,—,—,—,—,—,—,—,—,—,—,—,—,—,—,—,—,—,—,—,—,—,—,—,—,—,—,—,—,—,—,—,—,—,—,—,—,—,—,—,—,—,—,—,—,—,—,—,—,—,—,—,—,—,—,—,—,—,—,—,—,—,—,—,—,—,—,—,—,—,—,—,—,—,—,—,—,40768,—,—,22319,24761,—,—,—,—,—,—,—,—,—,—,—,—,—,—,—,—,—,—,—,—,18449,28578,53339,—,—,22319,24761,—,—,—,—,—,—,—,—,—,—,—,—,—,—,—,—,—,—,18449,28578,
09/30/2018,6824.413,6425.096,4970.194,2671.947,1454.902,—,141,116,6098.766,4525.202,2594.356,1573.564,26,158,134,5878.305,4405.919,2650.297,183,151,—,—,—,220.461,119.283,-55.941,-23,-32,326.33,444.992,77.591,-118.662,23,7,21,399.317,330.554,93.266,68.763,17,26,39,259.288,140.029,—,—,—,—,—,—,—,—,—,—,—,—,—,—,—,—,—,—,—,—,—,—,—,—,5300.748,6425.096,4970.194,2671.947,1454.902,—,141,116,6098.766,4525.202,2594.356,1573.564,26,158,134,5878.305,4405.919,2650.297,183,151,220.461,119.283,-55.941,-23,-32,326.33,444.992,77.591,-118.662,23,7,21,399.317,330.554,93.266,68.763,17,26,39,—,—,2765.213,6425.096,4970.194,2671.947,1454.902,—,141,116,6098.766,4525.202,2594.356,1573.564,26,158,134,5878.305,4405.919,2650.297,183,151,220.461,119.283,-55.941,-23,-32,326.33,444.992,77.591,-118.662,23,7,21,399.317,330.554,93.266,68.763,17,26,39,1523.665,6425.096,4970.194,2671.947,1454.902,—,141,116,6098.766,4525.202,2594.356,1573.564,26,158,134,326.33,444.992,77.591,-118.662,23,7,21,399.317,330.554,93.266,68.763,17,26,39,—,—,—,—,—,—,—,—,—,—,—,—,—,—,—,—,—,—,—,399.317,330.554,93.266,68.763,17,26,39,6425.096,4970.194,2671.947,1454.902,—,141,116,6098.766,4525.202,2594.356,1573.564,26,158,134,—,—,—,326.33,444.992,77.591,-118.662,23,7,21,—,—,—,—,—,—,—,—,—,—,—,—,—,—,—,—,—,—,—,—,—,—,—,—,—,—,—,—,—,—,—,—,—,—,—,—,—,—,—,—,—,—,—,—,—,—,—,—,—,—,—,—,—,—,—,—,—,—,—,—,—,—,—,—,—,—,—,—,—,—,—,—,—,—,—,—,—,—,—,—,—,—,—,—,—,—,—,—,—,—,—,—,—,—,—,—,—,—,—,—,—,—,—,—,—,—,—,—,—,—,—,—,—,—,—,399.317,330.554,93.266,68.763,17,26,39,6425.096,4970.194,2671.947,1454.902,—,141,116,326.33,444.992,77.591,-118.662,23,7,21,6098.766,4525.202,2594.356,1573.564,26,158,134,—,—,—,5878.305,4405.919,2650.297,183,151,220.461,119.283,-55.941,-23,-32,—,6425.096,4970.194,2671.947,1454.902,—,141,116,326.33,444.992,77.591,-118.662,23,7,21,6098.766,4525.202,2594.356,1573.564,26,158,134,5878.305,4405.919,2650.297,183,151,220.461,119.283,-55.941,-23,-32,399.317,330.554,93.266,68.763,17,26,39,—,—,—,—,—,—,—,—,—,—,—,—,—,—,—,—,—,—,—,—,—,—,—,—,—,—,—,—,—,—,—,—,—,—,—,—,—,—,—,—,—,—,—,—,—,—,—,—,—,—,—,—,—,—,—,—,—,—,—,—,—,—,—,—,—,—,—,—,—,—,—,—,—,—,—,—,—,—,—,—,—,—,—,—,—,—,—,—,—,—,—,—,—,—,—,—,—,—,—,—,—,—,—,—,—,—,—,—,—,—,—,—,—,—,—,—,—,—,—,—,—,—,—,—,—,—,—,—,—,—,—,—,—,—,—,—,—,—,—,—,—,—,—,—,—,—,—,—,—,—,—,—,83775,—,—,27710,26903,—,—,—,—,—,—,—,—,—,—,—,—,—,—,—,—,—,—,—,—,56065,53239,80142,—,—,27710,26903,—,—,—,—,—,—,—,—,—,—,—,—,—,—,—,—,—,—,56065,53239,
12/31/2018,7225.873,6854.376,5454.267,2886.519,1400.109,—,134.01,118.43,6323.219,4786.248,2595.076,1536.971,24.31,134.01,118.43,6073.471,4658.517,2658.886,152.11,132.97,—,—,—,249.748,127.731,-63.81,-14.79,-33.31,531.157,668.019,291.443,-136.862,23,84.42,77.39,371.497,328.706,46.991,42.791,11.52,24.65,16.68,264.758,106.739,—,—,—,—,—,—,—,—,—,—,—,—,—,—,—,—,—,—,—,—,—,—,—,—,5782.973,6854.376,5454.267,2886.519,1400.109,—,134.01,118.43,6323.219,4786.248,2595.076,1536.971,24.31,134.01,118.43,6073.471,4658.517,2658.886,152.11,132.97,249.748,127.731,-63.81,-14.79,-33.31,531.157,668.019,291.443,-136.862,23,84.42,77.39,371.497,328.706,46.991,42.791,11.52,24.65,16.68,—,—,2933.51,6854.376,5454.267,2886.519,1400.109,—,134.01,118.43,6323.219,4786.248,2595.076,1536.971,24.31,134.01,118.43,6073.471,4658.517,2658.886,152.11,132.97,249.748,127.731,-63.81,-14.79,-33.31,531.157,668.019,291.443,-136.862,23,84.42,77.39,371.497,328.706,46.991,42.791,11.52,24.65,16.68,1442.9,6854.376,5454.267,2886.519,1400.109,—,134.01,118.43,6323.219,4786.248,2595.076,1536.971,24.31,134.01,118.43,531.157,668.019,291.443,-136.862,23,84.42,77.39,371.497,328.706,46.991,42.791,11.52,24.65,16.68,—,—,—,—,—,—,—,—,—,—,—,—,—,—,—,—,—,—,—,371.497,328.706,46.991,42.791,11.52,24.65,16.68,6854.376,5454.267,2886.519,1400.109,—,134.01,118.43,6323.219,4786.248,2595.076,1536.971,24.31,134.01,118.43,—,—,—,531.157,668.019,291.443,-136.862,23,84.42,77.39,—,—,—,—,—,—,—,—,—,—,—,—,—,—,—,—,—,—,—,—,—,—,—,—,—,—,—,—,—,—,—,—,—,—,—,—,—,—,—,—,—,—,—,—,—,—,—,—,—,—,—,—,—,—,—,—,—,—,—,—,—,—,—,—,—,—,—,—,—,—,—,—,—,—,—,—,—,—,—,—,—,—,—,—,—,—,—,—,—,—,—,—,—,—,—,—,—,—,—,—,—,—,—,—,—,—,—,—,—,—,—,—,—,—,—,371.497,328.706,46.991,42.791,11.52,24.65,16.68,6854.376,5454.267,2886.519,1400.109,—,134.01,118.43,531.157,668.019,291.443,-136.862,23,84.42,77.39,6323.219,4786.248,2595.076,1536.971,24.31,134.01,118.43,—,—,—,6073.471,4658.517,2658.886,152.11,132.97,249.748,127.731,-63.81,-14.79,-33.31,—,6854.376,5454.267,2886.519,1400.109,—,134.01,118.43,531.157,668.019,291.443,-136.862,23,84.42,77.39,6323.219,4786.248,2595.076,1536.971,24.31,134.01,118.43,6073.471,4658.517,2658.886,152.11,132.97,249.748,127.731,-63.81,-14.79,-33.31,371.497,328.706,46.991,42.791,11.52,24.65,16.68,—,—,—,—,—,—,—,—,—,—,—,—,—,—,—,—,—,—,—,—,—,—,—,—,—,—,—,—,—,—,—,—,—,—,—,—,—,—,—,—,—,—,—,—,—,—,—,—,—,—,—,—,—,—,—,—,—,—,—,—,—,—,—,—,—,—,—,—,—,—,—,—,—,—,—,—,—,—,—,—,—,—,—,—,—,—,—,—,—,—,—,—,—,—,—,—,—,—,—,—,—,—,—,—,—,—,—,—,—,—,—,—,—,—,—,—,—,—,—,—,—,—,—,—,—,—,—,—,—,—,—,—,—,—,—,—,—,—,—,—,—,—,—,—,—,—,—,—,—,—,—,—,90966,—,—,27607,25161,—,—,—,—,—,—,—,—,—,—,—,—,—,—,—,—,—,—,—,—,63359,61394,86555,—,—,27607,25161,—,—,—,—,—,—,—,—,—,—,—,—,—,—,—,—,—,—,63359,61394,
03/31/2019,4541,4217,3659,1081.972,557,13,41,42,3724,2973,777.408,751,20,36,35,3509,2856,764.812,37,37,—,15.3,—,215,117,12.596,24,12,493,686,304.564,-194,13,87,80,324,316,-58.476,8,2,-21,-16,212,112,—,—,—,—,—,—,—,—,—,—,—,—,—,—,—,—,—,—,—,—,—,—,—,—,3975,4217,3659,1081.972,557,13,41,42,3724,2973,777.408,751,20,36,35,3509,2856,764.812,37,37,215,117,12.596,24,12,493,686,304.564,-194,13,87,80,324,316,-58.476,8,2,-21,-16,—,—,1023.496,4217,3659,1081.972,557,13,41,42,3724,2973,777.408,751,20,36,35,3509,2856,764.812,37,37,215,117,12.596,24,12,493,686,304.564,-194,13,87,80,324,316,-58.476,8,2,-21,-16,565,4217,3659,1081.972,557,13,41,42,3724,2973,777.408,751,20,36,35,493,686,304.564,-194,13,87,80,324,316,-58.476,8,2,-21,-16,—,—,—,—,—,—,—,—,—,—,—,—,—,—,—,—,—,—,—,324,316,-58.476,8,2,-21,-16,4217,3659,1081.972,557,13,41,42,3724,2973,777.408,751,20,36,35,—,15.3,—,493,686,304.564,-194,13,87,80,—,—,—,—,—,—,—,—,—,—,—,—,—,—,—,—,—,—,—,—,—,—,—,—,—,—,—,—,—,—,—,—,—,—,—,—,—,—,—,—,—,—,—,—,—,—,—,—,—,—,—,—,—,—,—,—,—,—,—,—,—,—,—,—,—,—,—,—,—,—,—,—,—,—,—,—,—,—,—,—,—,—,—,—,—,—,—,—,—,—,—,—,—,—,—,—,—,—,—,—,—,—,—,—,—,—,—,—,—,—,—,—,—,—,—,324,316,-58.476,8,2,-21,-16,4217,3659,1081.972,557,13,41,42,493,686,304.564,-194,13,87,80,3724,2973,777.408,751,20,36,35,—,15.3,—,3509,2856,764.812,37,37,215,117,12.596,24,12,—,4217,3659,1081.972,557,13,41,42,493,686,304.564,-194,13,87,80,3724,2973,777.408,751,20,36,35,3509,2856,764.812,37,37,215,117,12.596,24,12,324,316,-58.476,8,2,-21,-16,—,—,—,—,—,—,—,—,—,—,—,—,—,—,—,—,—,—,—,—,—,—,—,—,—,—,—,—,—,—,—,—,—,—,—,—,—,—,—,—,—,—,—,—,—,—,—,—,—,—,—,—,—,—,—,—,—,—,—,—,—,—,—,—,—,—,—,—,—,—,—,—,—,—,—,—,—,—,—,—,—,—,—,—,—,—,—,—,—,—,—,—,—,—,—,—,—,—,—,—,—,—,—,—,—,—,—,—,—,—,—,—,—,—,—,—,—,—,—,—,—,—,—,—,—,—,—,—,—,—,—,—,—,—,—,—,—,—,—,—,—,—,—,—,—,—,—,—,—,—,—,—,63019,50928,62975,12091,14163,—,—,—,—,—,—,—,—,—,—,—,—,—,—,—,—,—,—,—,—,—,—,77138,50928,62975,12091,14163,—,—,—,—,—,—,—,—,—,—,—,—,—,—,—,—,—,—,—,—,
06/30/2019,6350,5981,5103,2050.079,878,15,—,—,5376,4360,1693.431,1016,19,60,64,5168,4254,1724.024,66,68,—,17.2,—,208,106,-30.593,-13,-22,605,743,356.648,-138,15,124,92,369,326,-4.75,43,12,-2,-1,226,143,—,—,—,—,—,—,—,—,—,—,—,—,—,—,—,—,—,—,—,—,—,—,—,—,5429,5981,5103,2050.079,878,15,—,—,5376,4360,1693.431,1016,19,60,64,5168,4254,1724.024,66,68,208,106,-30.593,-13,-22,605,743,356.648,-138,15,124,92,369,326,-4.75,43,12,-2,-1,—,—,2045.329,5981,5103,2050.079,878,15,—,—,5376,4360,1693.431,1016,19,60,64,5168,4254,1724.024,66,68,208,106,-30.593,-13,-22,605,743,356.648,-138,15,124,92,369,326,-4.75,43,12,-2,-1,921,5981,5103,2050.079,878,15,—,—,5376,4360,1693.431,1016,19,60,64,605,743,356.648,-138,15,124,92,369,326,-4.75,43,12,-2,-1,—,—,—,—,—,—,—,—,—,—,—,—,—,—,—,—,—,—,—,369,326,-4.75,43,12,-2,-1,5981,5103,2050.079,878,15,—,—,5376,4360,1693.431,1016,19,60,64,—,17.2,—,605,743,356.648,-138,15,124,92,—,—,—,—,—,—,—,—,—,—,—,—,—,—,—,—,—,—,—,—,—,—,—,—,—,—,—,—,—,—,—,—,—,—,—,—,—,—,—,—,—,—,—,—,—,—,—,—,—,—,—,—,—,—,—,—,—,—,—,—,—,—,—,—,—,—,—,—,—,—,—,—,—,—,—,—,—,—,—,—,—,—,—,—,—,—,—,—,—,—,—,—,—,—,—,—,—,—,—,—,—,—,—,—,—,—,—,—,—,—,—,—,—,—,—,369,326,-4.75,43,12,-2,-1,5981,5103,2050.079,878,15,—,—,605,743,356.648,-138,15,124,92,5376,4360,1693.431,1016,19,60,64,—,17.2,—,5168,4254,1724.024,66,68,208,106,-30.593,-13,-22,—,5981,5103,2050.079,878,15,—,—,605,743,356.648,-138,15,124,92,5376,4360,1693.431,1016,19,60,64,5168,4254,1724.024,66,68,208,106,-30.593,-13,-22,369,326,-4.75,43,12,-2,-1,—,—,—,—,—,—,—,—,—,—,—,—,—,—,—,—,—,—,—,—,—,—,—,—,—,—,—,—,—,—,—,—,—,—,—,—,—,—,—,—,—,—,—,—,—,—,—,—,—,—,—,—,—,—,—,—,—,—,—,—,—,—,—,—,—,—,—,—,—,—,—,—,—,—,—,—,—,—,—,—,—,—,—,—,—,—,—,—,—,—,—,—,—,—,—,—,—,—,—,—,—,—,—,—,—,—,—,—,—,—,—,—,—,—,—,—,—,—,—,—,—,—,—,—,—,—,—,—,—,—,—,—,—,—,—,—,—,—,—,—,—,—,—,—,—,—,—,—,—,—,—,—,95356,77634,72531,17722,14517,—,—,—,—,—,—,—,—,—,—,—,—,—,—,—,—,—,—,—,—,—,—,87048,77634,72531,17722,14517,—,—,—,—,—,—,—,—,—,—,—,—,—,—,—,—,—,—,—,—,
09/30/2019,6303,5901,4798,-172,1103,23,—,—,5353,4131,-392,1222,23,-12,-9,5132,4014,-392,-13,-9,—,20.8,—,221,117,-2,0,-2,548,667,222,-119,19,68,50,402,314,-16,88,22,1,-5,241,161,—,—,—,—,—,—,—,—,—,—,—,—,—,—,—,—,—,—,—,—,—,—,—,—,5112,5901,4798,-172,1103,23,—,—,5353,4131,-392,1222,23,-12,-9,5132,4014,-392,-13,-9,221,117,-2,0,-2,548,667,222,-119,19,68,50,402,314,-16,88,22,1,-5,—,—,-188,5901,4798,-172,1103,23,—,—,5353,4131,-392,1222,23,-12,-9,5132,4014,-392,-13,-9,221,117,-2,0,-2,548,667,222,-119,19,68,50,402,314,-16,88,22,1,-5,1191,5901,4798,-172,1103,23,—,—,5353,4131,-392,1222,23,-12,-9,548,667,222,-119,19,68,50,402,314,-16,88,22,1,-5,—,—,—,—,—,—,—,—,—,—,—,—,—,—,—,—,—,—,—,402,314,-16,88,22,1,-5,5901,4798,-172,1103,23,—,—,5353,4131,-392,1222,23,-12,-9,—,20.8,—,548,667,222,-119,19,68,50,—,—,—,—,—,—,—,—,—,—,—,—,—,—,—,—,—,—,—,—,—,—,—,—,—,—,—,—,—,—,—,—,—,—,—,—,—,—,—,—,—,—,—,—,—,—,—,—,—,—,—,—,—,—,—,—,—,—,—,—,—,—,—,—,—,—,—,—,—,—,—,—,—,—,—,—,—,—,—,—,—,—,—,—,—,—,—,—,—,—,—,—,—,—,—,—,—,—,—,—,—,—,—,—,—,—,—,—,—,—,—,—,—,—,—,402,314,-16,88,22,1,-5,5901,4798,-172,1103,23,—,—,548,667,222,-119,19,68,50,5353,4131,-392,1222,23,-12,-9,—,20.8,—,5132,4014,-392,-13,-9,221,117,-2,0,-2,—,5901,4798,-172,1103,23,—,—,548,667,222,-119,19,68,50,5353,4131,-392,1222,23,-12,-9,5132,4014,-392,-13,-9,221,117,-2,0,-2,402,314,-16,88,22,1,-5,—,—,—,—,—,—,—,—,—,—,—,—,—,—,—,—,—,—,—,—,—,—,—,—,—,—,—,—,—,—,—,—,—,—,—,—,—,—,—,—,—,—,—,—,—,—,—,—,—,—,—,—,—,—,—,—,—,—,—,—,—,—,—,—,—,—,—,—,—,—,—,—,—,—,—,—,—,—,—,—,—,—,—,—,—,—,—,—,—,—,—,—,—,—,—,—,—,—,—,—,—,—,—,—,—,—,—,—,—,—,—,—,—,—,—,—,—,—,—,—,—,—,—,—,—,—,—,—,—,—,—,—,—,—,—,—,—,—,—,—,—,—,—,—,—,—,—,—,—,—,—,—,97186,79703,79837,17483,16318,—,—,—,—,—,—,—,—,—,—,—,—,—,—,—,—,—,—,—,—,—,—,96155,79703,79837,17483,16318,—,—,—,—,—,—,—,—,—,—,—,—,—,—,—,—,—,—,—,—,
12/31/2019,7384,6948,5608,153.949,1339.459,21,—,—,6368,4934,147.161,1434,21,1,3,6143,4815,156.164,1,3,—,20.9,—,225,119,-9.003,-10,-6,580,674,6.788,-94.541,21,9,1,436,385,55.226,51.541,12,17,17,321.135,114.996,—,—,—,—,—,—,—,—,—,—,—,—,—,—,—,—,—,—,—,—,—,—,—,—,5993,6948,5608,153.949,1339.459,21,—,—,6368,4934,147.161,1434,21,1,3,6143,4815,156.164,1,3,225,119,-9.003,-10,-6,580,674,6.788,-94.541,21,9,1,436,385,55.226,51.541,12,17,17,—,—,209.175,6948,5608,153.949,1339.459,21,—,—,6368,4934,147.161,1434,21,1,3,6143,4815,156.164,1,3,225,119,-9.003,-10,-6,580,674,6.788,-94.541,21,9,1,436,385,55.226,51.541,12,17,17,1391,6948,5608,153.949,1339.459,21,—,—,6368,4934,147.161,1434,21,1,3,580,674,6.788,-94.541,21,9,1,436,385,55.226,51.541,12,17,17,—,—,—,—,—,—,—,—,—,—,—,—,—,—,—,—,—,—,—,436,385,55.226,51.541,12,17,17,6948,5608,153.949,1339.459,21,—,—,6368,4934,147.161,1434,21,1,3,—,20.9,—,580,674,6.788,-94.541,21,9,1,—,—,—,—,—,—,—,—,—,—,—,—,—,—,—,—,—,—,—,—,—,—,—,—,—,—,—,—,—,—,—,—,—,—,—,—,—,—,—,—,—,—,—,—,—,—,—,—,—,—,—,—,—,—,—,—,—,—,—,—,—,—,—,—,—,—,—,—,—,—,—,—,—,—,—,—,—,—,—,—,—,—,—,—,—,—,—,—,—,—,—,—,—,—,—,—,—,—,—,—,—,—,—,—,—,—,—,—,—,—,—,—,—,—,—,436,385,55.226,51.541,12,17,17,6948,5608,153.949,1339.459,21,—,—,580,674,6.788,-94.541,21,9,1,6368,4934,147.161,1434,21,1,3,—,20.9,—,6143,4815,156.164,1,3,225,119,-9.003,-10,-6,—,6948,5608,153.949,1339.459,21,—,—,580,674,6.788,-94.541,21,9,1,6368,4934,147.161,1434,21,1,3,6143,4815,156.164,1,3,225,119,-9.003,-10,-6,436,385,55.226,51.541,12,17,17,—,—,—,—,—,—,—,—,—,—,—,—,—,—,—,—,—,—,—,—,—,—,—,—,—,—,—,—,—,—,—,—,—,—,—,—,—,—,—,—,—,—,—,—,—,—,—,—,—,—,—,—,—,—,—,—,—,—,—,—,—,—,—,—,—,—,—,—,—,—,—,—,—,—,—,—,—,—,—,—,—,—,—,—,—,—,—,—,—,—,—,—,—,—,—,—,—,—,—,—,—,—,—,—,—,—,—,—,—,—,—,—,—,—,—,—,—,—,—,—,—,—,—,—,—,—,—,—,—,—,—,—,—,—,—,—,—,—,—,—,—,—,—,—,—,—,—,—,—,—,—,—,—,—,—,—,—,—,—,—,—,—,—,—,—,—,—,—,—,—,—,—,—,—,—,—,—,—,—,—,—,—,—,—,—,—,—,—,—,—,—,—,—,—,—,—,—,—,—,—,—,—,—,—,
03/31/2020,5985,5692,4469,810,1223,21,35,22,5132,3821,848,1311,26,38,29,4893,3699,843,39,30,—,20,—,239,122,5,11,4,560,648,-38,-88,21,14,-6,293,282,-34,11,4,-10,22,173,120,—,—,—,—,—,—,—,—,—,—,—,—,—,—,—,—,—,—,—,—,—,—,—,—,4751,5692,4469,810,1223,21,35,22,5132,3821,848,1311,26,38,29,4893,3699,843,39,30,239,122,5,11,4,560,648,-38,-88,21,14,-6,293,282,-34,11,4,-10,22,—,—,776,5692,4469,810,1223,21,35,22,5132,3821,848,1311,26,38,29,4893,3699,843,39,30,239,122,5,11,4,560,648,-38,-88,21,14,-6,293,282,-34,11,4,-10,22,1234,5692,4469,810,1223,21,35,22,5132,3821,848,1311,26,38,29,560,648,-38,-88,21,14,-6,293,282,-34,11,4,-10,22,—,—,—,—,—,—,—,—,—,—,—,—,—,—,—,—,—,—,—,293,282,-34,11,4,-10,22,5692,4469,810,1223,21,35,22,5132,3821,848,1311,26,38,29,—,20,—,560,648,-38,-88,21,14,-6,—,—,—,—,—,—,—,—,—,—,—,—,—,—,—,—,—,—,—,—,—,—,—,—,—,—,—,—,—,—,—,—,—,—,—,—,—,—,—,—,—,—,—,—,—,—,—,—,—,—,—,—,—,—,—,—,—,—,—,—,—,—,—,—,—,—,—,—,—,—,—,—,—,—,—,—,—,—,—,—,—,—,—,—,—,—,—,—,—,—,—,—,—,—,—,—,—,—,—,—,—,—,—,—,—,—,—,—,—,—,—,—,—,—,—,293,282,-34,11,4,-10,22,5692,4469,810,1223,21,35,22,560,648,-38,-88,21,14,-6,5132,3821,848,1311,26,38,29,—,20,—,4893,3699,843,39,30,239,122,5,11,4,—,5692,4469,810,1223,21,35,22,560,648,-38,-88,21,14,-6,5132,3821,848,1311,26,38,29,4893,3699,843,39,30,239,122,5,11,4,293,282,-34,11,4,-10,22,—,—,—,—,—,—,—,—,—,—,—,—,—,—,—,—,—,—,—,—,—,—,—,—,—,—,—,—,—,—,—,—,—,—,—,—,—,—,—,—,—,—,—,—,—,—,—,—,—,—,—,—,—,—,—,—,—,—,—,—,—,—,—,—,—,—,—,—,—,—,—,—,—,—,—,—,—,—,—,—,—,—,—,—,—,—,—,—,—,—,—,—,—,—,—,—,—,—,—,—,—,—,—,—,—,—,—,—,—,—,—,—,—,—,—,—,—,—,—,—,—,—,—,—,—,—,—,—,—,—,—,—,—,—,—,—,—,—,—,—,—,—,—,—,—,—,—,—,—,—,—,—,88496,76266,87282,12230,15390,—,—,—,—,—,—,—,—,—,—,—,—,—,—,—,—,—,—,—,—,—,—,102672,76266,87282,12230,15390,—,—,—,—,—,—,—,—,—,—,—,—,—,—,—,—,—,—,—,—,
06/30/2020,6036,5666,4420,-683,1246,22,—,—,5179,3862,-498,1317,25,-4,-11,4911,3714,-540,-5,-13,—,18.7,—,268,148,42,29,40,487,558,-185,-71,22,-20,-25,370,349,23,21,6,0,7,225,145,—,—,—,—,—,—,—,—,—,—,—,—,—,—,—,—,—,—,—,—,—,—,—,—,4769,5666,4420,-683,1246,22,—,—,5179,3862,-498,1317,25,-4,-11,4911,3714,-540,-5,-13,268,148,42,29,40,487,558,-185,-71,22,-20,-25,370,349,23,21,6,0,7,—,—,-660,5666,4420,-683,1246,22,—,—,5179,3862,-498,1317,25,-4,-11,4911,3714,-540,-5,-13,268,148,42,29,40,487,558,-185,-71,22,-20,-25,370,349,23,21,6,0,7,1267,5666,4420,-683,1246,22,—,—,5179,3862,-498,1317,25,-4,-11,487,558,-185,-71,22,-20,-25,370,349,23,21,6,0,7,—,—,—,—,—,—,—,—,—,—,—,—,—,—,—,—,—,—,—,370,349,23,21,6,0,7,5666,4420,-683,1246,22,—,—,5179,3862,-498,1317,25,-4,-11,—,18.7,—,487,558,-185,-71,22,-20,-25,—,—,—,—,—,—,—,—,—,—,—,—,—,—,—,—,—,—,—,—,—,—,—,—,—,—,—,—,—,—,—,—,—,—,—,—,—,—,—,—,—,—,—,—,—,—,—,—,—,—,—,—,—,—,—,—,—,—,—,—,—,—,—,—,—,—,—,—,—,—,—,—,—,—,—,—,—,—,—,—,—,—,—,—,—,—,—,—,—,—,—,—,—,—,—,—,—,—,—,—,—,—,—,—,—,—,—,—,—,—,—,—,—,—,—,370,349,23,21,6,0,7,5666,4420,-683,1246,22,—,—,487,558,-185,-71,22,-20,-25,5179,3862,-498,1317,25,-4,-11,—,18.7,—,4911,3714,-540,-5,-13,268,148,42,29,40,—,5666,4420,-683,1246,22,—,—,487,558,-185,-71,22,-20,-25,5179,3862,-498,1317,25,-4,-11,4911,3714,-540,-5,-13,268,148,42,29,40,370,349,23,21,6,0,7,—,—,—,—,—,—,—,—,—,—,—,—,—,—,—,—,—,—,—,—,—,—,—,—,—,—,—,—,—,—,—,—,—,—,—,—,—,—,—,—,—,—,—,—,—,—,—,—,—,—,—,—,—,—,—,—,—,—,—,—,—,—,—,—,—,—,—,—,—,—,—,—,—,—,—,—,—,—,—,—,—,—,—,—,—,—,—,—,—,—,—,—,—,—,—,—,—,—,—,—,—,—,—,—,—,—,—,—,—,—,—,—,—,—,—,—,—,—,—,—,—,—,—,—,—,—,—,—,—,—,—,—,—,—,—,—,—,—,—,—,—,—,—,—,—,—,—,—,—,—,—,—,90650,80050,75946,10600,6326,—,—,—,—,—,—,—,—,—,—,—,—,—,—,—,—,—,—,—,—,—,—,82272,80050,75946,10600,6326,—,—,—,—,—,—,—,—,—,—,—,—,—,—,—,—,—,—,—,—,
09/30/2020,8771,8192,6150,1352,2042,25,—,—,7611,5506,1375,2105,28,42,33,7346,5361,1347,43,34,—,23.7,—,265,145,28,20,24,581,644,-23,-63,25,6,-3,579,558,244,21,4,44,78,439,140,—,—,—,—,—,—,—,—,—,—,—,—,—,—,—,—,—,—,—,—,—,—,—,—,6708,8192,6150,1352,2042,25,—,—,7611,5506,1375,2105,28,42,33,7346,5361,1347,43,34,265,145,28,20,24,581,644,-23,-63,25,6,-3,579,558,244,21,4,44,78,—,—,1596,8192,6150,1352,2042,25,—,—,7611,5506,1375,2105,28,42,33,7346,5361,1347,43,34,265,145,28,20,24,581,644,-23,-63,25,6,-3,579,558,244,21,4,44,78,2063,8192,6150,1352,2042,25,—,—,7611,5506,1375,2105,28,42,33,581,644,-23,-63,25,6,-3,579,558,244,21,4,44,78,—,—,—,—,—,—,—,—,—,—,—,—,—,—,—,—,—,—,—,579,558,244,21,4,44,78,8192,6150,1352,2042,25,—,—,7611,5506,1375,2105,28,42,33,—,23.7,—,581,644,-23,-63,25,6,-3,—,—,—,—,—,—,—,—,—,—,—,—,—,—,—,—,—,—,—,—,—,—,—,—,—,—,—,—,—,—,—,—,—,—,—,—,—,—,—,—,—,—,—,—,—,—,—,—,—,—,—,—,—,—,—,—,—,—,—,—,—,—,—,—,—,—,—,—,—,—,—,—,—,—,—,—,—,—,—,—,—,—,—,—,—,—,—,—,—,—,—,—,—,—,—,—,—,—,—,—,—,—,—,—,—,—,—,—,—,—,—,—,—,—,—,579,558,244,21,4,44,78,8192,6150,1352,2042,25,—,—,581,644,-23,-63,25,6,-3,7611,5506,1375,2105,28,42,33,—,23.7,—,7346,5361,1347,43,34,265,145,28,20,24,—,8192,6150,1352,2042,25,—,—,581,644,-23,-63,25,6,-3,7611,5506,1375,2105,28,42,33,7346,5361,1347,43,34,265,145,28,20,24,579,558,244,21,4,44,78,—,—,—,—,—,—,—,—,—,—,—,—,—,—,—,—,—,—,—,—,—,—,—,—,—,—,—,—,—,—,—,—,—,—,—,—,—,—,—,—,—,—,—,—,—,—,—,—,—,—,—,—,—,—,—,—,—,—,—,—,—,—,—,—,—,—,—,—,—,—,—,—,—,—,—,—,—,—,—,—,—,—,—,—,—,—,—,—,—,—,—,—,—,—,—,—,—,—,—,—,—,—,—,—,—,—,—,—,—,—,—,—,—,—,—,—,—,—,—,—,—,—,—,—,—,—,—,—,—,—,—,—,—,—,—,—,—,—,—,—,—,—,—,—,—,—,—,—,—,—,—,—,139593,124318,128044,15275,16992,—,—,—,—,—,—,—,—,—,—,—,—,—,—,—,—,—,—,—,—,—,—,145036,124318,128044,15275,16992,—,—,—,—,—,—,—,—,—,—,—,—,—,—,—,—,—,—,—,—,
12/31/2020,10744,9992,7891,2283,2101,24.1,—,—,9314,7070,2136,2244,24.1,46,43,9034,6922,2107,47,43,—,20.7,—,280,148,29,24,24,678,821,147,-143,20,16,21,752,787,402,-35,-10,72,104,640,112,—,—,—,—,—,—,—,—,—,—,—,—,—,—,—,—,—,—,—,—,—,—,—,—,8678,9992,7891,2283,2101,24.1,—,—,9314,7070,2136,2244,24.1,46,43,9034,6922,2107,47,43,280,148,29,24,24,678,821,147,-143,20,16,21,752,787,402,-35,-10,72,104,—,—,2685,9992,7891,2283,2101,24.1,—,—,9314,7070,2136,2244,24.1,46,43,9034,6922,2107,47,43,280,148,29,24,24,678,821,147,-143,20,16,21,752,787,402,-35,-10,72,104,2066,9992,7891,2283,2101,24.1,—,—,9314,7070,2136,2244,24.1,46,43,678,821,147,-143,20,16,21,752,787,402,-35,-10,72,104,—,—,—,—,—,—,—,—,—,—,—,—,—,—,—,—,—,—,—,752,787,402,-35,-10,72,104,9992,7891,2283,2101,24.1,—,—,9314,7070,2136,2244,24.1,46,43,—,20.7,—,678,821,147,-143,20,16,21,—,—,—,—,—,—,—,—,—,—,—,—,—,—,—,—,—,—,—,—,—,—,—,—,—,—,—,—,—,—,—,—,—,—,—,—,—,—,—,—,—,—,—,—,—,—,—,—,—,—,—,—,—,—,—,—,—,—,—,—,—,—,—,—,—,—,—,—,—,—,—,—,—,—,—,—,—,—,—,—,—,—,—,—,—,—,—,—,—,—,—,—,—,—,—,—,—,—,—,—,—,—,—,—,—,—,—,—,—,—,—,—,—,—,—,752,787,402,-35,-10,72,104,9992,7891,2283,2101,24.1,—,—,678,821,147,-143,20,16,21,9314,7070,2136,2244,24.1,46,43,—,20.7,—,9034,6922,2107,47,43,280,148,29,24,24,—,9992,7891,2283,2101,24.1,—,—,678,821,147,-143,20,16,21,9314,7070,2136,2244,24.1,46,43,9034,6922,2107,47,43,280,148,29,24,24,752,787,402,-35,-10,72,104,—,—,—,—,—,—,—,—,—,—,—,—,—,—,—,—,—,—,—,—,—,—,—,—,—,—,—,—,—,—,—,—,—,—,—,—,—,—,—,—,—,—,—,—,—,—,—,—,—,—,—,—,—,—,—,—,—,—,—,—,—,—,—,—,—,—,—,—,—,—,—,—,—,—,—,—,—,—,—,—,—,—,—,—,—,—,—,—,—,—,—,—,—,—,—,—,—,—,—,—,—,—,—,—,—,—,—,—,—,—,—,—,—,—,—,—,—,—,—,—,—,—,—,—,—,—,—,—,—,—,—,—,—,—,—,—,—,—,—,—,—,—,—,—,—,—,—,—,—,—,—,—,—,—,—,—,—,—,—,—,—,—,—,—,—,—,—,—,—,—,—,—,—,—,—,—,—,—,—,—,—,—,—,—,—,—,—,—,—,—,—,—,—,—,—,—,—,—,—,—,—,—,—,—,
03/31/2021,10389,9895,7579,3110,2316,23,75,73,9002,6617,2796,2385,26.5,75,73,8705,6457,2758,78,75,—,22,—,297,160,38,24,31,893,962,314,-69,23,59,48,494,595,313,-101,-20,69,111,383,111,—,—,—,—,—,—,—,—,—,—,—,—,—,—,—,—,—,—,—,—,—,—,—,—,8174,9895,7579,3110,2316,23,75,73,9002,6617,2796,2385,26.5,75,73,8705,6457,2758,78,75,297,160,38,24,31,893,962,314,-69,23,59,48,494,595,313,-101,-20,69,111,—,—,3423,9895,7579,3110,2316,23,75,73,9002,6617,2796,2385,26.5,75,73,8705,6457,2758,78,75,297,160,38,24,31,893,962,314,-69,23,59,48,494,595,313,-101,-20,69,111,2215,9895,7579,3110,2316,23,75,73,9002,6617,2796,2385,26.5,75,73,893,962,314,-69,23,59,48,494,595,313,-101,-20,69,111,—,—,—,—,—,—,—,—,—,—,—,—,—,—,—,—,—,—,—,494,595,313,-101,-20,69,111,9895,7579,3110,2316,23,75,73,9002,6617,2796,2385,26.5,75,73,—,22,—,893,962,314,-69,23,59,48,—,—,—,—,—,—,—,—,—,—,—,—,—,—,—,—,—,—,—,—,—,—,—,—,—,—,—,—,—,—,—,—,—,—,—,—,—,—,—,—,—,—,—,—,—,—,—,—,—,—,—,—,—,—,—,—,—,—,—,—,—,—,—,—,—,—,—,—,—,—,—,—,—,—,—,—,—,—,—,—,—,—,—,—,—,—,—,—,—,—,—,—,—,—,—,—,—,—,—,—,—,—,—,—,—,—,—,—,—,—,—,—,—,—,—,494,595,313,-101,-20,69,111,9895,7579,3110,2316,23,75,73,893,962,314,-69,23,59,48,9002,6617,2796,2385,26.5,75,73,—,22,—,8705,6457,2758,78,75,297,160,38,24,31,—,9895,7579,3110,2316,23,75,73,893,962,314,-69,23,59,48,9002,6617,2796,2385,26.5,75,73,8705,6457,2758,78,75,297,160,38,24,31,494,595,313,-101,-20,69,111,—,—,—,—,—,—,—,—,—,—,—,—,—,—,—,—,—,—,—,—,—,—,—,—,—,—,—,—,—,—,—,—,—,—,—,—,—,—,—,—,—,—,—,—,—,—,—,—,—,—,—,—,—,—,—,—,—,—,—,—,—,—,—,—,—,—,—,—,—,—,—,—,—,—,—,—,—,—,—,—,—,—,—,—,—,—,—,—,—,—,—,—,—,—,—,—,—,—,—,—,—,—,—,—,—,—,—,—,—,—,—,—,—,—,—,—,—,—,—,—,—,—,—,—,—,—,—,—,—,—,—,—,—,—,—,—,—,—,—,—,—,—,—,—,—,—,—,—,—,—,—,—,184877,182847,180338,2030,0,—,—,—,—,—,—,—,—,—,—,—,—,—,—,—,—,—,—,—,—,—,—,180338,182847,180338,2030,0,—,—,—,—,—,—,—,—,—,—,—,—,—,—,—,—,—,—,—,—,
06/30/2021,11958,11157,8293,3873,2864,26,97,88,10206,7307,3445,2899,28,97,89,9874,7119,3405,101,92,—,25.8,—,332,188,40,24,27,951,986,428,-35,26,95,77,801,781,432,20,2,116,124,653,148,—,—,—,—,—,—,—,—,—,—,—,—,—,—,—,—,—,—,—,—,—,—,—,—,9074,11157,8293,3873,2864,26,97,88,10206,7307,3445,2899,28,97,89,9874,7119,3405,101,92,332,188,40,24,27,951,986,428,-35,26,95,77,801,781,432,20,2,116,124,—,—,4305,11157,8293,3873,2864,26,97,88,10206,7307,3445,2899,28,97,89,9874,7119,3405,101,92,332,188,40,24,27,951,986,428,-35,26,95,77,801,781,432,20,2,116,124,2884,11157,8293,3873,2864,26,97,88,10206,7307,3445,2899,28,97,89,951,986,428,-35,26,95,77,801,781,432,20,2,116,124,—,—,—,—,—,—,—,—,—,—,—,—,—,—,—,—,—,—,—,801,781,432,20,2,116,124,11157,8293,3873,2864,26,97,88,10206,7307,3445,2899,28,97,89,—,25.8,—,951,986,428,-35,26,95,77,—,—,—,—,—,—,—,—,—,—,—,—,—,—,—,—,—,—,—,—,—,—,—,—,—,—,—,—,—,—,—,—,—,—,—,—,—,—,—,—,—,—,—,—,—,—,—,—,—,—,—,—,—,—,—,—,—,—,—,—,—,—,—,—,—,—,—,—,—,—,—,—,—,—,—,—,—,—,—,—,—,—,—,—,—,—,—,—,—,—,—,—,—,—,—,—,—,—,—,—,—,—,—,—,—,—,—,—,—,—,—,—,—,—,—,801,781,432,20,2,116,124,11157,8293,3873,2864,26,97,88,951,986,428,-35,26,95,77,10206,7307,3445,2899,28,97,89,—,25.8,—,9874,7119,3405,101,92,332,188,40,24,27,—,11157,8293,3873,2864,26,97,88,951,986,428,-35,26,95,77,10206,7307,3445,2899,28,97,89,9874,7119,3405,101,92,332,188,40,24,27,801,781,432,20,2,116,124,—,—,—,—,—,—,—,—,—,—,—,—,—,—,—,—,—,—,—,—,—,—,—,—,—,—,—,—,—,—,—,—,—,—,—,—,—,—,—,—,—,—,—,—,—,—,—,—,—,—,—,—,—,—,—,—,—,—,—,—,—,—,—,—,—,—,—,—,—,—,—,—,—,—,—,—,—,—,—,—,—,—,—,—,—,—,—,—,—,—,—,—,—,—,—,—,—,—,—,—,—,—,—,—,—,—,—,—,—,—,—,—,—,—,—,—,—,—,—,—,—,—,—,—,—,—,—,—,—,—,—,—,—,—,—,—,—,—,—,—,—,—,—,—,—,—,—,—,—,—,—,—,201304,199409,204081,1895,2340,—,—,—,—,—,—,—,—,—,—,—,—,—,—,—,—,—,—,—,—,—,—,206421,199409,204081,1895,2340,—,—,—,—,—,—,—,—,—,—,—,—,—,—,—,—,—,—,—,—,
09/30/2021,13757,12951,9294,3144,3657,28,58,51,12057,8384,2878,3673,30,58,52,11672,8150,2789,59,52,—,28.8,—,385,234,89,45,61,894,910,266,-16,28,54,41,806,803,245,3,0,39,44,662,144,—,—,—,—,—,—,—,—,—,—,—,—,—,—,—,—,—,—,—,—,—,—,—,—,10097,12951,9294,3144,3657,28,58,51,12057,8384,2878,3673,30,58,52,11672,8150,2789,59,52,385,234,89,45,61,894,910,266,-16,28,54,41,806,803,245,3,0,39,44,—,—,3389,12951,9294,3144,3657,28,58,51,12057,8384,2878,3673,30,58,52,11672,8150,2789,59,52,385,234,89,45,61,894,910,266,-16,28,54,41,806,803,245,3,0,39,44,3660,12951,9294,3144,3657,28,58,51,12057,8384,2878,3673,30,58,52,894,910,266,-16,28,54,41,806,803,245,3,0,39,44,—,—,—,—,—,—,—,—,—,—,—,—,—,—,—,—,—,—,—,806,803,245,3,0,39,44,12951,9294,3144,3657,28,58,51,12057,8384,2878,3673,30,58,52,—,28.8,—,894,910,266,-16,28,54,41,—,—,—,—,—,—,—,—,—,—,—,—,—,—,—,—,—,—,—,—,—,—,—,—,—,—,—,—,—,—,—,—,—,—,—,—,—,—,—,—,—,—,—,—,—,—,—,—,—,—,—,—,—,—,—,—,—,—,—,—,—,—,—,—,—,—,—,—,—,—,—,—,—,—,—,—,—,—,—,—,—,—,—,—,—,—,—,—,—,—,—,—,—,—,—,—,—,—,—,—,—,—,—,—,—,—,—,—,—,—,—,—,—,—,—,806,803,245,3,0,39,44,12951,9294,3144,3657,28,58,51,894,910,266,-16,28,54,41,12057,8384,2878,3673,30,58,52,—,28.8,—,11672,8150,2789,59,52,385,234,89,45,61,—,12951,9294,3144,3657,28,58,51,894,910,266,-16,28,54,41,12057,8384,2878,3673,30,58,52,11672,8150,2789,59,52,385,234,89,45,61,806,803,245,3,0,39,44,—,—,—,—,—,—,—,—,—,—,—,—,—,—,—,—,—,—,—,—,—,—,—,—,—,—,—,—,—,—,—,—,—,—,—,—,—,—,—,—,—,—,—,—,—,—,—,—,—,—,—,—,—,—,—,—,—,—,—,—,—,—,—,—,—,—,—,—,—,—,—,—,—,—,—,—,—,—,—,—,—,—,—,—,—,—,—,—,—,—,—,—,—,—,—,—,—,—,—,—,—,—,—,—,—,—,—,—,—,—,—,—,—,—,—,—,—,—,—,—,—,—,—,—,—,—,—,—,—,—,—,—,—,—,—,—,—,—,—,—,—,—,—,—,—,—,—,—,—,—,—,—,241391,232102,228882,9289,8941,—,—,—,—,—,—,—,—,—,—,—,—,—,—,—,—,—,—,—,—,—,—,237823,232102,228882,9289,8941,—,—,—,—,—,—,—,—,—,—,—,—,—,—,—,—,—,—,—,—,
12/31/2021,17719,17031,12133,4242,4898,26.9,71.4,—,15967,11085,4015,4882,30.6,71.4,—,15339,10689,3767,69,—,—,29.2,—,628,396,248,56,—,1064,1048,227,16,30.6,57,—,688,739,-48,-51,-4.5,-8.5,—,581,107,—,—,—,—,—,—,—,—,—,—,—,—,—,—,—,—,—,—,—,—,—,—,—,—,12872,17031,12133,4242,4898,26.9,71.4,—,15967,11085,4015,4882,30.6,71.4,—,15339,10689,3767,69,—,628,396,248,56,—,1064,1048,227,16,30.6,57,—,688,739,-48,-51,-4.5,-8.5,—,—,—,4194,17031,12133,4242,4898,26.9,71.4,—,15967,11085,4015,4882,30.6,71.4,—,15339,10689,3767,69,—,628,396,248,56,—,1064,1048,227,16,30.6,57,—,688,739,-48,-51,-4.5,-8.5,—,4847,17031,12133,4242,4898,26.9,71.4,—,15967,11085,4015,4882,30.6,71.4,—,1064,1048,227,16,30.6,57,—,688,739,-48,-51,-4.5,-8.5,—,—,—,—,—,—,—,—,—,—,—,—,—,—,—,—,—,—,—,—,688,739,-48,-51,-4.5,-8.5,—,17031,12133,4242,4898,26.9,71.4,—,15967,11085,4015,4882,30.6,71.4,—,—,29.2,—,1064,1048,227,16,30.6,57,—,—,—,—,—,—,—,—,—,—,—,—,—,—,—,—,—,—,—,—,—,—,—,—,—,—,—,—,—,—,—,—,—,—,—,—,—,—,—,—,—,—,—,—,—,—,—,—,—,—,—,—,—,—,—,—,—,—,—,—,—,—,—,—,—,—,—,—,—,—,—,—,—,—,—,—,—,—,—,—,—,—,—,—,—,—,—,—,—,—,—,—,—,—,—,—,—,—,—,—,—,—,—,—,—,—,—,—,—,—,—,—,—,—,—,—,688,739,-48,-51,-4.5,-8.5,—,17031,12133,4242,4898,26.9,71.4,—,1064,1048,227,16,30.6,57,—,15967,11085,4015,4882,30.6,71.4,—,—,29.2,—,15339,10689,3767,69,—,628,396,248,56,—,—,17031,12133,4242,4898,26.9,71.4,—,1064,1048,227,16,30.6,57,—,15967,11085,4015,4882,30.6,71.4,—,15339,10689,3767,69,—,628,396,248,56,—,688,739,-48,-51,-4.5,-8.5,—,—,—,—,—,—,—,—,—,—,—,—,—,—,—,—,—,—,—,—,—,—,—,—,—,—,—,—,—,—,—,—,—,—,—,—,—,—,—,—,—,—,—,—,—,—,—,—,—,—,—,—,—,—,—,—,—,—,—,—,—,—,—,—,—,—,—,—,—,—,—,—,—,—,—,—,—,—,—,—,—,—,—,—,—,—,—,—,—,—,—,—,—,—,—,—,—,—,—,—,—,—,—,—,—,—,—,—,—,—,—,—,—,—,—,—,—,—,—,—,—,—,—,—,—,—,—,—,—,—,—,—,—,—,—,—,—,—,—,—,—,—,—,—,—,—,—,—,—,—,—,—,—,308650,296884,292731,11766,13109,—,—,—,—,—,—,—,—,—,—,—,—,—,—,—,—,—,—,—,—,—,—,305840,296884,292731,11766,13109,—,—,—,—,—,—,—,—,—,—,—,—,—,—,—,—,—,—,—,—,
03/31/2022,18756,18140,12608,5029,5532,21.1,83,—,16861,11322,4705,5539,32.9,87,71,15514,10914,4457,89,69,679,30,31,668,408,248,125,155,1279,1286,324,-7,30.5,43,34,616,688,93,-72,-11.7,83,16,503,113,—,—,—,—,—,—,—,—,—,—,—,—,—,—,—,—,—,—,—,—,—,—,—,—,13296,18140,12608,5029,5532,21.1,83,—,16861,11322,4705,5539,32.9,87,71,15514,10914,4457,89,69,668,408,248,125,155,1279,1286,324,-7,30.5,43,34,616,688,93,-72,-11.7,83,16,—,—,5122,18140,12608,5029,5532,21.1,83,—,16861,11322,4705,5539,32.9,87,71,15514,10914,4457,89,69,668,408,248,125,155,1279,1286,324,-7,30.5,43,34,616,688,93,-72,-11.7,83,16,5460,18140,12608,5029,5532,21.1,83,—,16861,11322,4705,5539,32.9,87,71,1279,1286,324,-7,30.5,43,34,616,688,93,-72,-11.7,83,16,—,—,—,—,—,—,—,—,—,—,—,—,—,—,—,—,—,—,—,616,688,93,-72,-11.7,83,16,18140,12608,5029,5532,21.1,83,—,16861,11322,4705,5539,32.9,87,71,679,30,31,1279,1286,324,-7,30.5,43,34,—,—,—,—,—,—,—,—,—,—,—,—,—,—,—,—,—,—,—,—,—,—,—,—,—,—,—,—,—,—,—,—,—,—,—,—,—,—,—,—,—,—,—,—,—,—,—,—,—,—,—,—,—,—,—,—,—,—,—,—,—,—,—,—,—,—,—,—,—,—,—,—,—,—,—,—,—,—,—,—,—,—,—,—,—,—,—,—,—,—,—,—,—,—,—,—,—,—,—,—,—,—,—,—,—,—,—,—,—,—,—,—,—,—,—,616,688,93,-72,-11.7,83,16,18140,12608,5029,5532,21.1,83,—,1279,1286,324,-7,30.5,43,34,16861,11322,4705,5539,32.9,87,71,679,30,31,15514,10914,4457,89,69,668,408,248,125,155,—,18140,12608,5029,5532,21.1,83,—,1279,1286,324,-7,30.5,43,34,16861,11322,4705,5539,32.9,87,71,15514,10914,4457,89,69,668,408,248,125,155,616,688,93,-72,-11.7,83,16,—,—,—,—,—,—,—,—,—,—,—,—,—,—,—,—,—,—,—,—,—,—,—,—,—,—,—,—,—,—,—,—,—,—,—,—,—,—,—,—,—,—,—,—,—,—,—,—,—,—,—,—,—,—,—,—,—,—,—,—,—,—,—,—,—,—,—,—,—,—,—,—,—,—,—,—,—,—,—,—,—,—,—,—,—,—,—,—,—,—,—,—,—,—,—,—,—,—,—,—,—,—,—,—,—,—,—,—,—,—,—,—,—,—,—,—,—,—,—,—,—,—,—,—,—,—,—,—,—,—,—,—,—,—,—,—,—,—,—,—,—,—,—,—,—,—,—,—,—,—,—,—,310048,295324,291189,14724,14218,—,—,—,—,—,—,—,—,—,—,—,—,—,—,—,—,—,—,—,—,—,—,305407,295324,291189,14724,14218,—,—,—,—,—,—,—,—,—,—,—,—,—,—,—,—,—,—,—,—,
06/30/2022,16934,16068,11931,3638,4081,25.7,44,—,14602,10521,3214,4081,27.9,43,44,13670,10153,3034,44,43,344,26.2,-3,588,368,180,77,96,1466,1410,424,56,25.7,54,43,866,769,-12,97,11.2,8,-2,717,149,—,—,—,—,—,—,—,—,—,—,—,—,—,—,—,—,—,—,—,—,—,—,—,—,12700,16068,11931,3638,4081,25.7,44,—,14602,10521,3214,4081,27.9,43,44,13670,10153,3034,44,43,588,368,180,77,96,1466,1410,424,56,25.7,54,43,866,769,-12,97,11.2,8,-2,—,—,3626,16068,11931,3638,4081,25.7,44,—,14602,10521,3214,4081,27.9,43,44,13670,10153,3034,44,43,588,368,180,77,96,1466,1410,424,56,25.7,54,43,866,769,-12,97,11.2,8,-2,4178,16068,11931,3638,4081,25.7,44,—,14602,10521,3214,4081,27.9,43,44,1466,1410,424,56,25.7,54,43,866,769,-12,97,11.2,8,-2,—,—,—,—,—,—,—,—,—,—,—,—,—,—,—,—,—,—,—,866,769,-12,97,11.2,8,-2,16068,11931,3638,4081,25.7,44,—,14602,10521,3214,4081,27.9,43,44,344,26.2,-3,1466,1410,424,56,25.7,54,43,—,—,—,—,—,—,—,—,—,—,—,—,—,—,—,—,—,—,—,—,—,—,—,—,—,—,—,—,—,—,—,—,—,—,—,—,—,—,—,—,—,—,—,—,—,—,—,—,—,—,—,—,—,—,—,—,—,—,—,—,—,—,—,—,—,—,—,—,—,—,—,—,—,—,—,—,—,—,—,—,—,—,—,—,—,—,—,—,—,—,—,—,—,—,—,—,—,—,—,—,—,—,—,—,—,—,—,—,—,—,—,—,—,—,—,866,769,-12,97,11.2,8,-2,16068,11931,3638,4081,25.7,44,—,1466,1410,424,56,25.7,54,43,14602,10521,3214,4081,27.9,43,44,344,26.2,-3,13670,10153,3034,44,43,588,368,180,77,96,—,16068,11931,3638,4081,25.7,44,—,1466,1410,424,56,25.7,54,43,14602,10521,3214,4081,27.9,43,44,13670,10153,3034,44,43,588,368,180,77,96,866,769,-12,97,11.2,8,-2,—,—,—,—,—,—,—,—,—,—,—,—,—,—,—,—,—,—,—,—,—,—,—,—,—,—,—,—,—,—,—,—,—,—,—,—,—,—,—,—,—,—,—,—,—,—,—,—,—,—,—,—,—,—,—,—,—,—,—,—,—,—,—,—,—,—,—,—,—,—,—,—,—,—,—,—,—,—,—,—,—,—,—,—,—,—,—,—,—,—,—,—,—,—,—,—,—,—,—,—,—,—,—,—,—,—,—,—,—,—,—,—,—,—,—,—,—,—,—,—,—,—,—,—,—,—,—,—,—,—,—,—,—,—,—,—,—,—,—,—,—,—,—,—,—,—,—,—,—,—,—,—,254695,238533,242169,16162,16411,—,—,—,—,—,—,—,—,—,—,—,—,—,—,—,—,—,—,—,—,—,—,258580,238533,242169,16162,16411,—,—,—,—,—,—,—,—,—,—,—,—,—,—,—,—,—,—,—,—,
09/30/2022,21454,20337,15059,5765,5278,26,39,—,18692,13480,5096,5212,27.9,55,61,17785,13099,4949,56,61,286,26.8,3,621,381,147,61,63,1645,1579,669,66,26,84,74,1117,1013,210,104,9.3,39,26,966,151,—,—,—,—,—,—,—,—,—,—,—,—,—,—,—,—,—,—,—,—,—,—,—,—,16072,20337,15059,5765,5278,26,39,—,18692,13480,5096,5212,27.9,55,61,17785,13099,4949,56,61,621,381,147,61,63,1645,1579,669,66,26,84,74,1117,1013,210,104,9.3,39,26,—,—,5975,20337,15059,5765,5278,26,39,—,18692,13480,5096,5212,27.9,55,61,17785,13099,4949,56,61,621,381,147,61,63,1645,1579,669,66,26,84,74,1117,1013,210,104,9.3,39,26,5382,20337,15059,5765,5278,26,39,—,18692,13480,5096,5212,27.9,55,61,1645,1579,669,66,26,84,74,1117,1013,210,104,9.3,39,26,—,—,—,—,—,—,—,—,—,—,—,—,—,—,—,—,—,—,—,1117,1013,210,104,9.3,39,26,20337,15059,5765,5278,26,39,—,18692,13480,5096,5212,27.9,55,61,286,26.8,3,1645,1579,669,66,26,84,74,—,—,—,—,—,—,—,—,—,—,—,—,—,—,—,—,—,—,—,—,—,—,—,—,—,—,—,—,—,—,—,—,—,—,—,—,—,—,—,—,—,—,—,—,—,—,—,—,—,—,—,—,—,—,—,—,—,—,—,—,—,—,—,—,—,—,—,—,—,—,—,—,—,—,—,—,—,—,—,—,—,—,—,—,—,—,—,—,—,—,—,—,—,—,—,—,—,—,—,—,—,—,—,—,—,—,—,—,—,—,—,—,—,—,—,1117,1013,210,104,9.3,39,26,20337,15059,5765,5278,26,39,—,1645,1579,669,66,26,84,74,18692,13480,5096,5212,27.9,55,61,286,26.8,3,17785,13099,4949,56,61,621,381,147,61,63,—,20337,15059,5765,5278,26,39,—,1645,1579,669,66,26,84,74,18692,13480,5096,5212,27.9,55,61,17785,13099,4949,56,61,621,381,147,61,63,1117,1013,210,104,9.3,39,26,—,—,—,—,—,—,—,—,—,—,—,—,—,—,—,—,—,—,—,—,—,—,—,—,—,—,—,—,—,—,—,—,—,—,—,—,—,—,—,—,—,—,—,—,—,—,—,—,—,—,—,—,—,—,—,—,—,—,—,—,—,—,—,—,—,—,—,—,—,—,—,—,—,—,—,—,—,—,—,—,—,—,—,—,—,—,—,—,—,—,—,—,—,—,—,—,—,—,—,—,—,—,—,—,—,—,—,—,—,—,—,—,—,—,—,—,—,—,—,—,—,—,—,—,—,—,—,—,—,—,—,—,—,—,—,—,—,—,—,—,—,—,—,—,—,—,—,—,—,—,—,—,343830,325158,345988,18672,19935,—,—,—,—,—,—,—,—,—,—,—,—,—,—,—,—,—,—,—,—,—,—,365923,325158,345988,18672,19935,—,—,—,—,—,—,—,—,—,—,—,—,—,—,—,—,—,—,—,—,
12/31/2022,24318,23008,17390,5257,5618,26.5,—,—,21307,15785,4700,5522,25.9,—,—,20241,15433,4744,—,—,467,8.2,—,599,352,-44,—,—,1701,1605,557,96,—,—,—,1310,1151,412,159,7.4,—,—,1190,120,—,—,—,—,—,—,—,—,—,—,—,—,—,—,—,—,—,—,—,—,—,—,—,—,18541,23008,17390,5257,5618,26.5,—,—,21307,15785,4700,5522,25.9,—,—,20241,15433,4744,—,—,599,352,-44,—,—,1701,1605,557,96,—,—,—,1310,1151,412,159,7.4,—,—,—,—,5669,23008,17390,5257,5618,26.5,—,—,21307,15785,4700,5522,25.9,—,—,20241,15433,4744,—,—,599,352,-44,—,—,1701,1605,557,96,—,—,—,1310,1151,412,159,7.4,—,—,5777,23008,17390,5257,5618,26.5,—,—,21307,15785,4700,5522,25.9,—,—,1701,1605,557,96,—,—,—,1310,1151,412,159,7.4,—,—,—,—,—,—,—,—,—,—,—,—,—,—,—,—,—,—,—,—,—,1310,1151,412,159,7.4,—,—,23008,17390,5257,5618,26.5,—,—,21307,15785,4700,5522,25.9,—,—,467,8.2,—,1701,1605,557,96,—,—,—,—,—,—,—,—,—,—,—,—,—,—,—,—,—,—,—,—,—,—,—,—,—,—,—,—,—,—,—,—,—,—,—,—,—,—,—,—,—,—,—,—,—,—,—,—,—,—,—,—,—,—,—,—,—,—,—,—,—,—,—,—,—,—,—,—,—,—,—,—,—,—,—,—,—,—,—,—,—,—,—,—,—,—,—,—,—,—,—,—,—,—,—,—,—,—,—,—,—,—,—,—,—,—,—,—,—,—,—,—,—,—,—,—,—,—,1310,1151,412,159,7.4,—,—,23008,17390,5257,5618,26.5,—,—,1701,1605,557,96,—,—,—,21307,15785,4700,5522,25.9,—,—,467,8.2,—,20241,15433,4744,—,—,599,352,-44,—,—,—,23008,17390,5257,5618,26.5,—,—,1701,1605,557,96,—,—,—,21307,15785,4700,5522,25.9,—,—,20241,15433,4744,—,—,599,352,-44,—,—,1310,1151,412,159,7.4,—,—,—,—,—,—,—,—,—,—,—,—,—,—,—,—,—,—,—,—,—,—,—,—,—,—,—,—,—,—,—,—,—,—,—,—,—,—,—,—,—,—,—,—,—,—,—,—,—,—,—,—,—,—,—,—,—,—,—,—,—,—,—,—,—,—,—,—,—,—,—,—,—,—,—,—,—,—,—,—,—,—,—,—,—,—,—,—,—,—,—,—,—,—,—,—,—,—,—,—,—,—,—,—,—,—,—,—,—,—,—,—,—,—,—,—,—,—,—,—,—,—,—,—,—,—,—,—,—,—,—,—,—,—,—,—,—,—,—,—,—,—,—,—,—,—,—,—,—,—,—,—,—,—,405278,388131,419088,17147,20613,—,—,—,—,—,—,—,—,—,—,—,—,—,—,—,—,—,—,—,—,—,—,439701,388131,419088,17147,20613,—,—,—,—,—,—,—,—,—,—,—,—,—,—,—,—,—,—,—,—,
03/31/2023,23329,21800,17457,4849,4343,19.9,20,39,19963,15755,4433,4208,21.1,18,39,18878,15422,4508,22,41,521,19,-23,564,333,-75,-16,-18,1837,1702,416,135,—,44,32,1529,1361,673,168,11,148,98,1413,116,—,—,—,—,—,—,—,—,—,—,—,—,—,—,—,—,—,—,—,—,—,—,—,—,18818,21800,17457,4849,4343,19.9,20,39,19963,15755,4433,4208,21.1,18,39,18878,15422,4508,22,41,564,333,-75,-16,-18,1837,1702,416,135,—,44,32,1529,1361,673,168,11,148,98,—,—,5522,21800,17457,4849,4343,19.9,20,39,19963,15755,4433,4208,21.1,18,39,18878,15422,4508,22,41,564,333,-75,-16,-18,1837,1702,416,135,—,44,32,1529,1361,673,168,11,148,98,4511,21800,17457,4849,4343,19.9,20,39,19963,15755,4433,4208,21.1,18,39,1837,1702,416,135,—,44,32,1529,1361,673,168,11,148,98,—,—,—,—,—,—,—,—,—,—,—,—,—,—,—,—,—,—,—,1529,1361,673,168,11,148,98,21800,17457,4849,4343,19.9,20,39,19963,15755,4433,4208,21.1,18,39,521,19,-23,1837,1702,416,135,—,44,32,—,—,—,—,—,—,—,—,—,—,—,—,—,—,—,—,—,—,—,—,—,—,—,—,—,—,—,—,—,—,—,—,—,—,—,—,—,—,—,—,—,—,—,—,—,—,—,—,—,—,—,—,—,—,—,—,—,—,—,—,—,—,—,—,—,—,—,—,—,—,—,—,—,—,—,—,—,—,—,—,—,—,—,—,—,—,—,—,—,—,—,—,—,—,—,—,—,—,—,—,—,—,—,—,—,—,—,—,—,—,—,—,—,—,—,1529,1361,673,168,11,148,98,21800,17457,4849,4343,19.9,20,39,1837,1702,416,135,—,44,32,19963,15755,4433,4208,21.1,18,39,521,19,-23,18878,15422,4508,22,41,564,333,-75,-16,-18,—,21800,17457,4849,4343,19.9,20,39,1837,1702,416,135,—,44,32,19963,15755,4433,4208,21.1,18,39,18878,15422,4508,22,41,564,333,-75,-16,-18,1529,1361,673,168,11,148,98,—,—,—,—,—,—,—,—,—,—,—,—,—,—,—,—,—,—,—,—,—,—,—,—,—,—,—,—,—,—,—,—,—,—,—,—,—,—,—,—,—,—,—,—,—,—,—,—,—,—,—,—,—,—,—,—,—,—,—,—,—,—,—,—,—,—,—,—,—,—,—,—,—,—,—,—,—,—,—,—,—,—,—,—,—,—,—,—,—,—,—,—,—,—,—,—,—,—,—,—,—,—,—,—,—,—,—,—,—,—,—,—,—,—,—,—,—,—,—,—,—,—,—,—,—,—,—,—,—,—,—,—,—,—,—,—,—,—,—,—,—,—,—,—,—,—,—,—,—,—,—,—,422875,412180,421371,10695,19437,—,—,—,—,—,—,—,—,—,—,—,—,—,—,—,—,—,—,—,—,—,—,440808,412180,421371,10695,19437,—,—,—,—,—,—,—,—,—,—,—,—,—,—,—,—,—,—,—,—,
06/30/2023,24927,23418,19163,7232,4255,18.2,46,61,21268,17179,6658,4089,19.2,46,63,20419,16841,6688,49,66,282,18.1,-18,567,338,-30,-4,-8,2150,1984,574,166,—,47,41,1509,1231,462,278,18.4,74,60,1359,150,—,—,—,—,—,—,—,—,—,—,—,—,—,—,—,—,—,—,—,—,—,—,—,—,20394,23418,19163,7232,4255,18.2,46,61,21268,17179,6658,4089,19.2,46,63,20419,16841,6688,49,66,567,338,-30,-4,-8,2150,1984,574,166,—,47,41,1509,1231,462,278,18.4,74,60,—,—,7694,23418,19163,7232,4255,18.2,46,61,21268,17179,6658,4089,19.2,46,63,20419,16841,6688,49,66,567,338,-30,-4,-8,2150,1984,574,166,—,47,41,1509,1231,462,278,18.4,74,60,4533,23418,19163,7232,4255,18.2,46,61,21268,17179,6658,4089,19.2,46,63,2150,1984,574,166,—,47,41,1509,1231,462,278,18.4,74,60,—,—,—,—,—,—,—,—,—,—,—,—,—,—,—,—,—,—,—,1509,1231,462,278,18.4,74,60,23418,19163,7232,4255,18.2,46,61,21268,17179,6658,4089,19.2,46,63,282,18.1,-18,2150,1984,574,166,—,47,41,—,—,—,—,—,—,—,—,—,—,—,—,—,—,—,—,—,—,—,—,—,—,—,—,—,—,—,—,—,—,—,—,—,—,—,—,—,—,—,—,—,—,—,—,—,—,—,—,—,—,—,—,—,—,—,—,—,—,—,—,—,—,—,—,—,—,—,—,—,—,—,—,—,—,—,—,—,—,—,—,—,—,—,—,—,—,—,—,—,—,—,—,—,—,—,—,—,—,—,—,—,—,—,—,—,—,—,—,—,—,—,—,—,—,—,1509,1231,462,278,18.4,74,60,23418,19163,7232,4255,18.2,46,61,2150,1984,574,166,—,47,41,21268,17179,6658,4089,19.2,46,63,282,18.1,-18,20419,16841,6688,49,66,567,338,-30,-4,-8,—,23418,19163,7232,4255,18.2,46,61,2150,1984,574,166,—,47,41,21268,17179,6658,4089,19.2,46,63,20419,16841,6688,49,66,567,338,-30,-4,-8,1509,1231,462,278,18.4,74,60,—,—,—,—,—,—,—,—,—,—,—,—,—,—,—,—,—,—,—,—,—,—,—,—,—,—,—,—,—,—,—,—,—,—,—,—,—,—,—,—,—,—,—,—,—,—,—,—,—,—,—,—,—,—,—,—,—,—,—,—,—,—,—,—,—,—,—,—,—,—,—,—,—,—,—,—,—,—,—,—,—,—,—,—,—,—,—,—,—,—,—,—,—,—,—,—,—,—,—,—,—,—,—,—,—,—,—,—,—,—,—,—,—,—,—,—,—,—,—,—,—,—,—,—,—,—,—,—,—,—,—,—,—,—,—,—,—,—,—,—,—,—,—,—,—,—,—,—,—,—,—,—,466140,446915,460211,19225,19489,—,—,—,—,—,—,—,—,—,—,—,—,—,—,—,—,—,—,—,—,—,—,479700,446915,460211,19225,19489,—,—,—,—,—,—,—,—,—,—,—,—,—,—,—,—,—,—,—,—,
09/30/2023,23350,21791,17994,2935,3797,17.4,7,19,19625,15957,2477,3668,18.7,5,18,18582,15656,2557,4,20,554,16.3,94,489,301,-80,-21,-21,2166,2037,458,129,—,32,29,1559,1178,165,381,24.4,40,16,1416,143,—,—,—,—,—,—,—,—,—,—,—,—,—,—,—,—,—,—,—,—,—,—,—,—,19172,21791,17994,2935,3797,17.4,7,19,19625,15957,2477,3668,18.7,5,18,18582,15656,2557,4,20,489,301,-80,-21,-21,2166,2037,458,129,—,32,29,1559,1178,165,381,24.4,40,16,—,—,3100,21791,17994,2935,3797,17.4,7,19,19625,15957,2477,3668,18.7,5,18,18582,15656,2557,4,20,489,301,-80,-21,-21,2166,2037,458,129,—,32,29,1559,1178,165,381,24.4,40,16,4178,21791,17994,2935,3797,17.4,7,19,19625,15957,2477,3668,18.7,5,18,2166,2037,458,129,—,32,29,1559,1178,165,381,24.4,40,16,—,—,—,—,—,—,—,—,—,—,—,—,—,—,—,—,—,—,—,1559,1178,165,381,24.4,40,16,21791,17994,2935,3797,17.4,7,19,19625,15957,2477,3668,18.7,5,18,554,16.3,94,2166,2037,458,129,—,32,29,—,—,—,—,—,—,—,—,—,—,—,—,—,—,—,—,—,—,—,—,—,—,—,—,—,—,—,—,—,—,—,—,—,—,—,—,—,—,—,—,—,—,—,—,—,—,—,—,—,—,—,—,—,—,—,—,—,—,—,—,—,—,—,—,—,—,—,—,—,—,—,—,—,—,—,—,—,—,—,—,—,—,—,—,—,—,—,—,—,—,—,—,—,—,—,—,—,—,—,—,—,—,—,—,—,—,—,—,—,—,—,—,—,—,—,1559,1178,165,381,24.4,40,16,21791,17994,2935,3797,17.4,7,19,2166,2037,458,129,—,32,29,19625,15957,2477,3668,18.7,5,18,554,16.3,94,18582,15656,2557,4,20,489,301,-80,-21,-21,—,21791,17994,2935,3797,17.4,7,19,2166,2037,458,129,—,32,29,19625,15957,2477,3668,18.7,5,18,18582,15656,2557,4,20,489,301,-80,-21,-21,1559,1178,165,381,24.4,40,16,—,—,—,—,—,—,—,—,—,—,—,—,—,—,—,—,—,—,—,—,—,—,—,—,—,—,—,—,—,—,—,—,—,—,—,—,—,—,—,—,—,—,—,—,—,—,—,—,—,—,—,—,—,—,—,—,—,—,—,—,—,—,—,—,—,—,—,—,—,—,—,—,—,—,—,—,—,—,—,—,—,—,—,—,—,—,—,—,—,—,—,—,—,—,—,—,—,—,—,—,—,—,—,—,—,—,—,—,—,—,—,—,—,—,—,—,—,—,—,—,—,—,—,—,—,—,—,—,—,—,—,—,—,—,—,—,—,—,—,—,—,—,—,—,—,—,—,—,—,—,—,—,435059,419074,416800,15985,13688,—,—,—,—,—,—,—,—,—,—,—,—,—,—,—,—,—,—,—,—,—,—,430488,419074,416800,15985,13688,—,—,—,—,—,—,—,—,—,—,—,—,—,—,—,—,—,—,—,—,
