COST US Equity,"""=BDH($A$1, $B7, ""19900101"","""",""sort=a"",""dir=h"",""per=cy"")",Unnamed: 2,Unnamed: 3,Unnamed: 4,Unnamed: 5,Unnamed: 6,Unnamed: 7,Unnamed: 8,Unnamed: 9,Unnamed: 10,Unnamed: 11,Unnamed: 12,Unnamed: 13,Unnamed: 14,Unnamed: 15,Unnamed: 16,Unnamed: 17,Unnamed: 18,Unnamed: 19,Unnamed: 20,Unnamed: 21,Unnamed: 22,Unnamed: 23,Unnamed: 24,Unnamed: 25,Unnamed: 26,Unnamed: 27,Unnamed: 28,Unnamed: 29,Unnamed: 30,Unnamed: 31,Unnamed: 32,Unnamed: 33,Unnamed: 34,Unnamed: 35
,"""=""=BDH($A$1, B"" & ROW() & "", """"19900101"""","""""""",""""sort=a"""",""""dates=h"""",""""dir=h"""",""""per=cy"""")""",,,,,,,,,,,,,,,,,,,,,,,,,,,,,,,,,,
,,,,,,,,,,,,,,,,,,,,,,,,,,,,,,,,,,,
date,,,,,,,,,,,,,,,,,,,,,,,,,,,,,,,,,,,
,,,,,,,,,,,,,,,,,,,,,,,,,,,,,,,,,,,
date,,1990-12-31 00:00:00,1991-12-31,1992-12-31 00:00:00,1993-12-31 00:00:00,1994-12-30 00:00:00,1995-12-29 00:00:00,1996-12-31 00:00:00,1997-12-31 00:00:00,1998-12-31 00:00:00,1999-12-31 00:00:00,2000-12-29 00:00:00,2001-12-31 00:00:00,2002-12-31 00:00:00,2003-12-31 00:00:00,2004-12-31 00:00:00,2005-12-30 00:00:00,2006-12-29 00:00:00,2007-12-31 00:00:00,2008-12-31 00:00:00,2009-12-31 00:00:00,2010-12-31 00:00:00,2011-12-30 00:00:00,2012-12-31 00:00:00,2013-12-31 00:00:00,2014-12-31 00:00:00,2015-12-31 00:00:00,2016-12-30 00:00:00,2017-12-29 00:00:00,2018-12-31 00:00:00,2019-12-31 00:00:00,2020-12-31 00:00:00,2021-12-31 00:00:00,2022-12-30 00:00:00,2023-12-29 00:00:00
"  + Cash, Cash Equivalents & STI",CASH_CASH_EQTY_STI_DETAILED,,,376.265,210.343,62.906,45.688,101.955,175.508,437.523,697.274,572.531,607.584,805.518,1545.439,3129.882,3459.857,2833.12,3355.52,3275.013,3727,4749,5613,4854,6124,7315,6419,4729,5779,7259,9444,13305,12175,11049,15234
    + Cash & Cash Equivalents,BS_CASH_NEAR_CASH_ITEM,,,253.992,120.227,53.638,45.688,101.955,175.508,361.974,440.586,524.505,602.585,805.518,1545.439,2823.135,2062.585,1510.939,2779.733,2619.429,3157,3214,4009,3528,4644,5738,4801,3379,4546,6055,8384,12277,11258,10203,13700
    + ST Investments,BS_MKT_SEC_OTHER_ST_INVEST,,,122.273,90.116,9.268,0,0,,75.549,256.688,48.026,4.999,,,306.747,1397.272,1322.181,575.787,655.584,570,1535,1604,1326,1480,1577,1618,1350,1233,1204,1060,1028,917,846,1534
  + Accounts & Notes Receiv,BS_ACCT_NOTE_RCV,,,87.272,114.828,130.278,146.665,137.467,147.133,171.613,168.648,174.375,324.768,474.861,556.09,335.175,529.15,565.373,762.017,747.968,834,884,965,1026,1201,1148,1224,1252,1432,1669,1535,1550,1803,2241,2285
"    + Accounts Receivable, Net",BS_ACCTS_REC_EXCL_NOTES_REC,,,,,,,,147.133,171.613,168.648,174.375,324.768,474.861,556.09,335.175,529.15,565.373,762.017,747.968,834,884,965,1026,1201,1148,1224,1252,1432,1669,1535,1550,1803,2241,2285
"    + Notes Receivable, Net",NOTES_RECEIVABLE,,,,,,,,,,,,,,,,,,,,0,0,0,0,0,0,0,0,0,0,0,0,0,0,0
  + Unbilled Revenues,BS_UNBILLED_REVENUES,,,,,,,,,,,,,,,,,,,,,,,,,,,,,,,,,,
  + Inventories,BS_INVENTORIES,,,867.415,993.729,1260.476,1422.272,1500.842,1686.525,1910.751,2210.475,2490.088,2738.504,3127.221,3339.428,3643.585,4014.699,4568.723,4879.465,5039.413,5405,5638,6638,7096,7894,8456,8908,8969,9834,11040,11395,12242,14215,17907,16651
    + Raw Materials,INVTRY_RAW_MATERIALS,,,,,,,,,0,0,0,,,,,,,,,0,0,0,0,0,0,0,0,0,0,0,0,0,0,0
    + Work In Process,INVTRY_IN_PROGRESS,,,,,,,,,0,0,0,,,,,,,,,0,0,0,0,0,0,0,0,0,0,0,0,0,0,0
    + Finished Goods,INVTRY_FINISHED_GOODS,,,,,,,,1686.525,1910.751,1799.101,2490.088,2738.504,3127.221,3339.428,7287.17,4014.699,4568.723,4879.465,5039.413,5405,5638,6638,7096,7894,8456,8908,8969,9834,11040,11395,12242,14215,17907,16651
    + Other Inventory,BS_OTHER_INV,,,,,,,,,0,411.374,0,,,,-13.41,,,,,0,0,0,0,0,0,0,0,0,0,0,0,0,0,0
  + Other ST Assets,OTHER_CURRENT_ASSETS_DETAILED,,,57.072,70.134,80.638,87.694,88.04,100.784,108.343,239.516,233.124,211.601,222.939,270.581,160.457,234.295,264.866,327.151,399.651,371,437,490,550,621,669,228,268,272,321,1111,1023,1312,1499,1709
    + Prepaid Expenses,BS_PREPAY,,,,,,,,,,,,,,,,,,,,,,,,,,,,,,,,,,
    + Derivative & Hedging Assets,BS_DERIV_HEDGING_ASST_ST,,,,,,,,,,,,,,,,,,,,0,0,0,0,0,0,16,11,2,0,766,508,393,529,633
    + Taxes Receivable,BS_TAXES_RECEIVABLE_SHORT_TERM,,,,,,,,,,,,,,,,,,,,,,,,,,,,,,,,,,
    + Misc ST Assets,BS_OTHER_CUR_ASSET_LESS_PREPAY,,,,,,,,,,,,,,,,,,,,371,437,490,550,621,669,212,257,270,321,345,515,919,970,1076
Total Current Assets,BS_CUR_ASSET_REPORT,,,1388.024,1389.0341,1534.298,1702.319,1828.304,2109.95,2628.23,3315.913,3470.118,3882.457,4630.539,5711.538,7269.099,8238.001,8232.082,9324.153,9462.045,10337,11708,13706,13526,15840,17588,16779,15218,17317,20289,23485,28120,29505,32696,35879
"  + Property, Plant & Equip, Net",BS_NET_FIX_ASSET,,,1704.052,2031.682,2146.396,2535.593,2888.3101,3154.634,3395.372,3906.888,4834.116,5826.585,6523.619,6960.008,7219.829,7790.192,8564.295,9519.78,10354.996,10900,11314,12432,12961,13881,14830,15401,17043,18161,19681,20890,24595,26382,27420,29397
"    + Property, Plant & Equip",BS_GROSS_FIX_ASSET,,,1950.799,2361.832,2571.5049,3062.0349,3543.5359,3950.342,4330.975,5024.157,6141.389,7375.174,8317.302,9005.426,9541.376,10487.03,11642.436,13068.516,14329.222,15323,16360,18368,19546,21022,22675,23664,26167,28341,30714,32626,37491,40548,42706,46082
    - Accumulated Depreciation,BS_ACCUM_DEPR,,,246.747,330.15,425.1089,526.4419,655.2258,795.708,935.603,1117.269,1307.273,1548.589,1793.683,2045.418,2321.547,2696.838,3078.141,3548.736,3974.226,4423,5046,5936,6585,7141,7845,8263,9124,10180,11033,11736,12896,14166,15286,16685
  + LT Investments & Receivables,BS_LT_INVEST,,,0,0,0,0,0,,0,,,,,,,0,,,,0,0,0,0,0,0,0,0,0,0,0,0,0,0,0
    + LT Investments,BS_LONG_TERM_INVESTMENTS,,,,,,,,,,,,,,,,,,,,,,,,,,,,,,,,,,
    + LT Receivables,BS_LT_RECEIVABLES,,,,,,,,,,,,,,,,,,,,,,,,,,,,,,,,,,
  + Other LT Assets,BS_OTHER_ASSETS_DEF_CHRG_OTHER,,,484.467,519.359,554.965,199.507,195.247,211.73,236.218,282.2,329.706,380.744,466.105,520.142,603.62,637.012,698.693,762.653,865.307,742,793,623,653,562,606,837,902,869,860,1025,2841,3381,4050,3718
    + Total Intangible Assets,BS_DISCLOSED_INTANGIBLES,,,,,,,,,,42.568,49.23,43.831,43.92,46.549,65.721,71.848,72.953,75.707,73.707,71,71,74,66,63,0,0,0,0,0,0,0,0,0,0
    + Goodwill,BS_GOODWILL,,,,,,,,,,42.568,49.23,43.831,43.92,46.549,65.721,71.848,72.953,75.707,73.707,71,71,74,66,63,0,0,0,0,0,0,0,0,0,0
    + Other Intangible Assets,OTHER_INTANGIBLE_ASSETS_DETAILED,,,,,,,,,,0,0,0,0,0,0,0,0,0,0,0,0,0,0,0,0,0,0,0,0,0,0,0,0,0
    + Prepaid Expense,BS_PREPAID_EXPENSE_LT,,,,,,,,,,,,,,,,,,,,,,,,,,,,,,,,,,
    + Deferred Tax Assets,BS_DEFERRED_TAX_ASSETS_LT,,,,,,,,,,,,,,,,,,,,,,,,,,,,,,,,,,
    + Derivative & Hedging Assets,BS_DERIV_HEDGING_ASST_LT,,,,,,,,,,,,,,,,,,,,2,0,0,0,0,3,0,0,0,0,15,1,17,34,18
    + Investments in Affiliates,BS_INVEST_IN_ASSOC_CO,,,,,,,,,,,,,,,,,,,,,,,,,,,,,,,,,,
    + Misc LT Assets,OTHER_NONCURRENT_ASSETS_DETAILED,,,484.467,519.359,554.965,199.507,195.247,211.73,236.218,239.632,280.476,336.913,422.185,473.593,537.899,565.164,625.74,686.946,791.6,669,722,549,587,499,603,837,902,869,860,1010,2840,3364,4016,3700
Total Noncurrent Assets,BS_TOT_NON_CUR_ASSET,,,2188.519,2551.041,2701.361,2735.1,3083.5571,3366.364,3631.59,4189.088,5163.822,6207.329,6989.724,7480.15,7823.449,8427.204,9262.988,10282.433,11220.303,11642,12107,13055,13614,14443,15436,16238,17945,19030,20541,21915,27436,29763,31470,33115
Total Assets,BS_TOT_ASSET,,,3576.543,3940.075,4235.6592,4437.4189,4911.8608,5476.314,6259.82,7505.001,8633.94,10089.786,11620.263,13191.688,15092.548,16665.205,17495.07,19606.586,20682.348,21979,23815,26761,27140,30283,33024,33017,33163,36347,40830,45400,55556,59268,64166,68994
,,#N/A Mandatory parameter [FIELDS] cannot be empty,,,,,,,,,,,,,,,,,,,,,,,,,,,,,,,,,
Cash from Operating Activities,,#N/A Mandatory parameter [FIELDS] cannot be empty,,,,,,,,,,,,,,,,,,,,,,,,,,,,,,,,,
  + Net Income,CF_NET_INC,,,242.407,223.247,-112.368,133.878,248.798,312.197,459.842,397.298,631.437,602.089,699.983,721,882.393,1063.092,1103.215,1082.772,1282.725,1086,1303,1462,1709,2039,2058,2377,2350,2679,3134,3659,4002,5007,5844,6292
Cash from Operating Activities,CF_CASH_FROM_OPER,,,266.99,295.808,247.805,278.382,426.359,590.249,737.61,940.863,1070.358,1032.563,1018.243,1507.208,2119.796,1820.907,1831.224,2076.404,2206,2092,2780,3198,3057,3437,3984,4285,3292,6726,5774,6356,8861,8958,7392,11068
,,#N/A Mandatory parameter [FIELDS] cannot be empty,,,,,,,,,,,,,,,,,,,,,,,,,,,,,,,,,
Cash from Investing Activities,,#N/A Mandatory parameter [FIELDS] cannot be empty,,,,,,,,,,,,,,,,,,,,,,,,,,,,,,,,,
  + Change in Fixed & Intang,FIXED_INTANG_ASST_CHANGE,,,-635.817,-533.025,-474.553,-523.301,-502.117,-512.428,-491.206,-729.2519,-1165.691,-1337.547,-1005.756,-758.836,-650.22,-975.999,-1200.761,-1371.645,-1551,-1243,-1051,-1285,-1480,-2083,-1993,-2393,-2649,-2502,-2969,-2998,-2810,-3588,-3891,-4323
    + Disp in Fixed & Intang,DISPOSAL_OF_FIXED_INTANG,,,0,0,0,7.337,4.665,40.946,80.698,58.67,62.73,110.002,32.849,51.829,55.4,19.432,15.74,14.054,48,7,4,5,0,0,0,0,0,0,0,0,0,0,0,0
    + Acq of Fixed & Intang,ACQUIS_OF_FIXED_INTANG,,,-635.817,-533.025,-474.553,-530.638,-506.782,-553.374,-571.904,-787.9219,-1228.421,-1447.549,-1038.605,-810.665,-705.62,-995.431,-1216.501,-1385.699,-1599,-1250,-1055,-1290,-1480,-2083,-1993,-2393,-2649,-2502,-2969,-2998,-2810,-3588,-3891,-4323
  + Net Change in LT Investment,NET_CHG_IN_LT_INVEST_DETAILED,,,0,0,0,0,0,,0,0,0,,,0,,,,0,,0,0,0,0,0,0,0,0,0,0,0,0,0,0,0
    + Dec in LT Investment,CF_DECR_INVEST,,,0,0,0,0,0,,0,0,0,,,0,,,,0,,0,0,0,0,0,0,0,0,0,0,0,0,0,0,0
    + Inc in LT Investment,CF_INCR_INVEST,,,0,0,0,0,0,,0,0,0,,,0,,,,0,,0,0,0,0,0,0,0,0,0,0,0,0,0,0,0
  + Net Cash From Acq & Div,CF_NT_CSH_RCVD_PD_FOR_ACQUIS_DIV,,,,,,,,,,,,,,,,,,,,0,0,0,0,0,0,0,0,0,0,0,-1163,0,0,0
    + Cash from Divestitures,CF_CASH_FOR_DIVESTITURES,,,,,,,,,,,,,,,,,,,,0,0,0,0,0,0,0,0,0,0,0,0,0,0,0
    + Cash for Acq of Subs,CF_CASH_FOR_ACQUIS_SUBSIDIARIES,,,,,,,,,,,,,,,,,,,,0,0,0,0,0,0,0,0,0,0,0,-1163,0,0,0
    + Cash for JVs,CF_CASH_FOR_JOINT_VENTURES_ASSOC,,,,,,,,,,,,,,,,,,,,0,0,0,0,0,0,0,0,0,0,0,0,0,0,0
  + Other Investing Activities,OTHER_INVESTING_ACT_DETAILED,,,227.817,82.936,14.876,-13.151,-41.132,-30.745,-118.24,-224.6711,120.027,-2.296,-28.059,-31.752,-797.359,-1090.514,43.267,716.335,-166,142,-964,105,244,-168,-100,-87,304,136,22,133,82,53,-24,-649
  + Net Cash From Disc Ops,CF_NET_CASH_DISCONTINUED_OPS_INV,,,,,,,,,,,,,,,,,,,,0,0,0,0,0,0,0,0,0,0,0,0,0,0,0
Cash from Investing Activities,CF_CASH_FROM_INV_ACT,,,-408,-450.089,-459.677,-536.452,-543.249,-543.173,-609.446,-953.923,-1045.664,-1339.843,-1033.8149,-790.588,-1447.579,-2066.513,-1157.494,-655.31,-1717,-1101,-2015,-1180,-1236,-2251,-2093,-2480,-2345,-2366,-2947,-2865,-3891,-3535,-3915,-4972
,,#N/A Mandatory parameter [FIELDS] cannot be empty,,,,,,,,,,,,,,,,,,,,,,,,,,,,,,,,,
Cash from Financing Activities,,#N/A Mandatory parameter [FIELDS] cannot be empty,,,,,,,,,,,,,,,,,,,,,,,,,,,,,,,,,
  + Dividends Paid,CF_DVD_PAID,,,0,0,0,0,0,0,0,0,0,0,0,0,-92.137,-204.567,-230.211,-245.742,-265,-296,-338,-389,-446,-3560,-584,-2865,-746,-3904,-689,-1038,-1479,-5748,-1498,-1251
  + Cash From (Repayment) Debt,PROC_FR_REPAYMNTS_BOR_DETAILED,,,310.827,21.395,98.735,228.306,134.062,-44.746,-23.783,8.864,1.121,108.565,147.149,-10.543,142.665,-178.955,31.419,1719.629,170,-136,-71,-540,-313,3686,178,1079,-1022,1346,-6,419,929,135,-800,-93
  + Cash (Repurchase) of Equity,PROC_FR_REPURCH_EQTY_DETAILED,,,-67.768,6.917,10.887,4.077,17.855,62.015,74.115,61.923,-1.118,62,66.771,34.667,124.744,-134.999,-1039.179,-1644.478,-548,2,-306,-294,-459,25,-250,-395,-412,-469,-328,-247,-196,-496,-439,-676
    + Increase in Capital Stock,CF_INCR_CAP_STOCK,,,25.85,13.451,11.383,4.077,17.855,62.015,74.115,61.923,98.828,62,66.771,34.667,124.744,278.253,403.632,333.129,347,71,245,330,173,61,84,86,74,0,0,0,0,0,0,0
    + Decrease in Capital Stock,CF_DECR_CAP_STOCK,,,-93.618,-6.534,-0.496,0,0,,0,0,-99.946,0,0,0,0,-413.252,-1442.811,-1977.607,-895,-69,-551,-624,-632,-36,-334,-481,-486,-469,-328,-247,-196,-496,-439,-676
  + Other Financing Activities,OTHER_FIN_AND_DEC_CAP,,,-1.277,-5.039,36.557,17.737,21.24,9.208,7.97,20.885,59.222,214.795,4.585,-0.823,232.881,33.523,12.595,18.291,-7,-9,-4,-54,-1063,-107,-130,-143,-239,-191,-258,-281,-401,-379,-1546,-594
  + Net Cash From Disc Ops,CF_NET_CASH_DISCONTINUED_OPS_FIN,,,,,,,,,,,,,,,,,,,,0,0,0,0,0,0,0,0,0,0,0,0,0,0,0
Cash from Financing Activities,CFF_ACTIVITIES_DETAILED,,,241.782,23.273,146.179,250.12,173.157,26.477,58.302,91.672,59.225,385.36,218.505,23.301,408.153,-484.998,-1225.376,-152.3,-650,-439,-719,-1277,-2281,44,-786,-2324,-2419,-3218,-1281,-1147,-1147,-6488,-4283,-2614
,,#N/A Requesting Data...,,,,,,,,,,,,,,,,,,,,,,,,,,,,,,,,,
  Effect of Foreign Exchange Rates,CF_EFFECT_FOREIGN_EXCHANGES,,,,,,,,,,,,,,,,,,,,-14,11,54,-21,-114,-11,-418,50,25,-37,-15,70,46,-249,15
,,#N/A Mandatory parameter [FIELDS] cannot be empty,,,,,,,,,,,,,,,,,,,,,,,,,,,,,,,,,
Net Changes in Cash,CF_NET_CHNG_CASH,,,100.772,-131.008,-65.693,-7.95,56.267,73.553,186.466,78.612,83.919,78.08,202.933,739.921,1080.37,-730.604,-551.646,1268.794,-161,538,57,795,-481,1116,1094,-937,-1422,1167,1509,2329,3893,-1019,-1055,3497
,,#N/A Mandatory parameter [FIELDS] cannot be empty,,,,,,,,,,,,,,,,,,,,,,,,,,,,,,,,,
Cash Paid for Taxes,CF_CASH_PAID_FOR_TAX,,,,,,,163.004,195.241,257.352,294.86,313.183,363.649,351.003,320.546,327.368,804.957,546.205,786.283,615,565,637,742,956,1001,869,1186,953,1185,1204,1187,1052,1527,1940,2234
,,#N/A Mandatory parameter [FIELDS] cannot be empty,,,,,,,,,,,,,,,,,,,,,,,,,,,,,,,,,
Reference Items,,#N/A Mandatory parameter [FIELDS] cannot be empty,,,,,,,,,,,,,,,,,,,,,,,,,,,,,,,,,
Net Cash Paid for Acquisitions,CF_NET_CASH_PAID_FOR_AQUIS,,,,,,,,,,,,,,,,,,,,,,,,,,,,,0,0,1163,0,0,
Free Cash Flow,CF_FREE_CASH_FLOW,,,-368.827,-237.217,-226.748,-252.256,-80.423,36.875,165.706,152.9411,-158.063,-414.986,-20.362,696.543,1414.176,825.476,614.723,690.705,607,842,1725,1908,1577,1354,1991,1892,643,4224,2805,3358,6051,5370,3501,6745
Free Cash Flow to Firm,CF_FREE_CASH_FLOW_FIRM,,,-347.3474,-209.4151,-199.2506,-212.1884,-34.5521,82.6435,194.227,180.2574,-134.4944,-395.7716,-2.6657,719.5257,1437.2661,849.111,622.6408,731.28,672.8607,910.7273,1796.4961,1983.0617,1637.6668,1420.8761,2064.8017,1974.8846,730.3191,4314.0411,2918.7913,3474.6002,6172.0061,5500.0163,3620.2054,6863.6191
Free Cash Flow to Equity,FREE_CASH_FLOW_EQUITY,,,,-215.822,-128.013,-16.613,58.304,,,,,,,,,,,,,,1658,1373,1264,5040,2169,2971,-379,5570,2799,3777,6980,5505,2701,6652
Free Cash Flow per Basic Share,FREE_CASH_FLOW_PER_SH,,,-1.6911,-1.1113,-0.5169,-0.5629,-0.1959,0.086,0.3845,0.3482,-0.3542,-0.9229,-0.0449,1.5264,3.0795,1.7417,1.3087,1.5429,1.3972,1.9401,3.9329,4.375,3.6368,3.1074,4.5385,4.3053,1.4661,9.6342,6.3966,7.6361,13.6809,12.1195,7.8913,15.1964
Price to Free Cash Flow,PX_TO_FREE_CASH_FLOW,,,,,,,,259.3986,93.8822,131.0365,110.9323,,,24.3582,15.7201,28.4031,40.3987,45.2128,37.5753,30.4977,18.3606,19.0448,27.1473,38.3027,31.2329,37.5116,109.2097,19.3186,31.8467,38.491,27.5407,46.842,57.8482,43.4365
Cash Flow to Net Income,CASH_FLOW_TO_NET_INC,,,1.1014,1.325,,2.0794,1.7137,1.8906,1.6041,2.3682,1.6951,1.715,1.4547,2.0904,2.4023,1.7128,1.6599,1.9177,1.7198,1.9263,2.1335,2.1874,1.7888,1.6856,1.9359,1.8027,1.4009,2.5106,1.8424,1.7371,2.2141,1.7891,1.2649,1.7591
,,#N/A Mandatory parameter [FIELDS] cannot be empty,,,,,,,,,,,,,,,,,,,,,,,,,,,,,,,,,
Revenue,SALES_REV_TURN,,,14129.4385,15497.6592,16480.6426,18247.2852,19566.4551,21874.404,24269.877,27456.031,32164.296,34797.037,38762.5,42545.552,48106.992,52952.226,60151.227,64400.155,72483.02,71422,77946,88915,99137,105156,112640,116199,118719,129025,141576,152703,166761,195929,226954,242290
    + Sales & Services Revenue,IS_SALES_AND_SERVICES_REVENUES,,,,,,,,,,,,,,,,,,,,69889,76255,87048,97062,102870,110212,113666,116073,126172,138434,149351,163220,192052,222730,237710
  - Cost of Revenue,IS_COGS_TO_FE_AND_PP_AND_G,,,12553.4473,13731.749,14662.8906,16225.8477,17345.3145,19314.485,21379.691,24170.199,28322.17,30598.14,33983.1211,37235.383,42092.016,46346.961,52745.497,56449.702,63502.75,62335,67995,77739,86823,91948,98458,101065,102901,111882,123152,132886,144939,170684,199382,212586
    + Cost of Goods & Services,IS_COG_AND_SERVICES_SOLD,,,,,,,,,,,,,,,,,,,,62335,67995,77739,86823,91948,98458,101065,102901,111882,123152,132886,144939,170684,199382,212586
Gross Profit,GROSS_PROFIT,,,1575.9912,1765.9102,1817.752,2021.4375,2221.1406,2559.919,2890.186,3285.832,3842.126,4198.897,4779.3789,5310.169,6014.976,6605.265,7405.73,7950.453,8980.27,9087,9951,11176,12314,13208,14182,15134,15818,17143,18424,19817,21822,25245,27572,29704
  + Other Operating Income,IS_OTHER_OPER_INC,,,,,,,,,0,0,,,,0,0,0,0,0,0,0,0,0,0,0,0,0,0,0,0,0,0,0,0,0
  - Operating Expenses,IS_OPERATING_EXPN,,,1168.509,1367.236,1450.113,1588.106,1720.418,1904.207,2096.91,2369.205,2797.676,3188.63,3626.793,4134.041,4628.328,5114.569,5774.645,6328.259,7011.187,7310,7874,8737,9555,10155,10962,11510,12146,13032,13944,15080,16387,18537,19779,21590
"    + Selling, General & Admin",IS_SGA_EXPENSE,,,,,,,,,2069.9,2338.198,2755.355,3129.059,3575.536,4097.398,4597.877,5061.339,5732.141,6273.096,6953.804,7252,7848,8691,9518,10104,10899,11445,12068,12950,13876,14994,16387,18537,19779,21590
    + Selling & Marketing,IS_SELLING_EXPENSES,,,,,,,,,,,,,,,,,,,,,,,,,,,,,,,,,,
    + General & Administrative,IS_GENERAL_AND_ADMINISTRATIVE,,,,,,,,,,,,,,,,,,,,,,,,,,,,,,,,,,
    + Research & Development,IS_OPERATING_EXPENSES_RD,,,,,,,,,,,,,,,,,,,,0,0,0,0,0,0,0,0,0,0,0,0,0,0,0
    + Other Operating Expense,IS_OTHER_OPERATING_EXPENSES,,,,,,,,,,,,,,,,,,,,58,26,46,37,51,63,65,78,82,68,86,0,0,0,0
Operating Income (Loss),IS_OPER_INC,,,407.482,398.674,367.639,433.332,500.723,655.712,793.276,916.627,1044.45,1010.267,1152.585,1176.128,1386.648,1490.696,1631.085,1622.194,1969.083,1777,2077,2439,2759,3053,3220,3624,3672,4111,4480,4737,5435,6708,7793,8114
  - Non-Operating (Income) Loss,IS_NONOP_INCOME_LOSS,,,,,,,,,,,,,,,,,,,,50,23,56,-8,2,23,20,53,72,38,-28,68,28,-47,-373
"    + Interest Expense, Net",IS_NET_INTEREST_EXPENSE,,,,,,,,76.281,20.873,1.261,-54.226,-43.238,13.091,15.72,5.114,-47.478,-101.142,-64.334,7.13,81,88,75,46,55,61,74,92,84,38,-28,68,28,-47,-310
    + Interest Expense,IS_INT_EXPENSE,,,35.525,46.116,50.472,67.911,78.078,76.281,47.535,45.527,39.281,32.024,29.096,36.92,36.651,34.437,12.57,64.079,102.636,108,111,116,95,99,113,124,133,134,159,150,160,171,158,160
    - Interest Income,IS_INT_INC,,,,,,,,,26.662,44.266,93.507,75.262,16.005,21.2,31.537,81.915,113.712,128.413,95.506,27,23,41,49,44,52,50,41,50,121,178,92,143,205,470
    + Other Investment (Inc) Loss,IS_OTHER_INVESTMENT_INCOME_LOSS,,,,,,,,,,,,,,,,,,,,,,,,,,,,,,,,,,
    + (Income) Loss from Affiliates,INCOME_LOSS_FROM_AFFILIATES,,,,,,,,,,,,,,,,,,,,-31,-51,,,,,,,,,,,,,
    + Other Non-Op (Income) Loss,IS_OTHER_NON_OPERATING_INC_LOSS,,,,,,,,,,,,,,,,,,,,0,0,-10,-14,-14,-12,-7,-11,-17,0,0,0,0,0,-34
"Pretax Income (Loss), Adjusted",PRETAX_INC,,,400.915,370.308,203.555,368.204,423.477,520.329,766.403,858.866,1052.395,1003.481,1118.444,1158.233,1400.624,1548.962,1751.417,1709.991,1998.974,1727,2054,2383,2767,3051,3197,3604,3619,4039,4442,4765,5367,6680,7840,8487
  - Abnormal Losses (Gains),IS_ABNORMAL_ITEM,,,,,,,,75,6,56.5,7,18,21.05,19.5,1,16.393,5.453,132.5,48.464,8,2,0,40,0,0,-88.5432,0,-51,0,-37.9747,0,599,195,391
    + Abnormal Derivatives,IS_DERIVATIVES_HEDGING,,,,,,,,,,,,,,,,,,,,,,,,,,,,,,,,,,
    + Disposal of Assets,IS_GAIN_LOSS_DISPOSAL_ASSETS,,,,,,,,,,,,,,,,,,,,,,,,,,,,,,,,,,
    + Asset Write-Down,IS_IMPAIRMENT_ASSETS,,,,,,,,75,6,56.5,7,18,21.05,19.5,1,16.393,5.453,13.608,0.248,,,,-1,,,,,,,,,84,,391
    + Impairment of Intangibles,IS_IMPAIR_OF_INTANG_ASSETS,,,,,,,,,,,,,,,,,,,,,,,,,,,,,,,,,,
    + Gain/Loss on Sale/Acquisition of Business,IS_SALE_OF_BUSINESS,,,,,,,,,,,,,,,,,,,,,,,,,,,,,,,,,,
    + Legal Settlement,IS_LEGAL_LITIGATION_SETTLEMENT,,,,,,,,,,,,,,,,,,,,,,,24,,,,,-51,,,,,,
    + Sale of Investments,IS_GAIN_LOSS_ON_INVESTMENTS,,,,,,,,,,,,,,,,,,,,,,,,,,,,,,,,,,
    + Other Abnormal Items,IS_OTHER_ONE_TIME_ITEMS,,,,,,,,,,,,,,,,,,,,8,2,,17,,,-88.5432,,,,-37.9747,39.333,515,195,
"Pretax Income (Loss), GAAP",PRETAX_INC,,,400.915,370.308,203.555,368.204,423.477,520.329,766.403,858.866,1052.395,1003.481,1118.444,1158.233,1400.624,1548.962,1751.417,1709.991,1998.974,1727,2054,2383,2767,3051,3197,3604,3619,4039,4442,4765,5367,6680,7840,8487
  - Income Tax Expense (Benefit),IS_INC_TAX_EXP,,,158.508,147.061,92.657,150.963,174.684,208.132,306.561,343.545,420.958,401.392,438.201,437.233,518.231,485.87,648.202,627.219,716.249,628,731,841,1000,990,1109,1195,1243,1325,1263,1061,1308,1601,1925,2195
Income (Loss) from Cont Ops,IS_INC_BEF_XO_ITEM,,,242.407,223.247,110.898,217.241,248.793,312.197,459.842,515.321,631.437,602.089,680.243,721,882.393,1063.092,1103.215,1082.772,1282.725,1099,1323,1542,1767,2061,2088,2409,2376,2714,3179,3704,4059,5079,5915,6292
  - Net Extraordinary Losses (Gains),XO_GL_NET_OF_TAX,,,0,0,223.266,83.363,0,,,118.023,,,,,,0,,,0,0,0,0,0,0,0,0,0,0,0,0,0,0,0,0
    + Discontinued Operations,IS_DISCONTINUED_OPERATIONS,,,,,,,,,,,,,,,,,,,,0,0,0,0,0,0,0,0,0,0,0,0,0,0,0
    + XO & Accounting Changes,EXTRAORD_ITEMS_ACCOUNTING_CHANGS,,,,,,,,,,,,,,,,,,,,0,0,0,0,0,0,0,0,0,0,0,0,0,0,0
Income (Loss) Incl. MI,NI_INCLUDING_MINORITY_INT_RATIO,,,242.407,223.247,-112.368,133.878,248.793,312.197,459.842,397.298,631.437,602.089,680.243,721,882.393,1063.092,1103.215,1082.772,1282.725,1099,1323,1542,1767,2061,2088,2409,2376,2714,3179,3704,4059,5079,5915,6292
  - Minority Interest,MIN_NONCONTROL_INTEREST_CREDITS,,,0,0,0,0,0,,,,,,-19.74,,,0,,,,13,20,80,58,22,30,32,26,35,45,45,57,72,71,0
"Net Income, GAAP",NET_INCOME,,,242.407,223.247,-112.368,133.878,248.793,312.197,459.842,397.298,631.437,602.089,699.983,721,882.393,1063.092,1103.215,1082.772,1282.725,1086,1303,1462,1709,2039,2058,2377,2350,2679,3134,3659,4002,5007,5844,6292
  - Preferred Dividends,IS_TOT_CASH_PFD_DVD,,,0,0,0,0,0,,0,0,,,,,,0,,,0,0,0,0,0,0,0,0,0,0,0,0,0,0,0,0
  - Other Adjustments,OTHER_ADJUSTMENTS,,,,,,,,,0,0,0,0,,0,0,0,0,0,0,0,0,0,0,0,0,0,0,0,0,0,0,0,0,0
"Net Income Avail to Common, GAAP",EARN_FOR_COMMON,,,242.407,223.247,-112.368,133.878,248.793,312.197,459.842,397.298,631.437,602.089,699.983,721,882.393,1063.092,1103.215,1082.772,1282.725,1086,1303,1462,1709,2039,2058,2377,2350,2679,3134,3659,4002,5007,5844,6292
,,#N/A Mandatory parameter [FIELDS] cannot be empty,,,,,,,,,,,,,,,,,,,,,,,,,,,,,,,,,
"Net Income Avail to Common, Adj",EARN_FOR_COMMON,,,242.407,223.247,-112.368,133.878,248.793,312.197,459.842,397.298,631.437,602.089,699.983,721,882.393,1063.092,1103.215,1082.772,1282.725,1086,1303,1462,1709,2039,2058,2377,2350,2679,3134,3659,4002,5007,5844,6292
  Net Abnormal Losses (Gains),IS_NET_ABNORMAL_ITEMS,,,,,,,,75,,,,,,,,,,,31.502,5.2,1.3,0,22.4,-62,0,-57.5531,0,-112.8656,-41,-30,0,473.21,154.05,308.89
  Net Extraordinary Losses (Gains),XO_GL_NET_OF_TAX,,,0,0,223.266,83.363,0,,,118.023,,,,,,0,,,0,0,0,0,0,0,0,0,0,0,0,0,0,0,0,0
,,#N/A Mandatory parameter [FIELDS] cannot be empty,,,,,,,,,,,,,,,,,,,,,,,,,,,,,,,,,
Basic Weighted Avg Shares,IS_AVG_NUM_SH_FOR_EPS,,,218.1,213.456,438.668,448.158,410.484,428.698,431.012,439.252,446.255,449.631,453.65,456.335,459.223,473.945,469.718,447.659,434.442,433.988,438.611,436.119,433.62,435.741,438.693,439.455,438.585,438.437,438.515,439.755,442.297,443.089,443.651,443.854
"Basic EPS, GAAP",IS_EPS,,,1.1395,1.075,-0.255,0.3,0.62,0.755,1.0669,0.9045,1.41,1.34,1.54,1.58,1.92,2.24,2.35,2.42,2.95,2.5,2.97,3.35,3.94,4.68,4.69,5.41,5.36,6.11,7.15,8.32,9.05,11.3,13.17,14.18
"Basic EPS from Cont Ops, GAAP",IS_EARN_BEF_XO_ITEMS_PER_SH,,,1.1395,1.075,0.255,0.485,0.62,0.755,1.0669,1.1732,1.41,1.34,1.54,1.58,1.92,2.24,2.35,2.42,2.95,2.5,2.97,3.35,3.94,4.68,4.69,5.41,5.36,6.11,7.15,8.32,9.05,11.3,13.17,14.18
"Basic EPS from Cont Ops, Adjusted",IS_BASIC_EPS_CONT_OPS,,,,,0.255,0.485,0.62,0.755,1.0808,1.3018,1.42,1.34,1.57,1.62,1.92,2.26,2.36,2.68,3.023,2.5144,2.9737,3.35,3.9929,4.5371,4.69,5.278,5.36,5.8529,7.0534,8.2523,9.05,12.3682,13.5197,14.8718
,,#N/A Mandatory parameter [FIELDS] cannot be empty,,,,,,,,,,,,,,,,,,,,,,,,,,,,,,,,,
Diluted Weighted Avg Shares,IS_SH_FOR_DILUTED_EPS,,,230.132,225.5,438.668,448.158,436.726,452.39,463.37,471.12,475.737,475.827,479.262,479.326,482.459,492.035,480.341,457.641,444.24,440.454,445.97,443.094,439.373,440.512,442.485,442.716,441.263,440.937,441.834,442.923,443.901,444.346,444.757,444.452
"Diluted EPS, GAAP",IS_DILUTED_EPS,,,1.129,1.065,-0.255,0.3,0.61,0.735,0.9924,0.8433,1.35,1.29,1.48,1.53,1.85,2.18,2.3,2.37,2.89,2.47,2.92,3.3,3.89,4.63,4.65,5.37,5.33,6.08,7.09,8.26,9.02,11.27,13.14,14.16
"Diluted EPS from Cont Ops, GAAP",IS_DIL_EPS_BEF_XO,,,1.129,1.065,0.255,0.485,0.61,0.735,0.9924,1.0938,1.35,1.29,1.48,1.53,1.85,2.18,2.3,2.37,2.89,2.47,2.92,3.3,3.89,4.63,4.65,5.37,5.33,6.08,7.09,8.26,9.02,11.27,13.14,14.16
"Diluted EPS from Cont Ops, Adjusted",IS_DIL_EPS_CONT_OPS,,,1.129,1.065,0.255,0.485,0.61,0.735,1.0053,1.2137,1.36,1.29,1.51,1.57,1.85,2.2,2.31,2.63,2.963,2.4818,2.9229,3.3,3.941,4.4893,4.65,5.24,5.33,5.824,6.9972,8.1923,9.02,12.335,13.4864,14.855
,,#N/A Mandatory parameter [FIELDS] cannot be empty,,,,,,,,,,,,,,,,,,,,,,,,,,,,,,,,,
Reference Items,,#N/A Mandatory parameter [FIELDS] cannot be empty,,,,,,,,,,,,,,,,,,,,,,,,,,,,,,,,,
Accounting Standard,ACCOUNTING_STANDARD,,,US GAAP,US GAAP,US GAAP,US GAAP,US GAAP,US GAAP,US GAAP,US GAAP,US GAAP,US GAAP,US GAAP,US GAAP,US GAAP,US GAAP,US GAAP,US GAAP,US GAAP,US GAAP,US GAAP,US GAAP,US GAAP,US GAAP,US GAAP,US GAAP,US GAAP,US GAAP,US GAAP,US GAAP,US GAAP,US GAAP,US GAAP,US GAAP
EBITDA,EBITDA,,,496.782,510.808,511.302,575.354,662.355,838.038,989.591,1141.438,1298.847,1311.564,1494.366,1567.43,1827.369,1972.534,2146.37,2188.579,2622.083,2505,2872,3294,3667,3999,4249,4751,4927,5481,5917,6229,7332,8785,9990,10500
EBITDA Margin (T12M),EBITDA_MARGIN,,,3.5159,3.296,3.1024,3.1531,3.3852,3.8311,4.0774,4.1573,4.0382,3.7692,3.8552,3.6841,3.7986,3.7251,3.5683,3.3984,3.6175,3.5073,3.6846,3.7047,3.6989,3.8029,3.7722,4.0887,4.1501,4.248,4.1794,4.0792,4.3967,4.4838,4.4018,4.3336
EBIT,EBIT,,,407.482,398.674,367.639,433.332,500.723,655.712,793.276,916.627,1044.45,1010.267,1152.585,1176.128,1386.648,1490.696,1631.085,1622.194,1969.083,1777,2077,2439,2759,3053,3220,3624,3672,4111,4480,4737,5435,6708,7793,8114
Gross Margin,GROSS_MARGIN,,,11.154,11.3947,11.0296,11.078,11.3518,11.7028,11.9085,11.9676,11.9453,12.0668,12.3299,12.4811,12.5033,12.474,12.3119,12.3454,12.3895,12.723,12.7665,12.5693,12.4212,12.5604,12.5906,13.0242,13.3239,13.2866,13.0135,12.9775,13.0858,12.8848,12.1487,12.2597
Operating Margin,OPER_MARGIN,,,2.8839,2.5725,2.2307,2.3748,2.5591,2.9976,3.2686,3.3385,3.2472,2.9033,2.9735,2.7644,2.8824,2.8152,2.7116,2.5189,2.7166,2.488,2.6647,2.7431,2.783,2.9033,2.8587,3.1188,3.093,3.1862,3.1644,3.1021,3.2592,3.4237,3.4337,3.3489
Profit Margin,PROF_MARGIN,,,1.7156,1.4405,-0.6818,0.7337,1.2715,1.4272,1.8947,1.447,1.9632,1.7303,1.8058,1.6947,1.8342,2.0076,1.8341,1.6813,1.7697,1.5205,1.6717,1.6443,1.7239,1.939,1.8271,2.0456,1.9795,2.0763,2.2137,2.3962,2.3998,2.5555,2.575,2.5969
Sales per Employee,ACTUAL_SALES_PER_EMPL,,,,360410.6786,350651.9697,350909.3299,738356.7954,383761.4737,385236.1429,392229.0143,412362.7692,,842663.0435,,774046.5326,815904.869,847200.3803,507087.8346,529073.1387,502971.831,530244.898,542164.6341,569752.8736,571500,577641.0256,566824.3902,544582.5688,558549.7835,577861.2245,601192.9134,610846.1538,680309.0278,746559.2105,766740.5063
,,#N/A Mandatory parameter [FIELDS] cannot be empty,,,,,,,,,,,,,,,,,,,,,,,,,,,,,,,,,
Returns,,#N/A Mandatory parameter [FIELDS] cannot be empty,,,,,,,,,,,,,,,,,,,,,,,,,,,,,,,,,
Return on Common Equity,RETURN_COM_EQY,,,,13.1683,-6.4548,8.3265,15.0394,14.7058,16.9246,12.2283,16.2482,13.199,13.2357,11.7722,12.4458,12.8813,12.2413,12.1887,14.4002,11.3066,12.5006,12.8071,14.0295,17.5821,17.7905,20.7417,20.7085,23.4414,26.5852,26.0966,23.8733,27.9346,30.5921,27.5361
Return on Assets,RETURN_ON_ASSET,,,,5.9401,-2.7488,3.0872,5.3222,6.0106,7.8363,5.7727,7.825,6.4313,6.4485,5.8117,6.2395,6.695,6.4591,5.8368,6.3676,5.0913,5.6907,5.7814,6.3413,7.1017,6.5017,7.1986,7.1018,7.7082,8.1216,8.4866,7.9282,8.7212,9.469,9.4503
Return on Capital,RETURN_ON_CAP,,,,9.8842,-3.1893,6.3997,9.9443,10.7251,12.9783,9.8796,13.4604,11.0933,10.59,9.8238,10.6382,11.6147,11.4079,10.8607,11.969,9.6866,10.889,11.6022,12.7568,14.2086,12.843,14.4027,14.2838,15.9104,17.5935,18.1415,16.2119,18.0746,20.5682,19.8899
Return on Invested Capital,RETURN_ON_INV_CAPITAL,,,,9.2499,7.3474,9.1867,9.7291,11.7331,12.6923,12.7897,12.8676,10.8163,10.5293,9.5837,10.2619,10.9332,10.5463,9.9281,11.2106,9.3777,10.4443,11.3229,12.2968,13.7701,12.4938,14.0009,13.9793,15.674,17.1308,17.4845,15.9421,17.6974,20.041,18.6639
,,#N/A Mandatory parameter [FIELDS] cannot be empty,,,,,,,,,,,,,,,,,,,,,,,,,,,,,,,,,
Margins,,#N/A Mandatory parameter [FIELDS] cannot be empty,,,,,,,,,,,,,,,,,,,,,,,,,,,,,,,,,
Gross Margin,GROSS_MARGIN,,,11.154,11.3947,11.0296,11.078,11.3518,11.7028,11.9085,11.9676,11.9453,12.0668,12.3299,12.4811,12.5033,12.474,12.3119,12.3454,12.3895,12.723,12.7665,12.5693,12.4212,12.5604,12.5906,13.0242,13.3239,13.2866,13.0135,12.9775,13.0858,12.8848,12.1487,12.2597
Operating Margin,OPER_MARGIN,,,2.8839,2.5725,2.2307,2.3748,2.5591,2.9976,3.2686,3.3385,3.2472,2.9033,2.9735,2.7644,2.8824,2.8152,2.7116,2.5189,2.7166,2.488,2.6647,2.7431,2.783,2.9033,2.8587,3.1188,3.093,3.1862,3.1644,3.1021,3.2592,3.4237,3.4337,3.3489
Incremental Operating Margin,INCREMENTAL_OPERATING_MARGIN,,,,,,3.7185,5.1086,6.7154,5.7427,3.8715,2.7149,,3.5889,0.6223,3.7854,2.1474,1.9501,,4.2917,-18.1036,4.5984,3.3002,3.1305,4.8845,2.2314,11.3515,1.9048,4.2597,2.94,2.3097,4.9651,4.3644,3.4972,2.0931
Pretax Margin,PRETAX_INC_TO_NET_SALES,,,2.8374,2.3894,1.2351,2.0179,2.1643,2.3787,3.1578,3.1282,3.2719,2.8838,2.8854,2.7223,2.9115,2.9252,2.9117,2.6553,2.7579,2.418,2.6352,2.6801,2.7911,2.9014,2.8382,3.1016,3.0484,3.1304,3.1375,3.1204,3.2184,3.4094,3.4544,3.5028
Income before XO Margin,INC_BEF_XO_ITEMS_TO_NET_SALES,,,1.7156,1.4405,0.6729,1.1905,1.2715,1.4272,1.8947,1.8769,1.9632,1.7303,1.7549,1.6947,1.8342,2.0076,1.8341,1.6813,1.7697,1.5387,1.6973,1.7342,1.7824,1.9599,1.8537,2.0732,2.0014,2.1035,2.2454,2.4256,2.434,2.5923,2.6063,2.5969
Net Income Margin,PROF_MARGIN,,,1.7156,1.4405,-0.6818,0.7337,1.2715,1.4272,1.8947,1.447,1.9632,1.7303,1.8058,1.6947,1.8342,2.0076,1.8341,1.6813,1.7697,1.5205,1.6717,1.6443,1.7239,1.939,1.8271,2.0456,1.9795,2.0763,2.2137,2.3962,2.3998,2.5555,2.575,2.5969
Net Income to Common Margin,NET_INCOME_TO_COMMON_MARGIN,,,1.7156,1.4405,-0.6818,0.7337,1.2715,1.4272,1.8947,1.447,1.9632,1.7303,1.8058,1.6947,1.8342,2.0076,1.8341,1.6813,1.7697,1.5205,1.6717,1.6443,1.7239,1.939,1.8271,2.0456,1.9795,2.0763,2.2137,2.3962,2.3998,2.5555,2.575,2.5969
,,#N/A Mandatory parameter [FIELDS] cannot be empty,,,,,,,,,,,,,,,,,,,,,,,,,,,,,,,,,
Additional,,#N/A Mandatory parameter [FIELDS] cannot be empty,,,,,,,,,,,,,,,,,,,,,,,,,,,,,,,,,
Effective Tax Rate,EFF_TAX_RATE,,,39.5366,39.7132,45.5194,40.9998,41.2499,40.0001,40,39.9998,40,40,39.1795,37.75,37,31.3675,37.0101,36.6797,35.8308,36.3636,35.5891,35.2916,36.1402,32.4484,34.6888,33.1576,34.3465,32.8051,28.4331,22.2665,24.3712,23.9671,24.5536,25.8631
,,#N/A Mandatory parameter [FIELDS] cannot be empty,,,,,,,,,,,,,,,,,,,,,,,,,,,,,,,,,
ESG Financial Materiality Scores,,#N/A Mandatory parameter [FIELDS] cannot be empty,,,,,,,,,,,,,,,,,,,,,,,,,,,,,,,,,
BESG ESG Score,ESG_SCORE,,,,,,,,,,,,,,,,,,,,,,,,,,2.41,2.47,2.75,2.85,2.92,2.99,3.24,3.72,
BESG Environmental Pillar Score,ENVIRONMENTAL_SCORE,,,,,,,,,,,,,,,,,,,,,,,,,,1.78,1.99,1.98,2.26,2.51,2.62,2.83,2.87,
BESG Social Pillar Score,SOCIAL_SCORE,,,,,,,,,,,,,,,,,,,,,,,,,,1.26,1.26,1.49,1.49,1.49,1.49,1.7,2.54,
BESG Governance Pillar Score,GOVERNANCE_SCORE,,,,,,,,,,,,,,,,,,,,,,,,,,5.76,5.75,6.56,6.63,6.62,6.82,7.16,7.21,
,,#N/A Mandatory parameter [FIELDS] cannot be empty,,,,,,,,,,,,,,,,,,,,,,,,,,,,,,,,,
ESG Disclosure Scores,,#N/A Mandatory parameter [FIELDS] cannot be empty,,,,,,,,,,,,,,,,,,,,,,,,,,,,,,,,,
ESG Disclosure Score,ESG_DISCLOSURE_SCORE,,,,,,,,,,,,,,,,,,30.5301,30.3893,31.3148,32.2201,33.055,33.055,33.5982,33.9402,37.9137,44.6635,43.6475,43.5469,42.4002,46.7659,48.4358,49.824,43.5469
Environmental Disclosure Score,ENVIRON_DISCLOSURE_SCORE,,,,,,,,,,,,,,,,,,0,4.0773,4.0773,4.4095,4.4095,4.4095,5.2552,5.2552,13.5609,32.7998,29.3567,29.0547,25.6116,38.7194,42.1625,42.1625,23.3162
Social Disclosure Score,SOCIAL_DISCLOSURE_SCORE,,,,,,,,,,,,,,,,,,11.1548,11.5478,11.5478,11.5478,11.5478,11.5478,12.3337,13.3615,15.0242,16.052,16.445,16.445,16.445,16.445,18.0169,22.1886,22.1886
Governance Disclosure Score,GOVNCE_DISCLOSURE_SCORE,,,,,,,,,,,,,,,,,,80.2529,75.3763,78.1457,80.5238,83.0223,83.0223,83.0223,83.0223,84.9789,84.9789,84.9789,84.9789,84.9789,84.9789,84.9789,84.9789,84.9789
,,#N/A Mandatory parameter [FIELDS] cannot be empty,,,,,,,,,,,,,,,,,,,,,,,,,,,,,,,,,
Environmental,,#N/A Mandatory parameter [FIELDS] cannot be empty,,,,,,,,,,,,,,,,,,,,,,,,,,,,,,,,,
Air Quality,,#N/A Mandatory parameter [FIELDS] cannot be empty,,,,,,,,,,,,,,,,,,,,,,,,,,,,,,,,,
Nitrogen Oxide Emissions,NOX_EMISSIONS,,,,,,,,,,,,,,,,,,,,,,,,,,,,,,,,,,
VOC Emissions,VOC_EMISSIONS,,,,,,,,,,,,,,,,,,,,,,,,,,,,,,,,,,
Particulate Emissions,PARTICULATE_EMISSIONS,,,,,,,,,,,,,,,,,,,,,,,,,,,,,,,,,,
Sulphur Dioxide / Sulphur Oxide Emissions,SULPHUR_DIOXIDE_SULPHUR_OXIDE_EM,,,,,,,,,,,,,,,,,,,,,,,,,,,,,,,,,,
,,#N/A Mandatory parameter [FIELDS] cannot be empty,,,,,,,,,,,,,,,,,,,,,,,,,,,,,,,,,
Climate Change,,#N/A Mandatory parameter [FIELDS] cannot be empty,,,,,,,,,,,,,,,,,,,,,,,,,,,,,,,,,
Emissions Reduction Initiatives,EMISSION_REDUCTION,,,,,,,,,,,,,,,,,,0,1,1,1,1,1,1,1,1,1,1,1,1,1,1,1,1
Transition Plan Claim,TRANSITION_PLAN_INDICATOR,,,,,,,,,,,,,,,,,,,,,,,,,,,,,,,,,0,0
Climate Change Policy,CLIMATE_CHG_POLICY,,,,,,,,,,,,,,,,,,0,0,0,0,0,0,0,0,0,0,0,1,1,1,1,1,1
Climate Change Opportunities Discussed,CLIMATE_CHG_OPPORTUNITIES,,,,,,,,,,,,,,,,,,0,0,0,0,0,0,0,0,0,0,0,0,0,0,0,0,0
Risks of Climate Change Discussed,CLIMATE_RISKS,,,,,,,,,,,,,,,,,,0,0,0,1,1,1,1,1,1,1,1,1,1,1,1,1,1
GHG Scope 1,GHG_SCOPE_1,,,,,,,,,,,,,,,,,,,214.188,369.857,362.802,391.848,391.848,429.98,579.235,636.727,785.682,970.138,1114.97,1108.56,1205.62,1218.38,1405.64,
GHG Scope 2 Location-Based,GHG_SCOPE_2_LOCATION_BASED,,,,,,,,,,,,,,,,,,,1125.86,1152.07,1197.98,1168.58,1157.67,1233.97,1276.03,1236.74,1315.36,1388.49,1393.45,1473.87,1457.41,1428.75,1425.98,
,,#N/A Mandatory parameter [FIELDS] cannot be empty,,,,,,,,,,,,,,,,,,,,,,,,,,,,,,,,,
Energy,,#N/A Mandatory parameter [FIELDS] cannot be empty,,,,,,,,,,,,,,,,,,,,,,,,,,,,,,,,,
Energy Efficiency Policy,ENERGY_EFFIC_POLICY,,,,,,,,,,,,,,,,,,0,1,1,1,1,1,1,1,1,1,1,1,1,1,1,1,1
Total Energy Consumption,ENERGY_CONSUMPTION,,,,,,,,,,,,,,,,,,,,,,,,,,24953,4903.33,5632.28,5278.22,,3898.16,7046.19,7708.39,
Electricity Used,ELECTRICITY_USED,,,,,,,,,,,,,,,,,,,,,,,,,,3024.64,3243.05,3618.48,3588.92,,3898.16,4091.85,4271.78,
Fuel Used - Natural Gas,NAT_GAS_USED,,,,,,,,,,,,,,,,,,,,,,,,,,,132952,,,,,234649,232795,
Fuel Used - Crude Oil/Diesel,OIL_DIESEL_USED,,,,,,,,,,,,,,,,,,,,,,,,,,21626.699,27.508,,,,1.233,54.313,135.454,
,,#N/A Mandatory parameter [FIELDS] cannot be empty,,,,,,,,,,,,,,,,,,,,,,,,,,,,,,,,,
Materials & Waste,,#N/A Mandatory parameter [FIELDS] cannot be empty,,,,,,,,,,,,,,,,,,,,,,,,,,,,,,,,,
Waste Reduction Policy,WASTE_REDUCTION,,,,,,,,,,,,,,,,,,0,1,1,1,1,1,1,1,1,1,1,1,1,1,1,1,1
Hazardous Waste,HAZARDOUS_WASTE,,,,,,,,,,,,,,,,,,,,,,,,,,,,,,,,,,
Total Waste,TOTAL_WASTE,,,,,,,,,,,,,,,,,,,,,,,,,,,,,,,,,,
,,#N/A Mandatory parameter [FIELDS] cannot be empty,,,,,,,,,,,,,,,,,,,,,,,,,,,,,,,,,
Supply Chain,,#N/A Mandatory parameter [FIELDS] cannot be empty,,,,,,,,,,,,,,,,,,,,,,,,,,,,,,,,,
Environmental Supply Chain Management,ENVIRON_SUPPLY_MGT,,,,,,,,,,,,,,,,,,0,0,0,0,0,0,0,0,0,1,1,1,1,1,1,1,1
,,#N/A Mandatory parameter [FIELDS] cannot be empty,,,,,,,,,,,,,,,,,,,,,,,,,,,,,,,,,
Water,,#N/A Mandatory parameter [FIELDS] cannot be empty,,,,,,,,,,,,,,,,,,,,,,,,,,,,,,,,,
Water Policy,WATER_POLICY,,,,,,,,,,,,,,,,,,0,0,0,0,0,0,1,1,1,1,1,1,1,1,1,1,1
Total Water Withdrawal,TOTAL_WATER_WITHDRAWAL,,,,,,,,,,,,,,,,,,,,,,,,,,,,,,,13064.1,13886.4,15676.6,16025.6
Total Water Discharged,TOTAL_WATER_DISCHARGED,,,,,,,,,,,,,,,,,,,,,,,,,,,,,,,,,,
,,#N/A Mandatory parameter [FIELDS] cannot be empty,,,,,,,,,,,,,,,,,,,,,,,,,,,,,,,,,
Ecological & Biodiversity Impacts,,#N/A Mandatory parameter [FIELDS] cannot be empty,,,,,,,,,,,,,,,,,,,,,,,,,,,,,,,,,
Biodiversity Policy,BIODIVERSITY_POLICY,,,,,,,,,,,,,,,,,,0,0,0,0,0,0,0,0,0,0,0,1,1,1,1,1,1
Adopts TNFD Recommendations,ADOPT_TNFD_RECOMMENDATIONS,,,,,,,,,,,,,,,,,,,,,,,,,,,,,,,,0,1,1
Zero Deforestation Policy,ZERO_DEFORESTATION_POLICY,,,,,,,,,,,,,,,,,,,,,,,,,,,,,,,,0,0,0
Board Level Oversight of Biodiversity,BOARD_LEVEL_OVERSIGHT_BIODIV,,,,,,,,,,,,,,,,,,,,,,,,,,,,,,,,0,1,0
Executive Level Oversight of Biodiversity,EXEC_LEVEL_OVERSIGHT_BIODIV,,,,,,,,,,,,,,,,,,,,,,,,,,,,,,,,0,0,0
,,#N/A Mandatory parameter [FIELDS] cannot be empty,,,,,,,,,,,,,,,,,,,,,,,,,,,,,,,,,
Social,,#N/A Mandatory parameter [FIELDS] cannot be empty,,,,,,,,,,,,,,,,,,,,,,,,,,,,,,,,,
Community & Customers,,#N/A Mandatory parameter [FIELDS] cannot be empty,,,,,,,,,,,,,,,,,,,,,,,,,,,,,,,,,
Human Rights Policy,HUMAN_RIGHTS_POLICY,,,,,,,,,,,,,,,,,,0,0,0,0,0,0,0,0,0,1,1,1,1,1,1,1,1
Policy Against Child Labor,POLICY_AGAINST_CHILD_LABOR,,,,,,,,,,,,,,,,,,0,0,0,0,0,0,0,1,1,1,1,1,1,1,1,1,1
Quality Assurance and Recall Policy,QUALITY_ASSURANCE_AND_RECALL_POL,,,,,,,,,,,,,,,,,,,,,,,,,,0,0,0,0,0,0,0,0,0
Consumer Data Protection Policy,CONSUMER_DATA_PROTECTION_POLICY,,,,,,,,,,,,,,,,,,,,,,,,,,1,1,1,1,1,1,1,1,1
Community Spending,COMMUNITY_SPENDING,,,,,,,,,,,,,,,,,,,,,,,,,,,,,,,,,5.5,7
Number of Customer Complaints,CUSTOMER_COMPLAINTS,,,,,,,,,,,,,,,,,,,,,,,,,,,,,,,,,,
,,#N/A Mandatory parameter [FIELDS] cannot be empty,,,,,,,,,,,,,,,,,,,,,,,,,,,,,,,,,
Diversity,,#N/A Mandatory parameter [FIELDS] cannot be empty,,,,,,,,,,,,,,,,,,,,,,,,,,,,,,,,,
Equal Opportunity Policy,EQUAL_OPPORTUNITY_POLICY,,,,,,,,,,,,,,,,,,0,1,1,1,1,1,1,1,1,1,1,1,1,1,1,1,1
Gender Pay Gap Breakout,GENDER_PAY_GAP_BREAKOUT,,,,,,,,,,,,,,,,,,,,,,,,,,0,0,1,1,1,1,1,1,1
Pct Women in Senior Management,PCT_WOMEN_SENIOR_MGT,,,,,,,,,,,,,,,,,,,,,,,,,,,,,,,,,,
Pct Women in Middle and or Other Management,PCT_WOMEN_IN_MID_AND_OTHER_MGMT,,,,,,,,,,,,,,,,,,,,,,,,,,,,,,,,,,
Pct Women in Workforce,PCT_WOMEN_EMPLOYEES,,,,,,,,,,,,,,,,,,,,,,,,,,,,,,,,46,46.5,46
Pct Minorities in Workforce,PCT_MINORITY_EMPLOYEES,,,,,,,,,,,,,,,,,,,,,,,,,,,,,,,,,,
Pct Disabled in Workforce,PCT_DISABLED_IN_WORKFORCE,,,,,,,,,,,,,,,,,,,,,,,,,,,,,,,,,,
,,#N/A Mandatory parameter [FIELDS] cannot be empty,,,,,,,,,,,,,,,,,,,,,,,,,,,,,,,,,
Ethics & Compliance,,#N/A Mandatory parameter [FIELDS] cannot be empty,,,,,,,,,,,,,,,,,,,,,,,,,,,,,,,,,
Business Ethics Policy,ETHICS_POLICY,,,,,,,,,,,,,,,,,,1,1,1,1,1,1,1,1,1,1,1,1,1,1,1,1,1
Anti-Bribery Ethics Policy,ANTI_BRIBERY_ETHICS_POLICY,,,,,,,,,,,,,,,,,,1,1,1,1,1,1,1,1,1,1,1,1,1,1,1,1,1
,,#N/A Mandatory parameter [FIELDS] cannot be empty,,,,,,,,,,,,,,,,,,,,,,,,,,,,,,,,,
Health & Safety,,#N/A Mandatory parameter [FIELDS] cannot be empty,,,,,,,,,,,,,,,,,,,,,,,,,,,,,,,,,
Health and Safety Policy,HEALTH_SAFETY_POLICY,,,,,,,,,,,,,,,,,,1,1,1,1,1,1,1,1,1,1,1,1,1,1,1,1,1
Fatalities - Employees,FATALITIES_EMPLOYEES,,,,,,,,,,,,,,,,,,,,,,,,,,,,,,,,,,
Lost Time Incident Rate - Employees,LOST_TIME_INCIDENT_RATE,,,,,,,,,,,,,,,,,,,,,,,,,,,,,,,,,,
,,#N/A Mandatory parameter [FIELDS] cannot be empty,,,,,,,,,,,,,,,,,,,,,,,,,,,,,,,,,
Human Capital,,#N/A Mandatory parameter [FIELDS] cannot be empty,,,,,,,,,,,,,,,,,,,,,,,,,,,,,,,,,
Training Policy,TRAINING_POLICY,,,,,,,,,,,,,,,,,,0,0,0,0,0,0,0,0,1,1,1,1,1,1,1,1,1
Fair Remuneration Policy,FAIR_REMUNERATION_POLICY,,,,,,,,,,,,,,,,,,0,0,0,0,0,0,0,0,0,0,0,0,0,0,0,0,0
Number of Employees - CSR,NUMBER_EMPLOYEES_CSR,,,,,,,,,,,,,,,,,,127000,137000,142000,147000,164000,174000,184000,195000,205000,218000,231000,245000,254000,273000,288000,304000,316000
Employee Turnover Pct,EMPLOYEE_TURNOVER_PCT,,,,,,,,,,,,,,,,,,,,,,,,,,,,,,,,,,
Employee Training Cost,EMPLOYEE_TRAINING_COST,,,,,,,,,,,,,,,,,,,,,,,,,,,,,,,,,,
Total Hours Spent by Firm - Employee Training,TOT_HRS_SPENT_BY_FIRM_EMP_TRAIN,,,,,,,,,,,,,,,,,,,,,,,,,,,,,,,,,,
Company Discloses Employee Engagement Score,COMP_DISCLOSES_EMP_ENG_SCORE,,,,,,,,,,,,,,,,,,,,,,,,,,0,0,0,0,0,0,0,1,1
,,#N/A Mandatory parameter [FIELDS] cannot be empty,,,,,,,,,,,,,,,,,,,,,,,,,,,,,,,,,
Supply Chain,,#N/A Mandatory parameter [FIELDS] cannot be empty,,,,,,,,,,,,,,,,,,,,,,,,,,,,,,,,,
Social Supply Chain Management,SOCIAL_SUPPLY_CHAIN_MGMT,,,,,,,,,,,,,,,,,,0,0,0,0,0,0,1,1,1,1,1,1,1,1,1,1,1
,,#N/A Mandatory parameter [FIELDS] cannot be empty,,,,,,,,,,,,,,,,,,,,,,,,,,,,,,,,,
Governance,,#N/A Mandatory parameter [FIELDS] cannot be empty,,,,,,,,,,,,,,,,,,,,,,,,,,,,,,,,,
Audit Risk & Oversight,,#N/A Mandatory parameter [FIELDS] cannot be empty,,,,,,,,,,,,,,,,,,,,,,,,,,,,,,,,,
Years Auditor Employed,YEARS_AUDITOR_EMPLOYED,,,,,,,,,,,,,,,,,,5,6,7,8,10,11,12,13,14,15,16,17,18,19,20,21,22
Size of Audit Committee,SIZE_OF_AUDIT_COMMITTEE,,,,,,,,,,,,,,,,,,3,3,3,3,3,3,3,3,3,3,3,3,3,4,4,4,4
Number of Independent Directors on Audit Committee,NUM_IND_DIR_ON_AUD_CMTE,,,,,,,,,,,,,,,,,,3,3,3,3,3,3,3,3,3,3,3,3,3,4,4,4,4
Audit Committee Meetings,AUDIT_COMMITTEE_MEETINGS,,,,,,,,,,,,,,,,,,8,8,8,7,8,7,7,8,7,7,7,8,8,6,6,8,11
Audit Committee Meeting Attendance Percentage,AUDIT_COMMITTEE_MTG_ATTEND_PCT,,,,,,,,,,,,,,,,,,75,,,,100,100,90.47,95.83,95.23,95.23,100,100,100,100,100,100,95.45
,,#N/A Mandatory parameter [FIELDS] cannot be empty,,,,,,,,,,,,,,,,,,,,,,,,,,,,,,,,,
Board Composition,,#N/A Mandatory parameter [FIELDS] cannot be empty,,,,,,,,,,,,,,,,,,,,,,,,,,,,,,,,,
Company Conducts Board Evaluations,COMPANY_CONDUCTS_BRD_EVALUATIONS,,,,,,,,,,,,,,,,,,,,,,,,,,1,1,1,1,1,1,1,1,1
Board Size,BOARD_SIZE,,,,,,,,,,,,,,,,,,13,13,14,14,14,14,14,14,12,13,12,10,10,10,10,11,12
Number of Executives / Company Managers,NUM_EXECUTIVES_COMP_MANAGERS,,,,,,,,,,,,,,,,,,10,10,10,10,11,11,12,11,11,11,10,10,10,10,10,13,11
Number of Non Executive Directors on Board,NUM_OF_NONEXEC_DIR_ON_BRD,,,,,,,,,,,,,,,,,,9,9,10,10,11,11,11,11,9,10,10,8,8,8,8,8,9
Number of Board Meetings for the Year,BOARD_MEETINGS_PER_YR,,,,,,,,,,,,,,,,,,6,4,5,4,4,5,5,4,5,5,4,4,4,5,5,4,4
Board Meeting Attendance Pct,BOARD_MEETING_ATTENDANCE_PCT,,,,,,,,,,,,,,,,,,75,,,75,98.21,95.71,98.9,100,97.14,98.46,100,100,10,100,100,100,100
,,#N/A Mandatory parameter [FIELDS] cannot be empty,,,,,,,,,,,,,,,,,,,,,,,,,,,,,,,,,
Compensation,,#N/A Mandatory parameter [FIELDS] cannot be empty,,,,,,,,,,,,,,,,,,,,,,,,,,,,,,,,,
Company Has Executive Share Ownership Guidelines,COMP_HAS_EXEC_SH_OWNER_GUIDELNS,,,,,,,,,,,,,,,,,,,,,,,,,,1,1,1,1,1,1,1,1,1
Director Share Ownership Guidelines,DIRECTOR_SH_OWNERSHIP_GUIDELINES,,,,,,,,,,,,,,,,,,,,,,,,,,1,1,1,1,1,1,1,1,1
Size of Compensation Committee,SIZE_OF_COMPENSATION_COMMITTEE,,,,,,,,,,,,,,,,,,3,3,3,3,3,3,3,3,2,2,2,3,3,3,3,3,3
Num of Independent Directors on Compensation Cmte,NUM_IND_DIR_ON_CMPNSTN_CMTE,,,,,,,,,,,,,,,,,,3,3,3,3,3,3,3,3,2,2,2,3,3,3,3,3,3
Number of Compensation Committee Meetings,NUM_COMPENSATION_CMTE_MTG,,,,,,,,,,,,,,,,,,2,1,1,1,1,3,3,2,2,4,3,4,2,2,4,4,4
Compensation Committee Meeting Attendance %,COMPENSATION_CMTE_MTG_ATTEND_PCT,,,,,,,,,,,,,,,,,,,,75,75,100,100,88.89,100,100,100,100,100,100,100,100,100,100
,,#N/A Mandatory parameter [FIELDS] cannot be empty,,,,,,,,,,,,,,,,,,,,,,,,,,,,,,,,,
Diversity,,#N/A Mandatory parameter [FIELDS] cannot be empty,,,,,,,,,,,,,,,,,,,,,,,,,,,,,,,,,
Number of Female Executives,NUMBER_OF_FEMALE_EXECUTIVES,,,,,,,,,,,,,,,,,,0,0,0,0,0,0,0,0,0,0,0,0,0,0,0,1,1
Number of Women on Board,NUMBER_OF_WOMEN_ON_BOARD,,,,,,,,,,,,,,,,,,2,2,2,2,2,2,2,2,2,2,2,2,2,3,3,3,4
Age of the Youngest Director,AGE_OF_YOUNGEST_DIRECTOR,,,,,,,,,,,,,,,,,,44,45,47,48,49,50,51,52,53,54,55,56,57,58,59,57,58
Age of the Oldest Director,AGE_OF_OLDEST_DIRECTOR,,,,,,,,,,,,,,,,,,83,84,85,86,87,88,89,90,90,92,93,94,95,96,97,98,99
,,#N/A Mandatory parameter [FIELDS] cannot be empty,,,,,,,,,,,,,,,,,,,,,,,,,,,,,,,,,
Independence,,#N/A Mandatory parameter [FIELDS] cannot be empty,,,,,,,,,,,,,,,,,,,,,,,,,,,,,,,,,
Number of Independent Directors,INDEPENDENT_DIRECTORS,,,,,,,,,,,,,,,,,,9,9,8,8,8,8,8,8,6,7,8,7,7,8,8,8,9
,,#N/A Mandatory parameter [FIELDS] cannot be empty,,,,,,,,,,,,,,,,,,,,,,,,,,,,,,,,,
Nominations & Governance Oversight,,#N/A Mandatory parameter [FIELDS] cannot be empty,,,,,,,,,,,,,,,,,,,,,,,,,,,,,,,,,
Size of Nomination Committee,SIZE_OF_NOMINATION_COMMITTEE,,,,,,,,,,,,,,,,,,4,4,4,3,3,3,3,4,3,3,3,3,3,3,3,3,3
Num of Independent Directors on Nomination Cmte,NUM_IND_DIR_ON_NOM_CMTE,,,,,,,,,,,,,,,,,,4,4,4,3,3,3,3,4,3,3,3,3,3,3,3,3,3
Number of Nomination Committee Meetings,NUM_OF_NOMINATION_CMTE_MTG,,,,,,,,,,,,,,,,,,1,2,6,2,2,4,4,4,3,3,5,5,5,4,4,5,5
Nomination Committee Meeting Attendance Percentage,NOMINATION_CMTE_MTG_ATTEND_PCT,,,,,,,,,,,,,,,,,,75,75,75,75,100,100,100,93.75,88.89,88.88,100,100,100,100,100,93.33,100
,,#N/A Mandatory parameter [FIELDS] cannot be empty,,,,,,,,,,,,,,,,,,,,,,,,,,,,,,,,,
Sustainability Governance,,#N/A Mandatory parameter [FIELDS] cannot be empty,,,,,,,,,,,,,,,,,,,,,,,,,,,,,,,,,
Verification Type,VERIFICATION_TYPE,,,,,,,,,,,,,,,,,,0,0,0,0,0,0,0,0,0,0,0,0,0,0,0,0,0
Employee CSR Training,EMPLOYEE_CSR_TRAINING,,,,,,,,,,,,,,,,,,0,0,0,0,0,0,0,0,0,0,0,0,0,0,0,0,0
,,#N/A Mandatory parameter [FIELDS] cannot be empty,,,,,,,,,,,,,,,,,,,,,,,,,,,,,,,,,
Tenure,,#N/A Mandatory parameter [FIELDS] cannot be empty,,,,,,,,,,,,,,,,,,,,,,,,,,,,,,,,,
Board Duration (Years),BOARD_DURATION,,,,,,,,,,,,,,,,,,3,3,3,3,3,3,3,3,3,3,3,3,3,3,1,1,1
