XOM US Equity,"""=BDH($A$1, $B7, ""19900101"","""",""sort=a"",""dir=h"",""per=cy"")",Unnamed: 2,Unnamed: 3,Unnamed: 4,Unnamed: 5,Unnamed: 6,Unnamed: 7,Unnamed: 8,Unnamed: 9,Unnamed: 10,Unnamed: 11,Unnamed: 12,Unnamed: 13,Unnamed: 14,Unnamed: 15,Unnamed: 16,Unnamed: 17,Unnamed: 18,Unnamed: 19,Unnamed: 20,Unnamed: 21,Unnamed: 22,Unnamed: 23,Unnamed: 24,Unnamed: 25,Unnamed: 26,Unnamed: 27,Unnamed: 28,Unnamed: 29,Unnamed: 30,Unnamed: 31,Unnamed: 32,Unnamed: 33,Unnamed: 34,Unnamed: 35
,"""=""=BDH($A$1, B"" & ROW() & "", """"19900101"""","""""""",""""sort=a"""",""""dates=h"""",""""dir=h"""",""""per=cy"""")""",,,,,,,,,,,,,,,,,,,,,,,,,,,,,,,,,,
,,,,,,,,,,,,,,,,,,,,,,,,,,,,,,,,,,,
date,,,,,,,,,,,,,,,,,,,,,,,,,,,,,,,,,,,
,,,,,,,,,,,,,,,,,,,,,,,,,,,,,,,,,,,
date,,1990-12-31 00:00:00,1991-12-31 00:00:00,1992-12-31 00:00:00,1993-12-31 00:00:00,1994-12-30 00:00:00,1995-12-29 00:00:00,1996-12-31 00:00:00,1997-12-31 00:00:00,1998-12-31 00:00:00,1999-12-31 00:00:00,2000-12-29 00:00:00,2001-12-31 00:00:00,2002-12-31 00:00:00,2003-12-31 00:00:00,2004-12-31 00:00:00,2005-12-30 00:00:00,2006-12-29 00:00:00,2007-12-31 00:00:00,2008-12-31 00:00:00,2009-12-31 00:00:00,2010-12-31 00:00:00,2011-12-30 00:00:00,2012-12-31 00:00:00,2013-12-31 00:00:00,2014-12-31 00:00:00,2015-12-31 00:00:00,2016-12-30 00:00:00,2017-12-29 00:00:00,2018-12-31 00:00:00,2019-12-31 00:00:00,2020-12-31 00:00:00,2021-12-31 00:00:00,2022-12-30 00:00:00,2023-12-29 00:00:00
"  + Cash, Cash Equivalents & STI",CASH_CASH_EQTY_STI_DETAILED,1379,1587,1515,1652,1775,1789,2969,4062,2436,1761,7081,6547,7229,10626,18531,28671,28244,34500,32007,10862,7827,12664,9582,4644,4616,3705,3657,3177,3042,3089,4364,6802,29640,31539
    + Cash & Cash Equivalents,BS_CASH_NEAR_CASH_ITEM,1332,1496,898,983,1157,1508,2951,4047,2386,1688,7080,6547,7229,10626,18531,28671,28244,33981,31437,10693,7825,12664,9582,4644,4616,3705,3657,3177,3042,3089,4364,6802,29640,31539
    + ST Investments,BS_MKT_SEC_OTHER_ST_INVEST,47,91,617,669,618,281,18,15,50,73,1,,0,0,,,0,519,570,169,2,0,0,0,0,0,0,0,0,0,0,0,0,0
  + Accounts & Notes Receiv,BS_ACCT_NOTE_RCV,8045,6733,6392,5427,6292,6979,7993,7989,15829,19155,22996,19549,21163,24309,25359,27484,28942,36450,18707,27645,32284,38642,34987,33152,28009,19875,21394,25597,24701,26966,20581,32383,41749,38015
"    + Accounts Receivable, Net",BS_ACCTS_REC_EXCL_NOTES_REC,,,,,,,,,,,,,,24309,,,,,18707,22186,25439,30044,28373,25993,18541,13243,16033,21274,19638,21100,16339,26883,32844,30296
"    + Notes Receivable, Net",NOTES_RECEIVABLE,,,,,,,,,,,,,,,,,,,,5459,6845,8598,6614,7159,9468,6632,5361,4323,5063,5866,4242,5500,8905,7719
  + Unbilled Revenues,BS_UNBILLED_REVENUES,,,,,,,,,,,,,,,,,,,,,,,,,,,,,,,,,,
  + Inventories,BS_INVENTORIES,6386,6081,5807,5472,5541,5681,5285,5487,8692,8492,8304,7904,8068,8957,9487,9321,10714,11089,11646,11553,12976,15024,14542,16135,16678,16245,15080,16992,18958,18528,18850,18780,24435,25120
    + Raw Materials,INVTRY_RAW_MATERIALS,,,,,,,,762,1155,1122,1060,1161,1241,1292,,,,,,0,0,0,0,0,0,0,0,0,0,0,0,0,0,0
    + Work In Process,INVTRY_IN_PROGRESS,,,,,,,,0,957,5898,0,0,0,0,,,0,0,0,0,0,0,0,0,0,0,0,0,0,0,0,0,0,0
    + Finished Goods,INVTRY_FINISHED_GOODS,,,,,,,,4725,7537,7370,7244,6743,6827,7665,8136,7852,10714,11089,9331,8718,9852,11665,10836,12117,12384,12037,10877,12871,14803,14010,14169,14519,20434,20528
    + Other Inventory,BS_OTHER_INV,,,,,,,,0,198,-4776,0,0,0,0,-8449,-13931,,,2315,2835,3124,3359,3706,4018,4294,4208,4203,4121,4155,4518,4681,4261,4001,4592
  + Other ST Assets,OTHER_CURRENT_ASSETS_DETAILED,2526,2611,2710,2308,2852,2869,3663,3654,1637,1733,2018,1681,1831,2068,7000,7866,7877,3924,9906,5175,5897,6633,5349,5377,3607,2798,1285,1368,1272,1469,1098,1189,1807,1935
    + Prepaid Expenses,BS_PREPAY,,,,,,,,,,,,,,,,,,,,,,,,,,,,,,,,,,
    + Derivative & Hedging Assets,BS_DERIV_HEDGING_ASST_ST,,,,,,,,,,,,,,,,,,,,,,,,,,,,25,0,0,0,0,0,0
    + Taxes Receivable,BS_TAXES_RECEIVABLE_SHORT_TERM,,,,,,,,,,,,,,,,,,,,,,,,,,,,,,,,,,
    + Misc ST Assets,BS_OTHER_CUR_ASSET_LESS_PREPAY,,,,,,,,,,,,,,,,,,,,5175,5897,6633,5349,5377,3607,2798,1285,1343,1272,1469,1098,1189,1807,1935
Total Current Assets,BS_CUR_ASSET_REPORT,18336,17012,16424,14859,16460,17318,19910,21192,28594,31141,40399,35681,38291,45960,60377,73342,75777,85963,72266,55235,58984,72963,64460,59308,52910,42623,41416,47134,47973,50052,44893,59154,97631,96609
"  + Property, Plant & Equip, Net",BS_NET_FIX_ASSET,62688,63864,61799,61962,63425,65446,66607,66414,92583,94043,89829,89602,94940,104965,108639,107010,113687,120869,121346,139116,199548,214664,226949,243650,252668,251605,244224,252630,247101,259651,233631,222634,211143,221789
"    + Property, Plant & Equip",BS_GROSS_FIX_ASSET,107599,112440,110738,111135,116326,122337,126366,127778,182467,189212,187746,190503,204960,229315,242422,240294,259284,280340,270845,305906,373938,393995,409314,434517,446789,447337,453915,477185,477190,493335,511400,501144,479144,494234
    - Accumulated Depreciation,BS_ACCUM_DEPR,44911,48576,48939,49173,52901,56891,59759,61364,89884,95169,97917,100901,110020,124350,133783,133284,145597,159471,149499,166790,174390,179331,182365,190867,194121,195732,209691,224555,230089,233684,277769,278510,268001,272445
  + LT Investments & Receivables,BS_LT_INVEST,1207,1148,1114,1177,1323,1345,0,1643,3072,14544,12618,10768,2252,2899,18404,20592,23237,28194,28556,7254,8623,7625,6229,6233,5404,4798,4849,5694,5800,5331,4931,5644,7222,6023
    + LT Investments,BS_LONG_TERM_INVESTMENTS,,,,,,,,,,,,,,,,,,,,1577,1557,1544,437,115,526,274,154,174,210,190,143,138,278,177
    + LT Receivables,BS_LT_RECEIVABLES,,,,,,,,,,,,,,,,,,,,5677,7066,6081,5792,6118,4878,4524,4695,5520,5590,5141,4788,5506,6944,5846
  + Other LT Assets,BS_OTHER_ASSETS_DEF_CHRG_OTHER,5476,5536,5693,6147,6654,7187,9010,6815,15086,4793,6154,7123,17161,20454,7836,7391,6314,7056,5884,31718,35355,35800,36157,37617,38511,37732,39825,43233,45322,47563,49295,51491,53071,51896
    + Total Intangible Assets,BS_DISCLOSED_INTANGIBLES,,,,,,,,,,,0,0,0,0,,,0,0,,0,0,0,0,0,0,0,0,0,0,0,0,0,0,0
    + Goodwill,BS_GOODWILL,,,,,,,,,,,,,,,,,,,,0,0,0,0,0,0,0,0,0,0,0,0,0,0,0
    + Other Intangible Assets,OTHER_INTANGIBLE_ASSETS_DETAILED,,,,,,,,,,,,,,,,,,,,0,0,0,0,0,0,0,0,0,0,0,0,0,0,0
    + Prepaid Expense,BS_PREPAID_EXPENSE_LT,,,,,,,,,,,,,,,,,,,,,,,,,,,,,,,,,,
    + Deferred Tax Assets,BS_DEFERRED_TAX_ASSETS_LT,,,,,,,,,,,,,,,,,,,,,,,,,,,,,,,,,,
    + Derivative & Hedging Assets,BS_DERIV_HEDGING_ASST_LT,,,,,,,,,,,,,,,,,,,,,,,,,,,,0,0,0,0,0,0,0
    + Investments in Affiliates,BS_INVEST_IN_ASSOC_CO,,,,,,,,,,,,,,,,,,,,24411,26715,26708,28489,30095,29835,29447,30253,39160,40790,43164,43515,45195,49793,47630
    + Misc LT Assets,OTHER_NONCURRENT_ASSETS_DETAILED,5476,5536,5693,6147,6654,7187,9010,6815,15086,4793,6154,7123,17161,20454,7836,7391,6314,7056,5884,7307,8640,9092,7618,7320,8374,7831,8537,2670,3358,3248,3849,3752,1316,2371
Total Noncurrent Assets,BS_TOT_NON_CUR_ASSET,69371,70548,68606,69286,71402,73978,75617,74872,110741,113380,108601,107493,114353,128318,134879,134993,143238,156119,155786,178088,243526,258089,269335,287500,296583,294135,288898,301557,298223,312545,287857,279769,271436,279708
Total Assets,BS_TOT_ASSET,87707,87560,85030,84145,87862,91296,95527,96064,139335,144521,149000,143174,152644,174278,195256,208335,219015,242082,228052,233323,302510,331052,333795,346808,349493,336758,330314,348691,346196,362597,332750,338923,369067,376317
,,#N/A Mandatory parameter [FIELDS] cannot be empty,,,,,,,,,,,,,,,,,,,,,,,,,,,,,,,,,
Cash from Operating Activities,,#N/A Mandatory parameter [FIELDS] cannot be empty,,,,,,,,,,,,,,,,,,,,,,,,,,,,,,,,,
  + Net Income,CF_NET_INC,5010,5600,4770,5280,5100,6470,7510,8460,8074,7910,17720,15320,11460,21510,25330,36130,39500,40610,45220,19280,30460,41060,44880,32580,32520,16150,7840,19710,20840,14340,-22440,23040,55740,36010
Cash from Operating Activities,CF_CASH_FROM_OPER,10646,10942,9611,11503,9851,13847,13162,14676,16436,15013,22937,22889,21268,28498,41327,48138,49286,52002,59725,28438,48413,55345,56170,44914,45116,30344,22082,30066,36014,29716,14668,48129,76797,55369
,,#N/A Mandatory parameter [FIELDS] cannot be empty,,,,,,,,,,,,,,,,,,,,,,,,,,,,,,,,,
Cash from Investing Activities,,#N/A Mandatory parameter [FIELDS] cannot be empty,,,,,,,,,,,,,,,,,,,,,,,,,,,,,,,,,
  + Change in Fixed & Intang,FIXED_INTANG_ASST_CHANGE,-5694,-6272,-6243,-6956,-5284,-6462,-7209,-7393,-11208,-9995,-2676,-8911,-8644,-10569,-9232,-7803,-12382,-11183,-13333,-20946,-23610,-19842,-26616,-30962,-28917,-24101,-11888,-12299,-15451,-20669,-16283,-8900,-13160,-17841
    + Disp in Fixed & Intang,DISPOSAL_OF_FIXED_INTANG,854,1052,982,0,1359,666,0,0,1522,854,5770,1078,2793,2290,2754,6036,3080,4204,5985,1545,3261,11133,7655,2707,4035,2389,4275,3103,4123,3692,999,3176,5247,4078
    + Acq of Fixed & Intang,ACQUIS_OF_FIXED_INTANG,-6548,-7324,-7225,-6956,-6643,-7128,-7209,-7393,-12730,-10849,-8446,-9989,-11437,-12859,-11986,-13839,-15462,-15387,-19318,-22491,-26871,-30975,-34271,-33669,-32952,-26490,-16163,-15402,-19574,-24361,-17282,-12076,-18407,-21919
  + Net Change in LT Investment,NET_CHG_IN_LT_INVEST_DETAILED,0,0,0,0,0,0,0,0,0,0,0,0,0,0,,,0,0,-245,555,140,-80,0,0,0,0,0,0,0,0,0,0,0,0
    + Dec in LT Investment,CF_DECR_INVEST,0,0,0,0,0,0,0,0,0,0,0,0,0,0,,,0,0,1868,571,155,1674,0,0,0,0,0,0,0,0,0,0,0,0
    + Inc in LT Investment,CF_INCR_INVEST,0,0,0,0,0,0,0,0,0,0,0,0,0,0,,,0,0,-2113,-16,-15,-1754,0,0,0,0,0,0,0,0,0,0,0,0
  + Net Cash From Acq & Div,CF_NT_CSH_RCVD_PD_FOR_ACQUIS_DIV,,,,,,,,,,,,,,,,,,,,0,0,0,0,0,0,0,0,0,0,0,0,0,0,0
    + Cash from Divestitures,CF_CASH_FOR_DIVESTITURES,,,,,,,,,,,,,,,,,,,,0,0,0,0,0,0,0,0,0,0,0,0,0,0,0
    + Cash for Acq of Subs,CF_CASH_FOR_ACQUIS_SUBSIDIARIES,,,,,,,,,,,,,,,,,,,,0,0,0,0,0,0,0,0,0,0,0,0,0,0,0
    + Cash for JVs,CF_CASH_FOR_JOINT_VENTURES_ASSOC,,,,,,,,,,,,,,,,,,,,0,0,0,0,0,0,0,0,0,0,0,0,0,0,0
  + Other Investing Activities,OTHER_INVESTING_ACT_DETAILED,525,52,-790,855,-138,107,694,602,-774,-990,-622,700,-1114,-273,-5678,-2467,-1848,1455,-1921,-2028,-734,-2243,1015,-3239,1942,277,-515,-3431,-995,-2415,-2176,-1335,-1582,-1433
  + Net Cash From Disc Ops,CF_NET_CASH_DISCONTINUED_OPS_INV,,,,,,,,,,,,,,,,,,,,0,0,0,0,0,0,0,0,0,0,0,0,0,0,0
Cash from Investing Activities,CF_CASH_FROM_INV_ACT,-5169,-6220,-7033,-6101,-5422,-6355,-6515,-6791,-11982,-10985,-3298,-8211,-9758,-10842,-14910,-10270,-14230,-9728,-15499,-22419,-24204,-22165,-25601,-34201,-26975,-23824,-12403,-15730,-16446,-23084,-18459,-10235,-14742,-19274
,,#N/A Mandatory parameter [FIELDS] cannot be empty,,,,,,,,,,,,,,,,,,,,,,,,,,,,,,,,,
Cash from Financing Activities,,#N/A Mandatory parameter [FIELDS] cannot be empty,,,,,,,,,,,,,,,,,,,,,,,,,,,,,,,,,
  + Dividends Paid,CF_DVD_PAID,-3397,-3645,-3832,-3630,-3659,-3765,-3902,-4038,-5843,-5872,-6123,-6254,-6217,-6515,-6896,-7185,-7628,-7621,-8058,-8023,-8498,-9020,-10092,-10875,-11568,-12090,-12453,-13001,-13798,-14652,-14865,-14924,-14939,-14941
  + Cash From (Repayment) Debt,PROC_FR_REPAYMNTS_BOR_DETAILED,-2337,-637,739,-709,-26,-2705,-254,8,2218,1834,-5705,-2772,-307,-2124,-1951,-1502,73,598,-527,-153,-6210,1957,-2908,11604,6966,9255,4293,-1048,-4925,8662,20141,-19654,-7220,-239
  + Cash (Repurchase) of Equity,PROC_FR_REPURCH_EQTY_DETAILED,-336,-353,-210,-192,-154,-300,-792,-2246,-3040,-322,-1859,-5420,-4499,-5447,-8991,-17280,-27923,-30374,-34648,-18714,-11928,-20871,-20745,-15900,-13038,-4032,-971,-747,-626,-594,-405,-155,-15155,-17748
    + Increase in Capital Stock,CF_INCR_CAP_STOCK,0,113,148,131,66,328,347,340,507,348,493,301,299,434,960,941,1635,1448,1086,989,1165,1184,323,98,145,7,6,0,0,0,0,0,0,0
    + Decrease in Capital Stock,CF_DECR_CAP_STOCK,-336,-466,-358,-323,-220,-628,-1139,-2586,-3547,-670,-2352,-5721,-4798,-5881,-9951,-18221,-29558,-31822,-35734,-19703,-13093,-22055,-21068,-15998,-13183,-4039,-977,-747,-626,-594,-405,-155,-15155,-17748
  + Other Financing Activities,OTHER_FIN_AND_DEC_CAP,60,77,127,-786,-416,-371,-256,-513,-448,-366,-560,-765,195,-173,102,-1761,-5,860,-3537,-393,-288,-322,-123,-305,-248,-170,-162,-334,-97,-34,414,-690,-1800,-1369
  + Net Cash From Disc Ops,CF_NET_CASH_DISCONTINUED_OPS_FIN,,,,,,,,,,,,,,,,,,,,0,0,0,0,0,0,0,0,0,0,0,0,0,0,0
Cash from Financing Activities,CFF_ACTIVITIES_DETAILED,-6010,-4558,-3176,-5317,-4255,-7141,-5204,-6789,-7113,-4726,-14247,-15211,-10828,-14259,-17736,-27728,-35483,-36537,-46770,-27283,-26924,-28256,-33868,-15476,-17888,-7037,-9293,-15130,-19446,-6618,5285,-35423,-39114,-34297
,,#N/A Requesting Data...,,,,,,,,,,,,,,,,,,,,,,,,,,,,,,,,,
  Effect of Foreign Exchange Rates,CF_EFFECT_FOREIGN_EXCHANGES,,,,,,,,,,,,,,,,,,,,520,-153,-85,217,-175,-281,-394,-434,314,-257,33,-219,-33,-78,105
,,#N/A Mandatory parameter [FIELDS] cannot be empty,,,,,,,,,,,,,,,,,,,,,,,,,,,,,,,,,
Net Changes in Cash,CF_NET_CHNG_CASH,-533,164,-598,85,174,351,1443,1096,-2659,-698,5392,-533,682,3397,8681,10140,-427,5737,-2544,-20744,-2868,4839,-3082,-4938,-28,-911,-48,-480,-135,47,1275,2438,22863,1903
,,#N/A Mandatory parameter [FIELDS] cannot be empty,,,,,,,,,,,,,,,,,,,,,,,,,,,,,,,,,
Cash Paid for Taxes,CF_CASH_PAID_FOR_TAX,,,,,,,,3943,4629,3805,8671,9855,6106,8149,13510,22535,26165,26342,33941,15427,18941,27254,24349,25066,18085,7269,4214,7510,9294,7018,2428,5341,15364,15473
,,#N/A Mandatory parameter [FIELDS] cannot be empty,,,,,,,,,,,,,,,,,,,,,,,,,,,,,,,,,
Reference Items,,#N/A Mandatory parameter [FIELDS] cannot be empty,,,,,,,,,,,,,,,,,,,,,,,,,,,,,,,,,
Net Cash Paid for Acquisitions,CF_NET_CASH_PAID_FOR_AQUIS,,,,,,,,,,,,0,0,0,,,,,,,,0,,,0,0,0,0,0,0,0,0,0,0
Free Cash Flow,CF_FREE_CASH_FLOW,4098,3618,2386,4547,3208,6719,5953,7283,3706,4164,14491,12900,9831,15639,29341,34299,33824,36615,40407,5947,21542,24370,21899,11245,12164,3854,5919,14664,16440,5355,-2614,36053,58390,33450
Free Cash Flow to Firm,CF_FREE_CASH_FLOW_FIRM,4910.4231,4155.8549,2912.2394,5000.6172,3720.9288,7078.8847,6250.7899,7561.6572,4092.8086,4659.6375,14842.3905,13085.9324,10083.021,15776.2437,29737.4021,34603.1089,34211.4243,36847.8796,40785.2089,6256.7617,21695.5543,24512.3056,22097.05,11250.2162,12350.2074,4088.3331,,,16970.1097,5966.4091,,36768.4801,58980.9283,34050.8288
Free Cash Flow to Equity,FREE_CASH_FLOW_EQUITY,2564,4801,3949,3682,4381,4542,5521,7161,8002,6106,14556,11206,12317,15805,,,,41417,45865,7339,18593,37460,26646,25556,23165,15498,14487,16719,15638,17709,18526,19575,56417,37289
Free Cash Flow per Basic Share,FREE_CASH_FLOW_PER_SH,0.8209,0.7271,0.4803,0.9155,0.6459,1.3525,1.1983,1.4725,0.5343,0.603,2.0841,1.8783,1.4558,2.3574,4.5265,5.4738,5.7203,6.6368,7.7796,1.2308,4.4098,5.0041,4.7318,2.5447,2.8407,0.9185,1.417,3.4455,3.8501,1.2541,-0.612,8.4335,13.8859,8.2552
Price to Free Cash Flow,PX_TO_FREE_CASH_FLOW,15.7599,20.931,31.8178,17.2382,23.5132,14.8803,20.4462,20.7767,68.4289,66.8065,20.857,20.9234,24.0006,17.392,11.3243,10.2616,13.3962,14.1168,10.2615,55.4051,16.5812,16.9381,18.2909,39.769,32.5445,84.8672,63.6959,24.2752,17.7111,55.6416,33.1712,7.2556,7.9433,12.1112
Cash Flow to Net Income,CASH_FLOW_TO_NET_INC,2.125,1.9539,2.0149,2.1786,1.9316,2.1402,1.7526,1.7348,2.0357,1.898,1.2944,1.4941,1.8558,1.3249,1.6315,1.3324,1.2477,1.2805,1.3208,1.475,1.5894,1.3479,1.2516,1.3786,1.3873,1.8789,2.8166,1.5254,1.7281,2.0722,,2.0889,1.3778,1.5376
,,#N/A Mandatory parameter [FIELDS] cannot be empty,,,,,,,,,,,,,,,,,,,,,,,,,,,,,,,,,
Revenue,SALES_REV_TURN,105519,102847,103160,97825,99683,107893,116728,120279,144701,160883,206083,186808,178909,213199,263989,328213,335086,358600,425071,275564,341578,433526,419100,390247,364763,236810,200628,237162,279332,255583,178574,276692,398675,334697
    + Sales & Services Revenue,IS_SALES_AND_SERVICES_REVENUES,,,,,,,,,,,,,,,,,,,,275564,341578,433526,419100,390247,364763,236810,200628,237162,279332,255583,178574,276692,398675,334697
  - Cost of Revenue,IS_COGS_TO_FE_AND_PP_AND_G,68286,65158,66523,63119,63573,67045,74990,76490,88166,102121,167924,117848,117091,137965,213170,263845,262693,284586,341457,232569,284629,362358,353502,335093,316414,210903,187426,210904,244262,230150,196569,242045,323527,279566
    + Cost of Goods & Services,IS_COG_AND_SERVICES_SOLD,,,,,,,,,,,,,,,,,,,,220652,269869,346775,337614,317911,299117,192855,165118,191011,225517,211152,150560,221438,299487,258925
Gross Profit,GROSS_PROFIT,37233,37689,36637,34706,36110,40848,41738,43789,56535,58762,38159,68960,61818,75234,50819,64368,72393,74014,83614,42995,56949,71168,65598,55154,48349,25907,13202,26258,35070,25433,-17995,34647,75148,55131
  + Other Operating Income,IS_OTHER_OPER_INC,,,,,,,,,0,0,,,,,0,0,,,0,0,0,0,0,0,0,0,0,0,0,0,0,0,0,0
  - Operating Expenses,IS_OPERATING_EXPN,28627,29618,29753,27402,29076,31650,31680,32270,47634,49145,12980,47450,46848,52051,14947,15366,15454,16359,17324,16756,16827,17064,15717,14853,14267,13024,12266,14184,14231,13902,12658,11414,11602,11384
"    + Selling, General & Admin",IS_SGA_EXPENSE,,,,,,,,,12925,13134,12044,12295,11725,13396,13849,14402,13540,14076,15873,13685,13671,13939,12835,11833,11627,10493,9741,9586,10364,10184,9152,8731,9271,9040
    + Selling & Marketing,IS_SELLING_EXPENSES,,,,,,,,,,,,,,,,,,,,,,,,,,,,,,,,,,
    + General & Administrative,IS_GENERAL_AND_ADMINISTRATIVE,,,,,,,,,,,,,,,,,,,,,,,,,,,,,,,,,,
    + Research & Development,IS_OPERATING_EXPENSES_RD,,,,,,,,,,,,,,,,,,,,1050,1012,1044,1042,1044,971,1008,1058,1063,1116,1214,1016,843,824,879
    + Other Operating Expense,IS_OTHER_OPERATING_EXPENSES,,,,,,,,,,,,,,,,,,,,2021,2144,2081,1840,1976,1669,1523,1467,3535,2751,2504,2490,1840,1507,1465
Operating Income (Loss),IS_OPER_INC,8606,8071,6884,7304,7034,9198,10058,11519,8901,9617,25179,21510,14970,23183,35872,49002,56939,57655,66290,26239,40122,54104,49881,40301,34082,12883,936,12074,20839,11531,-30653,23233,63546,43747
  - Non-Operating (Income) Loss,IS_NONOP_INCOME_LOSS,,,,,,,,,,,,,,,,,,,,-8538,-12837,-19153,-28845,-17410,-17548,-9083,-7033,-6600,-10114,-8525,-1770,-8001,-14207,-9036
"    + Interest Expense, Net",IS_NET_INTEREST_EXPENSE,,,,,,,,,,,589,293,,,,,,,-727,369,141,112,210,-78,211,265,423,565,702,746,1109,914,352,-779
    + Interest Expense,IS_INT_EXPENSE,1300,810,784,681,773,571,464,415,568,695,589,293,398,207,638,496,654,400,673,548,259,247,327,9,286,311,453,601,766,830,1158,947,798,849
    - Interest Income,IS_INT_INC,,,,,,,,,,,,,,,,,,,1400,179,118,135,117,87,75,46,30,36,64,84,49,33,446,1628
    + Other Investment (Inc) Loss,IS_OTHER_INVESTMENT_INCOME_LOSS,,,,,,,,,,,,,,,,,,,,,,,,,,,,,,,,,,
    + (Income) Loss from Affiliates,INCOME_LOSS_FROM_AFFILIATES,,,,,,,,,-4015,-2998,,-4070,-3557,4373,-4961,-7583,-6985,-8901,-11081,-7143,-10677,-15289,-15010,-13927,-13323,-7644,-4806,-5380,-7355,-5441,-1732,-6657,-11463,-6385
    + Other Non-Op (Income) Loss,IS_OTHER_NON_OPERATING_INC_LOSS,,,,,,,,,,,,,,,,,,,,-1710,-2552,-4160,-13886,-3250,-4661,-1823,-2621,-1779,-3323,-3726,-1123,-2240,-2878,-1821
"Pretax Income (Loss), Adjusted",PRETAX_INC,8452,8685,7534,8302,8037,10743,12300,13204,12348,11295,27493,24539,17719,32660,42017,60231,68453,71479,83397,34777,52959,73257,78726,57711,51630,21966,7969,18674,30953,20056,-28883,31234,77753,52783
  - Abnormal Losses (Gains),IS_ABNORMAL_ITEM,,,,,,,,,732,470,1406,525,490,-3930,,,-410,0,-1160,215.3846,18,0,-11730.7692,0,-413.8462,0,3424.6154,1521,489,-4626.5823,25805.0633,-350.6329,2354.4304,2910
    + Abnormal Derivatives,IS_DERIVATIVES_HEDGING,,,,,,,,,,,,,,,,,,,,,,,,,,,,,,,,,,
    + Disposal of Assets,IS_GAIN_LOSS_DISPOSAL_ASSETS,,,,,,,,,,,,,,,,,,,,,,,-923.0769,,,,,,,-4626.5823,,-1368.3544,-1121.519,-305
    + Asset Write-Down,IS_IMPAIRMENT_ASSETS,,,,,,,,,,,,,,,,,,,,,,,,,,,3424.6154,1521,489,,25392.4051,951.8987,5318.9873,3040
    + Impairment of Intangibles,IS_IMPAIR_OF_INTANG_ASSETS,,,,,,,,,,,,,,,,,,,,,,,,,,,,,,,,,,
    + Gain/Loss on Sale/Acquisition of Business,IS_SALE_OF_BUSINESS,,,,,,,,,,,,,,,,,,,,,,,-6500,,,,,,,,,,,
    + Legal Settlement,IS_LEGAL_LITIGATION_SETTLEMENT,,,,,,,,,,,,,,,,,,,,,,,,,-413.8462,,,,,,,,,
    + Sale of Investments,IS_GAIN_LOSS_ON_INVESTMENTS,,,,,,,,,,,,,,,,,,,,,,,,,,,,,,,,,,
    + Other Abnormal Items,IS_OTHER_ONE_TIME_ITEMS,,,,,,,,,,,,,,,,,,,,215.3846,,,-4307.6923,,,,,,,,412.6582,,-1843.038,175
"Pretax Income (Loss), GAAP",PRETAX_INC,8452,8685,7534,8302,8037,10743,12300,13204,12348,11295,27493,24539,17719,32660,42017,60231,68453,71479,83397,34777,52959,73257,78726,57711,51630,21966,7969,18674,30953,20056,-28883,31234,77753,52783
  - Income Tax Expense (Benefit),IS_INC_TAX_EXP,3170,2918,2477,2772,2704,3972,4406,4338,3939,3240,11091,8967,6499,11006,15911,23302,27902,29864,36530,15119,21561,31051,31045,24263,18015,5415,-406,-1174,9532,5282,-5632,7636,20176,15429
Income (Loss) from Cont Ops,IS_INC_BEF_XO_ITEM,5282,5767,5057,5530,5333,6771,7894,8866,8409,8055,16402,15572,11220,21654,26106,36929,40551,41615,46867,19658,31398,42206,47681,33448,33615,16551,8375,19848,21421,14774,-23251,23598,57577,37354
  - Net Extraordinary Losses (Gains),XO_GL_NET_OF_TAX,0,0,40,0,0,0,0,0,70,0,-1730,-317,-449,-550,,,0,0,0,0,0,0,0,0,0,0,0,0,0,0,0,0,0,0
    + Discontinued Operations,IS_DISCONTINUED_OPERATIONS,,,,,,,,,,,,,,,,,,,0,0,0,0,0,0,0,0,0,0,0,0,0,0,0,0
    + XO & Accounting Changes,EXTRAORD_ITEMS_ACCOUNTING_CHANGS,,,,,,,,,,,,,,,,,,,0,0,0,0,0,0,0,0,0,0,0,0,0,0,0,0
Income (Loss) Incl. MI,NI_INCLUDING_MINORITY_INT_RATIO,5282,5767,5017,5530,5333,6771,7894,8866,8339,8055,18132,15889,11669,22204,26106,36929,40551,41615,46867,19658,31398,42206,47681,33448,33615,16551,8375,19848,21421,14774,-23251,23598,57577,37354
  - Minority Interest,MIN_NONCONTROL_INTEREST_CREDITS,272,167,247,250,233,301,384,406,265,145,412,569,209,694,776,799,1051,1005,1647,378,938,1146,2801,868,1095,401,535,138,581,434,-811,558,1837,1344
"Net Income, GAAP",NET_INCOME,5010,5600,4770,5280,5100,6470,7510,8460,8074,7910,17720,15320,11460,21510,25330,36130,39500,40610,45220,19280,30460,41060,44880,32580,32520,16150,7840,19710,20840,14340,-22440,23040,55740,36010
  - Preferred Dividends,IS_TOT_CASH_PFD_DVD,75,69,61,54,46,38,27,17,,0,0,0,0,0,,,0,0,0,0,0,0,0,0,0,0,0,0,0,0,0,0,0,0
  - Other Adjustments,OTHER_ADJUSTMENTS,,,,,,,,,0,0,,0,0,0,,,0,0,0,0,0,0,0,0,0,0,0,0,0,0,0,0,0,0
"Net Income Avail to Common, GAAP",EARN_FOR_COMMON,4935,5531,4709,5226,5054,6432,7483,8443,8074,7910,17720,15320,11460,21510,25330,36130,39500,40610,45220,19280,30460,41060,44880,32580,32520,16150,7840,19710,20840,14340,-22440,23040,55740,36010
,,#N/A Mandatory parameter [FIELDS] cannot be empty,,,,,,,,,,,,,,,,,,,,,,,,,,,,,,,,,
"Net Income Avail to Common, Adj",EARN_FOR_COMMON,4935,5531,4709,5226,5054,6432,7483,8443,8074,7910,17720,15320,11460,21510,25330,36130,39500,40610,45220,19280,30460,41060,44880,32580,32520,16150,7840,19710,20840,14340,-22440,23040,55740,36010
  Net Abnormal Losses (Gains),IS_NET_ABNORMAL_ITEMS,,,,,,,,,,305.5,,,,,,,,,,140,211.7,0,-7625,0,-269,260,2226,-4421,198,-3655,20386,-277,3361,2562
  Net Extraordinary Losses (Gains),XO_GL_NET_OF_TAX,0,0,40,0,0,0,0,0,70,0,-1730,-317,-449,-550,,,0,0,0,0,0,0,0,0,0,0,0,0,0,0,0,0,0,0
,,#N/A Mandatory parameter [FIELDS] cannot be empty,,,,,,,,,,,,,,,,,,,,,,,,,,,,,,,,,
Basic Weighted Avg Shares,IS_AVG_NUM_SH_FOR_EPS,4992,4976,4968,4966.7998,4966.6001,4968,4968,4946,6936,6906,6953,6868,6753,6634,6482,6266,5913,5517,5194,4832,4885,4870,4628,4419,4282,4196,4177,4256,4270,4270,4271,4275,4205,4052
"Basic EPS, GAAP",IS_EPS,0.99,1.1125,0.9475,1.0525,1.0175,1.295,1.505,1.705,1.155,1.14,2.55,2.23,1.69,3.24,3.91,5.76,6.68,7.36,8.7,3.99,6.24,8.43,9.7,7.37,7.6,3.85,1.88,4.63,4.88,3.36,-5.25,5.39,13.26,8.89
"Basic EPS from Cont Ops, GAAP",IS_EARN_BEF_XO_ITEMS_PER_SH,0.99,1.1125,0.955,1.0525,1.0175,1.295,1.505,1.705,1.165,1.14,2.3,2.19,1.62,3.16,3.91,5.76,6.68,7.36,8.7,3.99,6.24,8.43,9.7,7.37,7.6,3.85,1.88,4.63,4.88,3.36,-5.25,5.39,13.26,8.89
"Basic EPS from Cont Ops, Adjusted",IS_BASIC_EPS_CONT_OPS,0.99,1.1125,0.955,1.0525,1.0175,1.295,1.505,1.645,1.27,1.185,2.5,2.27,1.69,2.567,3.91,5.76,6.61,7.36,8.7,4.019,6.2788,8.43,8.0499,7.37,7.5318,3.9109,2.4099,3.5923,4.9269,2.5023,-0.4809,5.3247,14.0549,9.5193
,,#N/A Mandatory parameter [FIELDS] cannot be empty,,,,,,,,,,,,,,,,,,,,,,,,,,,,,,,,,
Diluted Weighted Avg Shares,IS_SH_FOR_DILUTED_EPS,4992,4976,4968,4966.7998,4966.6001,4968,5024,5010,7066,7036,7033,6941,6803,6662,6519,6322,5970,5577,5221,4848,4897,4875,4628,4419,4282,4196,4177,4256,4270,4270,4271,4275,4205,4052
"Diluted EPS, GAAP",IS_DILUTED_EPS,0.99,1.1125,0.9475,1.0525,1.0175,1.295,1.49,1.685,1.14,1.125,2.52,2.21,1.68,3.23,3.89,5.71,6.62,7.28,8.66,3.98,6.22,8.42,9.7,7.37,7.6,3.85,1.88,4.63,4.88,3.36,-5.25,5.39,13.26,8.89
"Diluted EPS from Cont Ops, GAAP",IS_DIL_EPS_BEF_XO,0.99,1.1125,0.955,1.0525,1.0175,1.295,1.49,1.685,1.15,1.125,2.27,2.17,1.61,3.15,3.89,5.71,6.62,7.28,8.66,3.98,6.22,8.42,9.7,7.37,7.6,3.85,1.88,4.63,4.88,3.36,-5.25,5.39,13.26,8.89
"Diluted EPS from Cont Ops, Adjusted",IS_DIL_EPS_CONT_OPS,0.99,1.1125,0.955,1.0525,1.0175,1.295,1.49,1.625,1.255,1.17,2.47,2.25,1.69,2.556,3.89,5.71,6.55,7.28,8.66,4.0089,6.2632,8.42,8.0499,7.37,7.5318,3.9109,2.4099,3.5912,4.9264,2.5023,-0.4809,5.3247,14.0549,9.5193
,,#N/A Mandatory parameter [FIELDS] cannot be empty,,,,,,,,,,,,,,,,,,,,,,,,,,,,,,,,,
Reference Items,,#N/A Mandatory parameter [FIELDS] cannot be empty,,,,,,,,,,,,,,,,,,,,,,,,,,,,,,,,,
Accounting Standard,ACCOUNTING_STANDARD,US GAAP,US GAAP,US GAAP,US GAAP,US GAAP,US GAAP,US GAAP,US GAAP,US GAAP,US GAAP,US GAAP,US GAAP,US GAAP,US GAAP,US GAAP,US GAAP,US GAAP,US GAAP,US GAAP,US GAAP,US GAAP,US GAAP,US GAAP,US GAAP,US GAAP,US GAAP,US GAAP,US GAAP,US GAAP,US GAAP,US GAAP,US GAAP,US GAAP,US GAAP
EBITDA,EBITDA,14151,12895,11928,12188,12049,14584,15387,16993,17256,17921,33309,29454,23280,32230,45639,59255,68355,69905,78669,38156,54882,69687,65769,57483,51379,30931,23244,31967,39584,31963,16909,45382,89362,66364
EBITDA Margin (T12M),EBITDA_MARGIN,13.4109,12.538,11.5626,12.459,12.0873,13.5171,13.1819,14.128,11.9253,11.1392,16.1629,15.767,13.0122,15.1173,17.2882,18.0538,20.3992,19.4939,18.5073,13.8465,16.0672,16.0745,15.6929,14.7299,14.0856,13.0615,11.5856,13.479,14.171,12.5059,9.4689,16.4016,22.4147,19.8281
EBIT,EBIT,8606,8071,6884,7304,7034,9198,10058,11519,8901,9617,25179,21510,14970,23183,35872,49002,56939,57655,66290,26239,40122,54104,49881,40301,34082,12883,936,12074,20839,11531,-30653,23233,63546,43747
Gross Margin,GROSS_MARGIN,35.2856,36.6457,35.5147,35.4776,36.2248,37.8597,35.7566,36.4062,39.0702,36.5247,18.5163,36.9149,34.5528,35.2882,19.2504,19.6117,21.6043,20.6397,19.6706,15.6025,16.6723,16.4161,15.6521,14.1331,13.2549,10.94,6.5803,11.0718,12.555,9.951,-10.0771,12.5219,18.8494,16.4719
Operating Margin,OPER_MARGIN,8.1559,7.8476,6.6731,7.4664,7.0564,8.5251,8.6166,9.5769,6.1513,5.9776,12.2179,11.5145,8.3674,10.8739,13.5884,14.9299,16.9924,16.0778,15.595,9.5219,11.7461,12.48,11.9019,10.327,9.3436,5.4402,0.4665,5.091,7.4603,4.5116,-17.1654,8.3967,15.9393,13.0706
Profit Margin,PROF_MARGIN,4.748,5.445,4.6239,5.3974,5.1162,5.9967,6.4338,7.0336,5.5798,4.9166,8.5985,8.2009,6.4055,10.0892,9.5951,11.0081,11.788,11.3246,10.6382,6.9966,8.9174,9.4712,10.7087,8.3486,8.9154,6.8198,3.9077,8.3108,7.4607,5.6107,-12.5662,8.3269,13.9813,10.759
Sales per Employee,ACTUAL_SALES_PER_EMPL,1014605.7692,1018287.1287,1085894.7368,1075000,1159104.6512,1315768.2927,1477569.6203,1503487.5,1831658.2278,,2069106.4257,1908151.1747,1934151.3514,2414484.7112,,,,4438118.8119,5320037.5469,3414671.6233,4085861.244,5280462.8502,5449934.9805,5203293.3333,4844130.1461,3221904.7619,2821772.1519,3407500,3934253.5211,3412323.0975,2480194.4444,4391936.5079,6430241.9355,5442227.6423
,,#N/A Mandatory parameter [FIELDS] cannot be empty,,,,,,,,,,,,,,,,,,,,,,,,,,,,,,,,,
Returns,,#N/A Mandatory parameter [FIELDS] cannot be empty,,,,,,,,,,,,,,,,,,,,,,,,,,,,,,,,,
Return on Common Equity,RETURN_COM_EQY,15.6015,16.4895,14.0429,15.5698,14.2396,16.7406,17.9834,19.4743,15.4019,12.6722,26.4038,21.2899,15.5119,26.1501,26.4307,33.9341,35.1064,34.4728,38.5299,17.2502,23.6667,27.2611,28.0273,19.1723,18.6681,9.3566,4.6372,11.1038,10.9834,7.4796,-12.867,14.1468,30.6579,18.0117
Return on Assets,RETURN_ON_ASSET,5.8622,6.3903,5.5276,6.2421,5.93,7.2227,8.0397,8.8313,6.8598,5.5732,12.0741,10.4869,7.748,13.1591,13.7092,17.9043,18.486,17.6145,19.2371,8.3576,11.3692,12.9616,13.5009,9.5739,9.3408,4.7067,2.3506,5.8056,5.9981,4.0463,-6.4543,6.8605,15.746,9.6621
Return on Capital,RETURN_ON_CAP,12.3218,12.5198,10.9647,11.97,11.4543,13.5952,15.1935,16.4494,12.5781,10.1257,21.2999,18.454,13.6317,23.3995,24.4439,31.4595,32.9221,31.9932,35.9884,15.8509,21.5597,24.5163,26.5245,17.3138,16.3536,7.8863,4.0128,8.927,9.2785,6.3069,-9.1448,10.4458,24.3459,14.902
Return on Invested Capital,RETURN_ON_INV_CAPITAL,8.6856,8.5247,7.4112,7.9725,7.501,9.0041,9.6533,11.2005,7.1735,6.7762,13.3553,12.3776,9.2879,14.1152,18.5739,24.3601,25.3825,24.4084,26.7195,12.6531,16.4078,17.8543,17.5671,12.6589,10.0594,4.3829,2.0215,6.4421,5.6895,3.414,-8.776,7.0482,17.6799,11.0164
,,#N/A Mandatory parameter [FIELDS] cannot be empty,,,,,,,,,,,,,,,,,,,,,,,,,,,,,,,,,
Margins,,#N/A Mandatory parameter [FIELDS] cannot be empty,,,,,,,,,,,,,,,,,,,,,,,,,,,,,,,,,
Gross Margin,GROSS_MARGIN,35.2856,36.6457,35.5147,35.4776,36.2248,37.8597,35.7566,36.4062,39.0702,36.5247,18.5163,36.9149,34.5528,35.2882,19.2504,19.6117,21.6043,20.6397,19.6706,15.6025,16.6723,16.4161,15.6521,14.1331,13.2549,10.94,6.5803,11.0718,12.555,9.951,-10.0771,12.5219,18.8494,16.4719
Operating Margin,OPER_MARGIN,8.1559,7.8476,6.6731,7.4664,7.0564,8.5251,8.6166,9.5769,6.1513,5.9776,12.2179,11.5145,8.3674,10.8739,13.5884,14.9299,16.9924,16.0778,15.595,9.5219,11.7461,12.48,11.9019,10.327,9.3436,5.4402,0.4665,5.091,7.4603,4.5116,-17.1654,8.3967,15.9393,13.0706
Incremental Operating Margin,INCREMENTAL_OPERATING_MARGIN,3.4035,-20.0225,,,,26.3581,9.734,41.1433,,4.4247,34.4292,-19.035,-82.7953,23.9516,24.9833,20.4441,115.4809,3.045,12.9906,-26.7887,21.0304,15.2064,-29.2735,-33.2028,-24.4035,-16.5678,-33.0192,30.4867,20.7849,-39.1932,-54.778,54.9196,33.048,-30.9466
Pretax Margin,PRETAX_INC_TO_NET_SALES,8.0099,8.4446,7.3032,8.4866,8.0626,9.9571,10.5373,10.9778,8.5335,7.0206,13.3407,13.1359,9.9039,15.319,15.9162,18.3512,20.4285,19.9328,19.6195,12.6203,15.5042,16.8979,18.7845,14.7883,14.1544,9.2758,3.972,7.8739,11.0811,7.8472,-16.1742,11.2884,19.5029,15.7704
Income before XO Margin,INC_BEF_XO_ITEMS_TO_NET_SALES,5.0057,5.6074,4.9021,5.653,5.35,6.2757,6.7627,7.3712,5.8113,5.0067,7.9589,8.3358,6.2713,10.1567,9.889,11.2515,12.1017,11.6049,11.0257,7.1337,9.192,9.7355,11.377,8.571,9.2156,6.9891,4.1744,8.369,7.6687,5.7805,-13.0204,8.5286,14.4421,11.1605
Net Income Margin,PROF_MARGIN,4.748,5.445,4.6239,5.3974,5.1162,5.9967,6.4338,7.0336,5.5798,4.9166,8.5985,8.2009,6.4055,10.0892,9.5951,11.0081,11.788,11.3246,10.6382,6.9966,8.9174,9.4712,10.7087,8.3486,8.9154,6.8198,3.9077,8.3108,7.4607,5.6107,-12.5662,8.3269,13.9813,10.759
Net Income to Common Margin,NET_INCOME_TO_COMMON_MARGIN,4.6769,5.3779,4.5648,5.3422,5.0701,5.9615,6.4106,7.0195,5.5798,4.9166,8.5985,8.2009,6.4055,10.0892,9.5951,11.0081,11.788,11.3246,10.6382,6.9966,8.9174,9.4712,10.7087,8.3486,8.9154,6.8198,3.9077,8.3108,7.4607,5.6107,-12.5662,8.3269,13.9813,10.759
,,#N/A Mandatory parameter [FIELDS] cannot be empty,,,,,,,,,,,,,,,,,,,,,,,,,,,,,,,,,
Additional,,#N/A Mandatory parameter [FIELDS] cannot be empty,,,,,,,,,,,,,,,,,,,,,,,,,,,,,,,,,
Effective Tax Rate,EFF_TAX_RATE,37.5059,33.5982,32.8776,33.3895,33.6444,36.9729,35.8211,32.8537,31.8999,28.6853,40.3412,36.5418,36.6781,33.6987,37.868,38.6877,40.7608,41.7801,43.8025,43.4741,40.7126,42.3864,39.4342,42.0422,34.8925,24.6517,,,30.7951,26.3363,,24.4477,25.9488,29.231
,,#N/A Mandatory parameter [FIELDS] cannot be empty,,,,,,,,,,,,,,,,,,,,,,,,,,,,,,,,,
ESG Financial Materiality Scores,,#N/A Mandatory parameter [FIELDS] cannot be empty,,,,,,,,,,,,,,,,,,,,,,,,,,,,,,,,,
BESG ESG Score,ESG_SCORE,,,,,,,,,,,,,,,,,,,,,,,,,,4.27,4.43,4.75,4.78,5.25,5.12,5.27,5.4,
BESG Environmental Pillar Score,ENVIRONMENTAL_SCORE,,,,,,,,,,,,,,,,,,,,,,,,,,2.96,3.36,3.49,3.75,4.45,4.68,4.63,4.63,
BESG Social Pillar Score,SOCIAL_SCORE,,,,,,,,,,,,,,,,,,,,,,,,,,4.33,4.41,4.39,4.17,4.72,3.8,3.86,4.13,
BESG Governance Pillar Score,GOVERNANCE_SCORE,,,,,,,,,,,,,,,,,,,,,,,,,,6.78,6.51,7.61,7.47,7.31,7.45,8.14,8.33,
,,#N/A Mandatory parameter [FIELDS] cannot be empty,,,,,,,,,,,,,,,,,,,,,,,,,,,,,,,,,
ESG Disclosure Scores,,#N/A Mandatory parameter [FIELDS] cannot be empty,,,,,,,,,,,,,,,,,,,,,,,,,,,,,,,,,
ESG Disclosure Score,ESG_DISCLOSURE_SCORE,,,,,,,,,,,,,,,,49.0293,51.0814,56.3424,57.288,57.8714,58.9981,59.2596,60.0946,60.9295,60.9295,62.6094,64.9432,66.7237,66.9148,67.619,67.619,67.619,66.2308,66.3314
Environmental Disclosure Score,ENVIRON_DISCLOSURE_SCORE,,,,,,,,,,,,,,,,20.3564,23.7391,39.5349,39.5349,41.2866,44.6693,44.6693,44.6693,44.6693,44.6693,46.0888,48.9278,52.8541,52.8541,54.2736,54.2736,54.2736,54.2736,54.2736
Social Disclosure Score,SOCIAL_DISCLOSURE_SCORE,,,,,,,,,,,,,,,,42.6542,45.4353,45.4353,45.4353,45.4353,45.4353,46.2213,46.2213,46.2213,46.2213,49.8489,54.0206,55.4414,55.4414,55.4414,55.4414,55.4414,51.2696,50.8767
Governance Disclosure Score,GOVNCE_DISCLOSURE_SCORE,,,,,,,,,,,,,,,,83.9554,83.9554,83.9554,86.7851,86.7851,86.7851,86.7851,89.2836,91.7821,91.7821,91.7821,91.7821,91.7821,92.354,93.0464,93.0464,93.0464,93.0464,93.7387
,,#N/A Mandatory parameter [FIELDS] cannot be empty,,,,,,,,,,,,,,,,,,,,,,,,,,,,,,,,,
Environmental,,#N/A Mandatory parameter [FIELDS] cannot be empty,,,,,,,,,,,,,,,,,,,,,,,,,,,,,,,,,
Air Quality,,#N/A Mandatory parameter [FIELDS] cannot be empty,,,,,,,,,,,,,,,,,,,,,,,,,,,,,,,,,
Nitrogen Oxide Emissions,NOX_EMISSIONS,,,,,,,,,,,,,,,,164,161,160,150,130,120,140,140,150,140,140,130,120,120,120,100,100,110,120
VOC Emissions,VOC_EMISSIONS,,,,,,,,,,,,,,,,363,310,310,250,220,220,230,200,190,200,160,150,150,170,150,100,120,110,100
Particulate Emissions,PARTICULATE_EMISSIONS,,,,,,,,,,,,,,,,,,,,,,,,,,,,,,,,,,
Sulphur Dioxide / Sulphur Oxide Emissions,SULPHUR_DIOXIDE_SULPHUR_OXIDE_EM,,,,,,,,,,,,,,,,254,236,210,190,160,140,130,130,120,100,110,110,100,100,90,70,80,80,60
,,#N/A Mandatory parameter [FIELDS] cannot be empty,,,,,,,,,,,,,,,,,,,,,,,,,,,,,,,,,
Climate Change,,#N/A Mandatory parameter [FIELDS] cannot be empty,,,,,,,,,,,,,,,,,,,,,,,,,,,,,,,,,
Emissions Reduction Initiatives,EMISSION_REDUCTION,,,,,,,,,,,,,,,,1,1,1,1,1,1,1,1,1,1,1,1,1,1,1,1,1,1,1
Transition Plan Claim,TRANSITION_PLAN_INDICATOR,,,,,,,,,,,,,,,,,,,,,,,,,,,,,,,,,1,1
Climate Change Policy,CLIMATE_CHG_POLICY,,,,,,,,,,,,,,,,1,1,1,1,1,1,1,1,1,1,1,1,1,1,1,1,1,1,1
Climate Change Opportunities Discussed,CLIMATE_CHG_OPPORTUNITIES,,,,,,,,,,,,,,,,0,0,0,0,0,0,0,0,0,0,0,0,0,0,0,0,0,0,0
Risks of Climate Change Discussed,CLIMATE_RISKS,,,,,,,,,,,,,,,,0,0,0,0,1,1,1,1,1,1,1,1,1,1,1,1,1,1,1
GHG Scope 1,GHG_SCOPE_1,,,,,,,,,,,,,,,,138000,145500,141000,126000,128000,132000,136000,132000,135000,121000,118000,112000,107000,109000,102000,97000,98000,98000,94000
GHG Scope 2 Location-Based,GHG_SCOPE_2_LOCATION_BASED,,,,,,,,,,,,,,,,,,,,15000,15000,14000,14000,8000,8000,8000,8000,9000,9000,9000,7000,7000,7000,7000
,,#N/A Mandatory parameter [FIELDS] cannot be empty,,,,,,,,,,,,,,,,,,,,,,,,,,,,,,,,,
Energy,,#N/A Mandatory parameter [FIELDS] cannot be empty,,,,,,,,,,,,,,,,,,,,,,,,,,,,,,,,,
Energy Efficiency Policy,ENERGY_EFFIC_POLICY,,,,,,,,,,,,,,,,1,1,1,1,1,1,1,1,1,1,1,1,1,1,1,1,1,1,1
Total Energy Consumption,ENERGY_CONSUMPTION,,,,,,,,,,,,,,,,418950,433650,430556,416667,405639,408333,430556,416667,416667,444444,472222,416667,388889,416667,416667,416667,416667,416667,388889
Electricity Used,ELECTRICITY_USED,,,,,,,,,,,,,,,,,,,,,,,,,,,,,,,,,,
Fuel Used - Natural Gas,NAT_GAS_USED,,,,,,,,,,,,,,,,,,,,,,,,,,,,,,,,,,
Fuel Used - Crude Oil/Diesel,OIL_DIESEL_USED,,,,,,,,,,,,,,,,,,,,,,,,,,,,,,,,,,
,,#N/A Mandatory parameter [FIELDS] cannot be empty,,,,,,,,,,,,,,,,,,,,,,,,,,,,,,,,,
Materials & Waste,,#N/A Mandatory parameter [FIELDS] cannot be empty,,,,,,,,,,,,,,,,,,,,,,,,,,,,,,,,,
Waste Reduction Policy,WASTE_REDUCTION,,,,,,,,,,,,,,,,1,1,1,1,1,1,1,1,1,1,1,1,1,1,1,1,1,1,1
Hazardous Waste,HAZARDOUS_WASTE,,,,,,,,,,,,,,,,297,246,168,400,800,1300,1900,2000,300,300,200,100,400,400,500,300,500,500,600
Total Waste,TOTAL_WASTE,,,,,,,,,,,,,,,,,,,,,,,,,,,,1000,1100,2200,1100,1200,1000,1300
,,#N/A Mandatory parameter [FIELDS] cannot be empty,,,,,,,,,,,,,,,,,,,,,,,,,,,,,,,,,
Supply Chain,,#N/A Mandatory parameter [FIELDS] cannot be empty,,,,,,,,,,,,,,,,,,,,,,,,,,,,,,,,,
Environmental Supply Chain Management,ENVIRON_SUPPLY_MGT,,,,,,,,,,,,,,,,0,0,1,1,1,1,1,1,1,1,1,1,1,1,1,1,1,1,1
,,#N/A Mandatory parameter [FIELDS] cannot be empty,,,,,,,,,,,,,,,,,,,,,,,,,,,,,,,,,
Water,,#N/A Mandatory parameter [FIELDS] cannot be empty,,,,,,,,,,,,,,,,,,,,,,,,,,,,,,,,,
Water Policy,WATER_POLICY,,,,,,,,,,,,,,,,1,1,1,1,1,1,1,1,1,1,1,1,1,1,1,1,1,1,1
Total Water Withdrawal,TOTAL_WATER_WITHDRAWAL,,,,,,,,,,,,,,,,,309000,323000,349770,341820,340200,550000,520000,430000,420000,450000,430000,440000,470000,460000,460000,440000,450000,440000
Total Water Discharged,TOTAL_WATER_DISCHARGED,,,,,,,,,,,,,,,,,,,,,,,,,,,,,,,,,,
,,#N/A Mandatory parameter [FIELDS] cannot be empty,,,,,,,,,,,,,,,,,,,,,,,,,,,,,,,,,
Ecological & Biodiversity Impacts,,#N/A Mandatory parameter [FIELDS] cannot be empty,,,,,,,,,,,,,,,,,,,,,,,,,,,,,,,,,
Biodiversity Policy,BIODIVERSITY_POLICY,,,,,,,,,,,,,,,,1,1,1,1,1,1,1,1,1,1,1,1,1,1,1,1,1,1,1
Adopts TNFD Recommendations,ADOPT_TNFD_RECOMMENDATIONS,,,,,,,,,,,,,,,,,,,,,,,,,,,,,,,,0,0,0
Zero Deforestation Policy,ZERO_DEFORESTATION_POLICY,,,,,,,,,,,,,,,,,,,,,,,,,,,,,,,,0,0,0
Board Level Oversight of Biodiversity,BOARD_LEVEL_OVERSIGHT_BIODIV,,,,,,,,,,,,,,,,,,,,,,,,,,,,,,,,0,0,0
Executive Level Oversight of Biodiversity,EXEC_LEVEL_OVERSIGHT_BIODIV,,,,,,,,,,,,,,,,,,,,,,,,,,,,,,,,0,0,0
,,#N/A Mandatory parameter [FIELDS] cannot be empty,,,,,,,,,,,,,,,,,,,,,,,,,,,,,,,,,
Social,,#N/A Mandatory parameter [FIELDS] cannot be empty,,,,,,,,,,,,,,,,,,,,,,,,,,,,,,,,,
Community & Customers,,#N/A Mandatory parameter [FIELDS] cannot be empty,,,,,,,,,,,,,,,,,,,,,,,,,,,,,,,,,
Human Rights Policy,HUMAN_RIGHTS_POLICY,,,,,,,,,,,,,,,,1,1,1,1,1,1,1,1,1,1,1,1,1,1,1,1,1,1,1
Policy Against Child Labor,POLICY_AGAINST_CHILD_LABOR,,,,,,,,,,,,,,,,1,1,1,1,1,1,1,1,1,1,1,1,1,1,1,1,1,1,1
Quality Assurance and Recall Policy,QUALITY_ASSURANCE_AND_RECALL_POL,,,,,,,,,,,,,,,,,,,,,,,,,,0,0,0,0,0,0,0,0,0
Consumer Data Protection Policy,CONSUMER_DATA_PROTECTION_POLICY,,,,,,,,,,,,,,,,,,,,,,,,,,0,0,1,1,1,1,1,1,1
Community Spending,COMMUNITY_SPENDING,,,,,,,,,,,,,,,,,,,,,,,,,,,241.5,204,211,252.5,202.8,163.4,158.3,158.5
Number of Customer Complaints,CUSTOMER_COMPLAINTS,,,,,,,,,,,,,,,,,,,,,,,,,,,,,,,,,,
,,#N/A Mandatory parameter [FIELDS] cannot be empty,,,,,,,,,,,,,,,,,,,,,,,,,,,,,,,,,
Diversity,,#N/A Mandatory parameter [FIELDS] cannot be empty,,,,,,,,,,,,,,,,,,,,,,,,,,,,,,,,,
Equal Opportunity Policy,EQUAL_OPPORTUNITY_POLICY,,,,,,,,,,,,,,,,1,1,1,1,1,1,1,1,1,1,1,1,1,1,1,1,1,1,1
Gender Pay Gap Breakout,GENDER_PAY_GAP_BREAKOUT,,,,,,,,,,,,,,,,,,,,,,,,,0,0,0,1,1,1,1,1,1,0
Pct Women in Senior Management,PCT_WOMEN_SENIOR_MGT,,,,,,,,,,,,,,,,11,12,12,12,13,14,18,15,16,17,17,18,20,20,22,24,27,29,30
Pct Women in Middle and or Other Management,PCT_WOMEN_IN_MID_AND_OTHER_MGMT,,,,,,,,,,,,,,,,,,,,,,,,,,,,,,,,,,
Pct Women in Workforce,PCT_WOMEN_EMPLOYEES,,,,,,,,,,,,,,,,23,24,25,25,26,26,28,28,28,28,28,28,28,29,29,29,29,28,28
Pct Minorities in Workforce,PCT_MINORITY_EMPLOYEES,,,,,,,,,,,,,,,,,,,,,,,,,,,,,,,,,,
Pct Disabled in Workforce,PCT_DISABLED_IN_WORKFORCE,,,,,,,,,,,,,,,,,,,,,,,,,,,,,,,,,,
,,#N/A Mandatory parameter [FIELDS] cannot be empty,,,,,,,,,,,,,,,,,,,,,,,,,,,,,,,,,
Ethics & Compliance,,#N/A Mandatory parameter [FIELDS] cannot be empty,,,,,,,,,,,,,,,,,,,,,,,,,,,,,,,,,
Business Ethics Policy,ETHICS_POLICY,,,,,,,,,,,,,,,,1,1,1,1,1,1,1,1,1,1,1,1,1,1,1,1,1,1,1
Anti-Bribery Ethics Policy,ANTI_BRIBERY_ETHICS_POLICY,,,,,,,,,,,,,,,,0,1,1,1,1,1,1,1,1,1,1,1,1,1,1,1,1,1,1
,,#N/A Mandatory parameter [FIELDS] cannot be empty,,,,,,,,,,,,,,,,,,,,,,,,,,,,,,,,,
Health & Safety,,#N/A Mandatory parameter [FIELDS] cannot be empty,,,,,,,,,,,,,,,,,,,,,,,,,,,,,,,,,
Health and Safety Policy,HEALTH_SAFETY_POLICY,,,,,,,,,,,,,,,,1,1,1,1,1,1,1,1,1,1,1,1,1,1,1,1,1,1,1
Fatalities - Employees,FATALITIES_EMPLOYEES,,,,,,,,,,,,,,,,3,3,0,0,4,0,0,1,0,0,0,0,0,0,0,1,0,0,1
Lost Time Incident Rate - Employees,LOST_TIME_INCIDENT_RATE,,,,,,,,,,,,,,,,0.069,0.047,0.031,0.053,0.042,0.043,0.06,0.037,0.047,0.032,0.045,0.027,0.03,0.04,0.03,0.02,0.02,0.03,0.01
,,#N/A Mandatory parameter [FIELDS] cannot be empty,,,,,,,,,,,,,,,,,,,,,,,,,,,,,,,,,
Human Capital,,#N/A Mandatory parameter [FIELDS] cannot be empty,,,,,,,,,,,,,,,,,,,,,,,,,,,,,,,,,
Training Policy,TRAINING_POLICY,,,,,,,,,,,,,,,,1,1,1,1,1,1,1,1,1,1,1,1,1,1,1,1,1,1,1
Fair Remuneration Policy,FAIR_REMUNERATION_POLICY,,,,,,,,,,,,,,,,0,0,0,0,0,0,0,0,0,0,0,0,0,0,0,0,0,0,0
Number of Employees - CSR,NUMBER_EMPLOYEES_CSR,,,,,,,,,,,,,,,,84000,82000,80800,79900,80700,83600,82100,76900,75000,75300,73500,71100,70000,71000,75000,72000,63000,62300,62000
Employee Turnover Pct,EMPLOYEE_TURNOVER_PCT,,,,,,,,,,,,,,,,,,,,,,,,,,,,,,,,,,
Employee Training Cost,EMPLOYEE_TRAINING_COST,,,,,,,,,,,,,,,,51.5,60,61,69,71,77,80,88,96,117,124,108,94,62,77,34,19,31,47
Total Hours Spent by Firm - Employee Training,TOT_HRS_SPENT_BY_FIRM_EMP_TRAIN,,,,,,,,,,,,,,,,,,,,,,,,,,,,,,,,,,
Company Discloses Employee Engagement Score,COMP_DISCLOSES_EMP_ENG_SCORE,,,,,,,,,,,,,,,,,,,,,,,,,,0,0,0,0,0,0,0,0,0
,,#N/A Mandatory parameter [FIELDS] cannot be empty,,,,,,,,,,,,,,,,,,,,,,,,,,,,,,,,,
Supply Chain,,#N/A Mandatory parameter [FIELDS] cannot be empty,,,,,,,,,,,,,,,,,,,,,,,,,,,,,,,,,
Social Supply Chain Management,SOCIAL_SUPPLY_CHAIN_MGMT,,,,,,,,,,,,,,,,0,0,0,0,0,0,1,1,1,1,1,1,1,1,1,1,1,1,1
,,#N/A Mandatory parameter [FIELDS] cannot be empty,,,,,,,,,,,,,,,,,,,,,,,,,,,,,,,,,
Governance,,#N/A Mandatory parameter [FIELDS] cannot be empty,,,,,,,,,,,,,,,,,,,,,,,,,,,,,,,,,
Audit Risk & Oversight,,#N/A Mandatory parameter [FIELDS] cannot be empty,,,,,,,,,,,,,,,,,,,,,,,,,,,,,,,,,
Years Auditor Employed,YEARS_AUDITOR_EMPLOYED,,,,,,,,,,,,,,,,72,73,74,,,,,79,80,81,82,83,84,85,86,87,88,89,90
Size of Audit Committee,SIZE_OF_AUDIT_COMMITTEE,,,,,,,,,,,,,,,,5,5,5,4,3,4,4,5,5,4,4,5,4,3,3,4,4,4,4
Number of Independent Directors on Audit Committee,NUM_IND_DIR_ON_AUD_CMTE,,,,,,,,,,,,,,,,5,5,5,4,3,4,4,5,5,4,4,5,4,3,3,4,4,4,4
Audit Committee Meetings,AUDIT_COMMITTEE_MEETINGS,,,,,,,,,,,,,,,,11,11,11,11,11,11,11,12,11,11,11,11,11,11,11,10,10,10,10
Audit Committee Meeting Attendance Percentage,AUDIT_COMMITTEE_MTG_ATTEND_PCT,,,,,,,,,,,,,,,,,,,96,94,87.25,97,93,95,95,92,93,98,99,96,98,97,98,98
,,#N/A Mandatory parameter [FIELDS] cannot be empty,,,,,,,,,,,,,,,,,,,,,,,,,,,,,,,,,
Board Composition,,#N/A Mandatory parameter [FIELDS] cannot be empty,,,,,,,,,,,,,,,,,,,,,,,,,,,,,,,,,
Company Conducts Board Evaluations,COMPANY_CONDUCTS_BRD_EVALUATIONS,,,,,,,,,,,,,,,,1,1,1,,,,,,0,0,0,0,0,1,1,1,1,1,1
Board Size,BOARD_SIZE,,,,,,,,,,,,,,,,12,12,12,11,10,11,11,12,13,12,12,13,11,10,10,10,12,11,12
Number of Executives / Company Managers,NUM_EXECUTIVES_COMP_MANAGERS,,,,,,,,,,,,,,,,5,6,7,16,19,20,20,19,19,20,20,21,19,18,16,14,14,11,11
Number of Non Executive Directors on Board,NUM_OF_NONEXEC_DIR_ON_BRD,,,,,,,,,,,,,,,,10,10,10,10,9,10,10,11,12,11,11,11,10,9,9,9,11,10,11
Number of Board Meetings for the Year,BOARD_MEETINGS_PER_YR,,,,,,,,,,,,,,,,12,9,10,10,11,9,10,10,11,10,11,12,11,9,10,10,13,9,11
Board Meeting Attendance Pct,BOARD_MEETING_ATTENDANCE_PCT,,,,,,,,,,,,,,,,93,96,97,96,94,94,97,93,95,95,92,93,98,99,96,98,97,98,98
,,#N/A Mandatory parameter [FIELDS] cannot be empty,,,,,,,,,,,,,,,,,,,,,,,,,,,,,,,,,
Compensation,,#N/A Mandatory parameter [FIELDS] cannot be empty,,,,,,,,,,,,,,,,,,,,,,,,,,,,,,,,,
Company Has Executive Share Ownership Guidelines,COMP_HAS_EXEC_SH_OWNER_GUIDELNS,,,,,,,,,,,,,,,,,,,,,,,,,,0,0,0,0,1,1,1,1,1
Director Share Ownership Guidelines,DIRECTOR_SH_OWNERSHIP_GUIDELINES,,,,,,,,,,,,,,,,,,,,,,,,,,0,0,0,0,0,0,0,0,1
Size of Compensation Committee,SIZE_OF_COMPENSATION_COMMITTEE,,,,,,,,,,,,,,,,4,5,4,4,4,4,4,4,4,4,4,3,4,4,4,4,4,3,4
Num of Independent Directors on Compensation Cmte,NUM_IND_DIR_ON_CMPNSTN_CMTE,,,,,,,,,,,,,,,,4,5,4,4,4,4,4,4,4,4,4,3,4,4,4,4,4,3,4
Number of Compensation Committee Meetings,NUM_COMPENSATION_CMTE_MTG,,,,,,,,,,,,,,,,9,6,8,7,9,8,7,7,7,8,7,7,7,6,6,6,5,6,5
Compensation Committee Meeting Attendance %,COMPENSATION_CMTE_MTG_ATTEND_PCT,,,,,,,,,,,,,,,,,,,96,94,94,97,87.5,95,95,92,93,98,99,96,98,97,98,98
,,#N/A Mandatory parameter [FIELDS] cannot be empty,,,,,,,,,,,,,,,,,,,,,,,,,,,,,,,,,
Diversity,,#N/A Mandatory parameter [FIELDS] cannot be empty,,,,,,,,,,,,,,,,,,,,,,,,,,,,,,,,,
Number of Female Executives,NUMBER_OF_FEMALE_EXECUTIVES,,,,,,,,,,,,,,,,0,0,0,0,0,0,0,0,0,0,0,1,1,1,2,2,3,2,2
Number of Women on Board,NUMBER_OF_WOMEN_ON_BOARD,,,,,,,,,,,,,,,,2,2,2,2,2,1,1,2,2,2,2,3,4,3,3,3,4,4,3
Age of the Youngest Director,AGE_OF_YOUNGEST_DIRECTOR,,,,,,,,,,,,,,,,54,55,56,57,55,56,57,54,55,56,57,52,53,54,55,56,51,52,53
Age of the Oldest Director,AGE_OF_OLDEST_DIRECTOR,,,,,,,,,,,,,,,,70,71,72,73,72,71,72,71,72,72,71,72,72,71,72,72,72,73,74
,,#N/A Mandatory parameter [FIELDS] cannot be empty,,,,,,,,,,,,,,,,,,,,,,,,,,,,,,,,,
Independence,,#N/A Mandatory parameter [FIELDS] cannot be empty,,,,,,,,,,,,,,,,,,,,,,,,,,,,,,,,,
Number of Independent Directors,INDEPENDENT_DIRECTORS,,,,,,,,,,,,,,,,10,10,10,10,9,10,10,11,12,11,11,11,10,9,9,9,11,10,11
,,#N/A Mandatory parameter [FIELDS] cannot be empty,,,,,,,,,,,,,,,,,,,,,,,,,,,,,,,,,
Nominations & Governance Oversight,,#N/A Mandatory parameter [FIELDS] cannot be empty,,,,,,,,,,,,,,,,,,,,,,,,,,,,,,,,,
Size of Nomination Committee,SIZE_OF_NOMINATION_COMMITTEE,,,,,,,,,,,,,,,,5,5,4,4,4,4,4,4,5,5,5,5,4,4,4,3,4,4,5
Num of Independent Directors on Nomination Cmte,NUM_IND_DIR_ON_NOM_CMTE,,,,,,,,,,,,,,,,5,5,4,4,4,4,4,4,5,5,5,5,4,4,4,3,4,4,5
Number of Nomination Committee Meetings,NUM_OF_NOMINATION_CMTE_MTG,,,,,,,,,,,,,,,,6,7,6,9,7,7,7,8,7,6,7,8,7,6,7,6,8,8,4
Nomination Committee Meeting Attendance Percentage,NOMINATION_CMTE_MTG_ATTEND_PCT,,,,,,,,,,,,,,,,,,,96,94,94,97,87.5,95,95,92,93,98,99,96,98,97,98,98
,,#N/A Mandatory parameter [FIELDS] cannot be empty,,,,,,,,,,,,,,,,,,,,,,,,,,,,,,,,,
Sustainability Governance,,#N/A Mandatory parameter [FIELDS] cannot be empty,,,,,,,,,,,,,,,,,,,,,,,,,,,,,,,,,
Verification Type,VERIFICATION_TYPE,,,,,,,,,,,,,,,,1,1,1,1,1,1,1,1,1,1,1,1,1,1,1,1,1,1,1
Employee CSR Training,EMPLOYEE_CSR_TRAINING,,,,,,,,,,,,,,,,0,0,0,0,0,0,0,0,0,0,0,0,0,0,0,0,0,0,0
,,#N/A Mandatory parameter [FIELDS] cannot be empty,,,,,,,,,,,,,,,,,,,,,,,,,,,,,,,,,
Tenure,,#N/A Mandatory parameter [FIELDS] cannot be empty,,,,,,,,,,,,,,,,,,,,,,,,,,,,,,,,,
Board Duration (Years),BOARD_DURATION,,,,,,,,,,,,,,,,1,1,1,1,1,1,1,1,1,1,1,1,1,1,1,1,1,1,1
