JNJ US Equity,"""=BDH($A$1, $B7, ""19900101"","""",""sort=a"",""dir=h"",""per=cy"")",Unnamed: 2,Unnamed: 3,Unnamed: 4,Unnamed: 5,Unnamed: 6,Unnamed: 7,Unnamed: 8,Unnamed: 9,Unnamed: 10,Unnamed: 11,Unnamed: 12,Unnamed: 13,Unnamed: 14,Unnamed: 15,Unnamed: 16,Unnamed: 17,Unnamed: 18,Unnamed: 19,Unnamed: 20,Unnamed: 21,Unnamed: 22,Unnamed: 23,Unnamed: 24,Unnamed: 25,Unnamed: 26,Unnamed: 27,Unnamed: 28,Unnamed: 29,Unnamed: 30,Unnamed: 31,Unnamed: 32,Unnamed: 33,Unnamed: 34,Unnamed: 35
,"""=""=BDH($A$1, B"" & ROW() & "", """"19900101"""","""""""",""""sort=a"""",""""dates=h"""",""""dir=h"""",""""per=cy"""")""",,,,,,,,,,,,,,,,,,,,,,,,,,,,,,,,,,
,,,,,,,,,,,,,,,,,,,,,,,,,,,,,,,,,,,
date,,,,,,,,,,,,,,,,,,,,,,,,,,,,,,,,,,,
,,,,,,,,,,,,,,,,,,,,,,,,,,,,,,,,,,,
date,,1990-12-31 00:00:00,1991-12-31 00:00:00,1992-12-31 00:00:00,1993-12-31 00:00:00,1994-12-30 00:00:00,1995-12-29 00:00:00,1996-12-31 00:00:00,1997-12-31 00:00:00,1998-12-31 00:00:00,1999-12-31 00:00:00,2000-12-29 00:00:00,2001-12-31 00:00:00,2002-12-31 00:00:00,2003-12-31 00:00:00,2004-12-31 00:00:00,2005-12-30 00:00:00,2006-12-29 00:00:00,2007-12-31 00:00:00,2008-12-31 00:00:00,2009-12-31 00:00:00,2010-12-31 00:00:00,2011-12-30 00:00:00,2012-12-31 00:00:00,2013-12-31 00:00:00,2014-12-31 00:00:00,2015-12-31 00:00:00,2016-12-30 00:00:00,2017-12-29 00:00:00,2018-12-31 00:00:00,2019-12-31 00:00:00,2020-12-31 00:00:00,2021-12-31 00:00:00,2022-12-30 00:00:00,2023-12-29 00:00:00
"  + Cash, Cash Equivalents & STI",CASH_CASH_EQTY_STI_DETAILED,931,792,878,476,704,1364,2136,2899,2783,3879,6757,7972,7475,9523,12884,16138,4084,9315,12809,19425,27658,32261,21089,29206,33089,38376,41907,18296,19687,19287,25185,31608,22281,22927
    + Cash & Cash Equivalents,BS_CASH_NEAR_CASH_ITEM,826,589,745,372,636,1201,2011,2753,1994,2363,4278,3758,2894,5377,9203,16055,4083,7770,10768,15810,19355,24542,14911,20927,14523,13732,18972,17824,18107,17305,13985,14487,12889,21859
    + ST Investments,BS_MKT_SEC_OTHER_ST_INVEST,105,203,133,104,68,163,125,146,789,1516,2479,4214,4581,4146,3681,83,1,1545,2041,3615,8303,7719,6178,8279,18566,24644,22935,472,1580,1982,11200,17121,9392,1068
  + Accounts & Notes Receiv,BS_ACCT_NOTE_RCV,1519,1763,1855,2107,2601,2903,3251,3329,3752,4233,4601,4630,5399,6574,6831,7010,8712,9444,9719,9646,9774,10581,11309,11713,10985,10734,11699,13490,14098,14481,13576,15283,14039,14873
"    + Accounts Receivable, Net",BS_ACCTS_REC_EXCL_NOTES_REC,,,,,,,,,3752,4233,4601,,,,6831,7010,8712,9444,9719,9646,9774,10581,11309,11713,10985,10734,11699,13490,14098,14481,13576,15283,14039,14873
"    + Notes Receivable, Net",NOTES_RECEIVABLE,,,,,,,,,,,,,,,,,,,,0,0,0,0,0,0,0,0,0,0,0,0,0,0,0
  + Unbilled Revenues,BS_UNBILLED_REVENUES,,,,,,,,,,,,,,,,,,,,,,,,,,,,,,,,,,
  + Inventories,BS_INVENTORIES,1543,1702,1742,1717,2161,2276,2498,2516,2898,3095,2905,2992,3303,3588,3744,3959,4889,5110,5052,5180,5378,6285,7495,7878,8184,8053,8144,8765,8599,9020,9344,10387,10268,11181
    + Raw Materials,INVTRY_RAW_MATERIALS,,,,,,625,687,655,776,663,718,842,835,966,964,931,980,905,839,1144,1073,1206,1416,1224,1214,936,952,1140,1114,1117,1410,1592,1719,2355
    + Work In Process,INVTRY_IN_PROGRESS,,,,,,519,390,417,510,416,480,605,803,981,1113,1073,1253,1384,1372,1395,1460,1637,2262,2612,2461,2241,2185,2317,2109,1832,2040,2287,1577,1952
    + Finished Goods,INVTRY_FINISHED_GOODS,,,,,,1132,1421,1444,1612,2016,1707,1545,1665,1641,1667,1955,2656,2821,2841,2641,2845,3442,3817,4042,4509,4876,5007,5308,5376,6071,5894,6508,6972,6874
    + Other Inventory,BS_OTHER_INV,,,,,,0,0,0,,,0,0,0,0,0,0,0,0,0,0,0,0,0,0,0,0,0,0,0,0,0,0,0,0
  + Other ST Assets,OTHER_CURRENT_ASSETS_DETAILED,671,676,948,917,1214,1395,1485,1819,2053,1993,2428,2879,3089,3310,3861,4373,5290,6076,6797,5290,4497,5189,6223,7610,3486,3047,3282,2537,3649,2486,3132,3701,8706,4514
    + Prepaid Expenses,BS_PREPAY,,,,,,,,,,,,,,,,,,,,,,,,,,,,,,,,,,
    + Derivative & Hedging Assets,BS_DERIV_HEDGING_ASST_ST,,,,,,,,,,,,,,,,,,,,0,0,0,0,0,0,0,0,0,0,0,0,0,0,0
    + Taxes Receivable,BS_TAXES_RECEIVABLE_SHORT_TERM,,,,,,,,,,,,,,,,,,,,,,,,,,,,,,,,,,
    + Misc ST Assets,BS_OTHER_CUR_ASSET_LESS_PREPAY,,,,,,,,,,,,,,,,,,,,2497,2273,2633,3084,4003,3486,3047,3282,2537,2699,2392,3132,3701,2876,4514
Total Current Assets,BS_CUR_ASSET_REPORT,4664,4933,5423,5217,6680,7938,9370,10563,11486,13200,16691,18473,19266,22995,27320,31480,22975,29945,34377,39541,47307,54316,46116,56407,55744,60210,65032,43088,46033,45274,51237,60979,55294,53495
"  + Property, Plant & Equip, Net",BS_NET_FIX_ASSET,3247,3667,4115,4406,4910,5196,5651,5810,6395,6719,7409,7719,8710,9846,10436,10830,13044,14185,14365,14759,14553,14739,16097,16710,16126,15905,15912,17005,17035,18615,18766,18962,17982,19898
"    + Property, Plant & Equip",BS_GROSS_FIX_ASSET,5098,5691,6303,6783,7655,8175,9023,9444,10269,11046,11866,12458,14314,17052,18664,19716,24028,26466,27392,29251,30426,31829,34654,37133,36685,36648,37773,41466,41851,44289,46804,47679,43534,47776
    - Accumulated Depreciation,BS_ACCUM_DEPR,1851,2024,2188,2377,2745,2979,3372,3634,3874,4327,4457,4739,5604,7206,8228,8886,10984,12281,13027,14492,15873,17090,18557,20423,20559,20743,21861,24461,24816,25674,28038,28717,25552,27878
  + LT Investments & Receivables,BS_LT_INVEST,255,276,355,437,354,338,351,385,437,441,657,969,121,84,46,20,16,2,4,0,0,0,0,0,0,0,0,0,0,0,0,0,0,0
    + LT Investments,BS_LONG_TERM_INVESTMENTS,,,,,,,,,,,,,,,,,,,,,,,,,,,,,,,,,,
    + LT Receivables,BS_LT_RECEIVABLES,,,,,,,,,,,,,,,,,,,,,,,,,,,,,,,,,,
  + Other LT Assets,BS_OTHER_ASSETS_DEF_CHRG_OTHER,1340,1637,1991,2182,3724,4401,4638,4695,8974,8803,9488,11327,12459,15338,15515,16534,34521,36822,36166,40382,41048,44589,59134,59566,58488,57296,60264,97210,89886,93839,104891,102077,114102,94165
    + Total Intangible Assets,BS_DISCLOSED_INTANGIBLES,,,,,2403,2950,3107,3261,7364,7571,7535,9077,9246,11539,11842,12175,28688,28763,27695,31185,32010,34276,51176,50745,49054,47393,49681,85134,78064,81282,89795,81638,74536,70733
    + Goodwill,BS_GOODWILL,,,,,,,,1957,3820,3846,3837,4571,4653,5390,5863,5990,13340,14123,13719,14862,15294,16138,22424,22798,21832,21629,22805,31906,30453,33639,36393,35246,36047,36558
    + Other Intangible Assets,OTHER_INTANGIBLE_ASSETS_DETAILED,,,,,,,,1304,3544,3725,3698,4506,4593,6149,5979,6185,15348,14640,13976,16323,16716,18138,28752,27947,27222,25764,26876,53228,47611,47643,53402,46392,38489,34175
    + Prepaid Expense,BS_PREPAID_EXPENSE_LT,,,,,,,,,,,,,,,,,,,,,,,,,,,,,,,,,,
    + Deferred Tax Assets,BS_DEFERRED_TAX_ASSETS_LT,,,,,,,,,,,,,,,,,,,,5507,5096,6540,4541,3872,6202,5490,6148,7105,7640,7819,8534,10223,8947,9279
    + Derivative & Hedging Assets,BS_DERIV_HEDGING_ASST_LT,,,,,,,,,,,,,,,,,,,,119,14,15,96,169,31,28,31,7,161,619,2271,1360,2201,1591
    + Investments in Affiliates,BS_INVEST_IN_ASSOC_CO,,,,,,,,,,,,,,,,,,,,,,,,,,,,,,,,,,
    + Misc LT Assets,OTHER_NONCURRENT_ASSETS_DETAILED,1340,1637,1991,2182,1321,1451,1531,1434,1610,1232,1953,2250,3213,3799,3673,4359,5833,8059,8471,3305,3313,3509,3127,2417,2968,4129,4177,4438,3546,3568,3635,4420,2430,7570
Total Noncurrent Assets,BS_TOT_NON_CUR_ASSET,4842,5580,6461,7025,8988,9935,10640,10890,15806,15963,17554,20015,21290,25268,25997,27384,47581,51009,50535,55141,55601,59328,75231,76276,74614,73201,76176,114215,106921,112454,123657,121039,132084,114063
Total Assets,BS_TOT_ASSET,9506,10513,11884,12242,15668,17873,20010,21453,27292,29163,34245,38488,40556,48263,53317,58864,70556,80954,84912,94682,102908,113644,121347,132683,130358,133411,141208,157303,152954,157728,174894,182018,187378,167558
,,#N/A Mandatory parameter [FIELDS] cannot be empty,,,,,,,,,,,,,,,,,,,,,,,,,,,,,,,,,
Cash from Operating Activities,,#N/A Mandatory parameter [FIELDS] cannot be empty,,,,,,,,,,,,,,,,,,,,,,,,,,,,,,,,,
  + Net Income,CF_NET_INC,1143,1461,1030,1787,2006,2403,2887,3303,3003,4167,4953,5668,6597,7197,8509,10060,11053,10576,12949,12266,13334,9672,10853,13831,16323,15409,16540,1300,15297,15119,14714,20878,17941,35153
Cash from Operating Activities,CF_CASH_FROM_OPER,1657,1675,2141,2168,2975,3382,3891,4343,4895,5760,6903,8864,8176,10595,11131,11799,14248,15022,14972,16571,16385,14298,15396,17414,18710,19569,18767,21056,22201,23416,23536,23410,21194,22791
,,#N/A Mandatory parameter [FIELDS] cannot be empty,,,,,,,,,,,,,,,,,,,,,,,,,,,,,,,,,
Cash from Investing Activities,,#N/A Mandatory parameter [FIELDS] cannot be empty,,,,,,,,,,,,,,,,,,,,,,,,,,,,,,,,,
  + Change in Fixed & Intang,FIXED_INTANG_ASST_CHANGE,-768,-730,-1012,-909,-605,-791,-1336,-1322,-1437,-1693,-1523,-1568,-1943,-1927,-1938,-2478,-2155,-2485,-2281,-2320,-1860,-1551,-1425,-3137,917,1,-1959,-1447,-467,-233,-3042,-2941,-3466,-4185
    + Disp in Fixed & Intang,DISPOSAL_OF_FIXED_INTANG,62,257,91,66,332,465,37,69,108,35,166,163,156,335,237,154,511,457,785,154,524,1342,1509,458,4631,3464,1267,1832,3203,3265,305,711,543,358
    + Acq of Fixed & Intang,ACQUIS_OF_FIXED_INTANG,-830,-987,-1103,-975,-937,-1256,-1373,-1391,-1545,-1728,-1689,-1731,-2099,-2262,-2175,-2632,-2666,-2942,-3066,-2474,-2384,-2893,-2934,-3595,-3714,-3463,-3226,-3279,-3670,-3498,-3347,-3652,-4009,-4543
  + Net Change in LT Investment,NET_CHG_IN_LT_INVEST_DETAILED,-300,-125,0,0,0,-151,0,0,,,,0,0,0,0,0,0,0,,0,0,0,0,0,0,0,0,0,0,0,0,0,0,-470
    + Dec in LT Investment,CF_DECR_INVEST,0,0,0,0,0,0,0,0,,,,0,0,0,0,0,0,0,,0,0,0,,,0,0,0,0,0,0,0,0,0,0
    + Inc in LT Investment,CF_INCR_INVEST,-300,-125,0,0,0,-151,0,0,,,,0,0,0,0,0,0,0,,0,0,0,,,0,0,0,0,0,0,0,0,0,-470
  + Net Cash From Acq & Div,CF_NT_CSH_RCVD_PD_FOR_ACQUIS_DIV,,,,,,,,,,,,,,,,,,,,-2470,-1269,-2797,-4486,-835,-2129,-954,-4509,-35151,-899,-5810,-7323,-60,-17652,0
    + Cash from Divestitures,CF_CASH_FOR_DIVESTITURES,,,,,,,,,,,,,,,,,,,,0,0,0,0,0,0,0,0,0,0,0,0,0,0,0
    + Cash for Acq of Subs,CF_CASH_FOR_ACQUIS_SUBSIDIARIES,,,,,,,,,,,,,,,,,,,,-2470,-1269,-2797,-4486,-835,-2129,-954,-4509,-35151,-899,-5810,-7323,-60,-17652,0
    + Cash for JVs,CF_CASH_FOR_JOINT_VENTURES_ASSOC,,,,,,,,,,,,,,,,,,,,0,0,0,0,0,0,0,0,0,0,0,0,0,0,0
  + Other Investing Activities,OTHER_INVESTING_ACT_DETAILED,11,-173,-161,-352,-1951,-154,-356,-292,-4628,-1249,-1142,-2525,-254,-2599,-409,2199,-18136,-3427,-1906,-2808,-4725,-264,1401,-1131,-11093,-6782,1707,21730,-1801,-151,-10460,-5682,8747,5533
  + Net Cash From Disc Ops,CF_NET_CASH_DISCONTINUED_OPS_INV,,,,,,,,,,,,,,,,,,,,,0,0,0,0,0,0,0,0,0,0,0,0,,
Cash from Investing Activities,CF_CASH_FROM_INV_ACT,-1057,-1028,-1173,-1261,-2556,-1096,-1692,-1614,-6065,-2942,-2665,-4093,-2197,-4526,-2347,-279,-20291,-5912,-4187,-7598,-7854,-4612,-4510,-5103,-12305,-7735,-4761,-14868,-3167,-6194,-20825,-8683,-12371,878
,,#N/A Mandatory parameter [FIELDS] cannot be empty,,,,,,,,,,,,,,,,,,,,,,,,,,,,,,,,,
Cash from Financing Activities,,#N/A Mandatory parameter [FIELDS] cannot be empty,,,,,,,,,,,,,,,,,,,,,,,,,,,,,,,,,
  + Dividends Paid,CF_DVD_PAID,-436,-513,-587,-659,-727,-827,-974,-1137,-1305,-1479,-1724,-2047,-2381,-2746,-3251,-3793,-4267,-4670,-5024,-5327,-5804,-6156,-6614,-7286,-7768,-8173,-8621,-8943,-9494,-9917,-10481,-11032,-11682,-11770
  + Cash From (Repayment) Debt,PROC_FR_REPAYMNTS_BOR_DETAILED,411,-204,468,4,662,-697,-131,-379,2262,-238,-115,-1148,1576,-245,-1155,293,3745,3017,2725,2483,2395,2983,-3666,2028,850,1379,7875,6754,-3924,-2881,7095,-990,7452,-10781
  + Cash (Repurchase) of Equity,PROC_FR_REPURCH_EQTY_DETAILED,-209,-222,-666,-589,-123,-210,-263,-403,-656,-660,-586,-2056,-6148,-872,-742,-943,-5587,-4045,-5165,-1248,-1571,-1279,-10199,-889,-5581,-4285,-7790,-5296,-4919,-5792,-2107,-2420,-4706,-3960
    + Increase in Capital Stock,CF_INCR_CAP_STOCK,0,0,74,43,62,112,149,225,274,180,387,514,390,311,642,774,1135,1562,1486,882,1226,1246,2720,2649,1543,1005,1189,1062,949,954,1114,1036,1329,1094
    + Decrease in Capital Stock,CF_DECR_CAP_STOCK,-209,-222,-740,-632,-185,-322,-412,-628,-930,-840,-973,-2570,-6538,-1183,-1384,-1717,-6722,-5607,-6651,-2130,-2797,-2525,-12919,-3538,-7124,-5290,-8979,-6358,-5868,-6746,-3221,-3456,-6035,-5054
  + Other Financing Activities,OTHER_FIN_AND_DEC_CAP,8,55,-27,-36,33,13,-21,-68,24,-72,-47,-40,110,277,190,-225,180,275,-323,0,0,0,-83,56,0,-57,-15,-188,-173,575,-627,395,65,10686
  + Net Cash From Disc Ops,CF_NET_CASH_DISCONTINUED_OPS_FIN,,,,,,,,,,,,,,,,,,,,0,0,0,0,0,0,0,0,0,0,0,0,0,,
Cash from Financing Activities,CFF_ACTIVITIES_DETAILED,-226,-884,-812,-1280,-155,-1721,-1389,-1987,325,-2449,-2472,-5291,-6843,-3586,-4958,-4668,-5929,-5423,-7787,-4092,-4980,-4452,-20562,-6091,-12499,-11136,-8551,-7673,-18510,-18015,-6120,-14047,-8871,-15825
,,#N/A Mandatory parameter [FIELDS] cannot be empty,,,,,,,,,,,,,,,,,,,,,,,,,,,,,,,,,
  Effect of Foreign Exchange Rates,CF_EFFECT_FOREIGN_EXCHANGES,,,,,,,,,,,,,,,,,,,,161,-6,-47,45,-204,-310,-1489,-215,337,-241,-9,89,-178,-312,-112
,,#N/A Mandatory parameter [FIELDS] cannot be empty,,,,,,,,,,,,,,,,,,,,,,,,,,,,,,,,,
Net Changes in Cash,CF_NET_CHNG_CASH,374,-237,156,-373,264,565,810,742,-845,369,1766,-520,-864,2483,3826,6852,-11972,3687,2998,5042,3545,5187,-9631,6016,-6404,-791,5240,-1148,283,-802,-3320,502,-360,7732
,,#N/A Mandatory parameter [FIELDS] cannot be empty,,,,,,,,,,,,,,,,,,,,,,,,,,,,,,,,,
Cash Paid for Taxes,CF_CASH_PAID_FOR_TAX,,,,,,,1210,1431,1310,1406,1651,2090,2006,3146,3880,3429,4250,4099,4068,2363,2442,2970,2507,3155,3536,2865,2843,3312,4570,4191,4619,4768,5223,8574
,,#N/A Mandatory parameter [FIELDS] cannot be empty,,,,,,,,,,,,,,,,,,,,,,,,,,,,,,,,,
Reference Items,,#N/A Requesting Data...,,,,,,,,,,,,,,,,,,,,,,,,,,,,,,,,,
Net Cash Paid for Acquisitions,CF_NET_CASH_PAID_FOR_AQUIS,,,,,,,,,3818,271,151,225,478,2812,580,987,18023,1388,1214,2470,1269,2797,4486,835,2129,954,4509,35151,899,5810,7323,60,17652,0
Free Cash Flow,CF_FREE_CASH_FLOW,827,688,1038,1193,2038,2126,2518,2952,3350,4032,5214,7133,6077,8333,8956,9167,11582,12080,11906,14206,14001,11405,12462,13819,14996,16106,15541,17777,18531,19918,20189,19758,17185,18248
Free Cash Flow to Firm,CF_FREE_CASH_FLOW_FIRM,968.5545,780.4774,1129.3004,1289.5532,2144.2484,2229.5963,2607.4805,3038.6171,3442.632,4174.6906,5361.1188,7242.8005,6190.6067,8477.5265,9079.9432,9208.4181,11629.737,12315.6769,12238.7317,14557.1245,14358.9967,11851.7852,12868.0579,14249.9057,15419.0977,16549.1011,16147.3748,17845.7037,19385.13,20195.4609,20368.2759,19925.75,17418.386,18931.0216
Free Cash Flow to Equity,FREE_CASH_FLOW_EQUITY,1300,741,1597,1263,3032,1894,2424,2642,,,,6148,7809,8423,8038,9614,15838,15554,15416,16843,16920,15730,10305,16305,20477,20949,24683,26363,17810,20302,27589,19479,25180,7825
Free Cash Flow per Basic Share,FREE_CASH_FLOW_PER_SH,0.3104,0.2582,0.3935,0.4576,0.7923,0.8229,0.9448,1.1048,1.2052,1.4503,1.7418,2.3512,2.0268,2.8075,3.0171,3.0825,3.9443,4.1902,4.2483,5.148,5.0887,4.1685,4.5262,4.9192,5.3268,5.8107,5.6775,6.6036,6.9107,7.5302,7.6683,7.5066,6.5462,7.2027
Price to Free Cash Flow,PX_TO_FREE_CASH_FLOW,28.8909,55.436,32.0855,24.5139,17.2766,25.9758,26.3292,29.8133,34.7969,32.1495,30.1596,25.1363,26.4997,18.4006,21.0201,19.4973,16.7381,15.918,14.0831,12.5116,12.1544,15.7323,15.4876,18.6189,19.6309,17.6778,20.2924,21.158,18.674,19.3715,20.5236,22.7894,26.9853,21.7613
Cash Flow to Net Income,CASH_FLOW_TO_NET_INC,1.4497,1.1465,2.0786,1.2132,1.4831,1.4074,1.3478,1.3149,1.63,1.3823,1.3937,1.5639,1.2394,1.4721,1.3081,1.1729,1.2891,1.4204,1.1562,1.351,1.2288,1.4783,1.4186,1.2591,1.1462,1.27,1.1346,16.1969,1.4513,1.5488,1.5996,1.1213,1.1813,0.6483
,,#N/A Mandatory parameter [FIELDS] cannot be empty,,,,,,,,,,,,,,,,,,,,,,,,,,,,,,,,,
Revenue,SALES_REV_TURN,11232,12447,13753,14138,15734,18842,21620,22629,23995,27471,29846,32317,36298,41862,47348,50514,53324,61095,63747,61897,61587,65030,67224,71312,74331,70074,71890,76450,81581,82059,82584,93775,79990,85159
    + Sales & Services Revenue,IS_SALES_AND_SERVICES_REVENUES,,,,,,,,,,,,,,,,,,,,61897,61587,65030,67224,71312,74331,70074,71890,76450,81581,82059,82584,93775,79990,85159
  - Cost of Revenue,IS_COGS_TO_FE_AND_PP_AND_G,3937,4204,4678,4791,5299,6235,7018,7152,7604,8442,8908,9581,10447,12176,13422,14010,15057,17751,18511,18447,18792,20360,21658,22342,22746,21536,21685,25439,27091,27556,28427,29855,24596,26553
    + Cost of Goods & Services,IS_COG_AND_SERVICES_SOLD,,,,,,,,,,,,,,,,,,,,18447,18792,20360,21658,22342,22746,21536,21685,25439,27091,27556,28427,29855,24596,26553
Gross Profit,GROSS_PROFIT,7295,8243,9075,9347,10435,12607,14602,15477,16391,19029,20938,22736,25851,29686,33926,36504,38267,43344,45236,43450,42795,44670,45566,48970,51585,48538,50205,51011,54490,54503,54157,63920,55394,58606
  + Other Operating Income,IS_OTHER_OPER_INC,,,,,,,,,0,,,,,,,,,,,0,0,0,0,0,0,0,0,0,0,0,0,0,0,0
  - Operating Expenses,IS_OPERATING_EXPN,5303,6079,6798,6953,7628,9096,10299,10855,11506,13103,14229,14851,16173,18815,21063,23673,24558,28131,29067,27860,26268,29086,29697,30593,30626,30473,29069,32522,34441,34423,34424,40273,35164,36910
"    + Selling, General & Admin",IS_SGA_EXPENSE,,,,,,,,,9027,,11218,,,,,,,,21490,19801,19424,20969,20869,21830,21954,21203,19945,21520,22540,22178,22084,24659,20246,21512
    + Selling & Marketing,IS_SELLING_EXPENSES,,,,,,,,,,,,,,,,,,,,,,,,,,,,,,,,,,
    + General & Administrative,IS_GENERAL_AND_ADMINISTRATIVE,,,,,,,,,,,,,,,,,,,,,,,,,,,,,,,,,,
    + Research & Development,IS_OPERATING_EXPENSES_RD,,,,,,,,,,,,,,,,,,,,6986,6844,7548,7665,8183,8494,9046,9095,10594,10775,11355,12159,14714,14135,15085
    + Other Operating Expense,IS_OTHER_OPERATING_EXPENSES,,,,,,,,,,,,,,,,,,,,1073,0,569,1163,580,178,224,29,408,1126,890,181,900,783,313
Operating Income (Loss),IS_OPER_INC,1992,2164,2277,2394,2807,3511,4303,4622,4885,5926,6709,7885,9678,10871,12863,12831,13709,15213,16169,15590,16527,15584,15869,18377,20959,18065,21136,18489,20049,20080,19733,23647,20230,21696
  - Non-Operating (Income) Loss,IS_NONOP_INCOME_LOSS,,,,,,,,,,,,,,,,,,,,-165,-420,3223,2094,2906,396,-1131,1333,816,2050,2752,3236,871,871,6634
"    + Interest Expense, Net",IS_NET_INTEREST_EXPENSE,,,,,,,,,-148,-49,-225,,,,-8,-433,-766,-156,74,361,348,480,468,408,466,424,358,549,394,-39,90,130,-214,-489
    + Interest Expense,IS_INT_EXPENSE,201,129,124,126,142,143,125,120,129,197,204,153,160,207,187,54,63,296,435,451,455,571,532,482,533,552,726,934,1005,318,201,183,276,772
    - Interest Income,IS_INT_INC,,,,,,,,,277,246,429,456,256,177,195,487,829,452,361,90,107,91,64,74,67,128,368,385,611,357,111,53,490,1261
    + Other Investment (Inc) Loss,IS_OTHER_INVESTMENT_INCOME_LOSS,,,,,,,,,,,,,,,,,,,,,,,,,,,,,,,,,,
    + (Income) Loss from Affiliates,INCOME_LOSS_FROM_AFFILIATES,,,,,,,,,,,,,,,,,,,,,,,0,0,0,0,0,0,0,0,0,0,,
    + Other Non-Op (Income) Loss,IS_OTHER_NON_OPERATING_INC_LOSS,,,,,,,,,,,,,,,,,,,,-526,-768,2743,1626,2498,-70,-1555,975,267,1656,2791,3146,741,1085,7123
"Pretax Income (Loss), Adjusted",PRETAX_INC,1623,2038,2207,2332,2681,3317,4033,4576,4182,5753,6868,7898,9291,10308,12838,13116,14587,13283,16929,15755,16947,12361,13775,15471,20563,19196,19803,17673,17999,17328,16497,22776,19359,15062
  - Abnormal Losses (Gains),IS_ABNORMAL_ITEM,,,,,,,,,851,,66,231,189,688,807,137,-63,1963,-198,415,-117,4992,4439,3643,-1751,-671,1685,3752,4270,6413,4713,2991,4670,10217
    + Abnormal Derivatives,IS_DERIVATIVES_HEDGING,,,,,,,,,,,,,,,,,,,,,,,,,,,,,,,,,,
    + Disposal of Assets,IS_GAIN_LOSS_DISPOSAL_ASSETS,,,,,,,,,,,,,,,,,,,,,,,,-55,-2383,-2583,,,,,,,,
    + Asset Write-Down,IS_IMPAIRMENT_ASSETS,,,,,,,,,,,,,,,,,,,,,,,,,,86,,215,4,,,53,,
    + Impairment of Intangibles,IS_IMPAIR_OF_INTANG_ASSETS,,,,,,,,,,,,,,,,,,,,,,,909,,,346,,,,,,,,
    + Gain/Loss on Sale/Acquisition of Business,IS_SALE_OF_BUSINESS,,,,,,,,,,,,,,,,,,,,,,,,,-1899,,,,,,,,,
    + Legal Settlement,IS_LEGAL_LITIGATION_SETTLEMENT,,,,,,,,,,,,,,,,,,,,-771,-966,1710,1229,2282,1253,141,817,1256,1991,5096,5112,2328,866,7152
    + Sale of Investments,IS_GAIN_LOSS_ON_INVESTMENTS,,,,,,,,,,,,,,,,,,,,,,,,,,,,,,,-547,-533,690,641
    + Other Abnormal Items,IS_OTHER_ONE_TIME_ITEMS,,,,,,,,,,,,,,,,,,,,,849,2121,110,153,346,329,154,,102,20,144,301,1763,974
"Pretax Income (Loss), GAAP",PRETAX_INC,1623,2038,2207,2332,2681,3317,4033,4576,4182,5753,6868,7898,9291,10308,12838,13116,14587,13283,16929,15755,16947,12361,13775,15471,20563,19196,19803,17673,17999,17328,16497,22776,19359,15062
  - Income Tax Expense (Benefit),IS_INC_TAX_EXP,480,577,582,545,675,914,1146,1273,1179,1586,1915,2230,2694,3111,4329,3056,3534,2707,3980,3489,3613,2689,3261,1640,4240,3787,3263,16373,2702,2209,1783,1898,2989,1736
Income (Loss) from Cont Ops,IS_INC_BEF_XO_ITEM,1143,1461,1625,1787,2006,2403,2887,3303,3003,4167,4953,5668,6597,7197,8509,10060,11053,10576,12949,12266,13334,9672,10514,13831,16323,15409,16540,1300,15297,15119,14714,20878,16370,13326
  - Net Extraordinary Losses (Gains),XO_GL_NET_OF_TAX,0,0,595,0,0,0,0,0,,,0,0,0,0,0,0,0,0,0,0,0,0,0,0,0,0,0,0,0,0,0,0,-1571,-21827
    + Discontinued Operations,IS_DISCONTINUED_OPERATIONS,,,,,,,,,,,,,,,,,,,,0,0,0,0,0,0,0,0,0,0,0,0,0,-1571,-21827
    + XO & Accounting Changes,EXTRAORD_ITEMS_ACCOUNTING_CHANGS,,,,,,,,,,,,,,,,,,,,0,0,0,0,0,0,0,0,0,0,0,0,0,0,0
Income (Loss) Incl. MI,NI_INCLUDING_MINORITY_INT_RATIO,1143,1461,1030,1787,2006,2403,2887,3303,3003,4167,4953,5668,6597,7197,8509,10060,11053,10576,12949,12266,13334,9672,10514,13831,16323,15409,16540,1300,15297,15119,14714,20878,17941,35153
  - Minority Interest,MIN_NONCONTROL_INTEREST_CREDITS,0,0,0,0,0,0,0,0,,,0,0,0,0,0,0,0,0,0,0,0,0,-339,0,0,0,0,0,0,0,0,0,0,0
"Net Income, GAAP",NET_INCOME,1143,1461,1030,1787,2006,2403,2887,3303,3003,4167,4953,5668,6597,7197,8509,10060,11053,10576,12949,12266,13334,9672,10853,13831,16323,15409,16540,1300,15297,15119,14714,20878,17941,35153
  - Preferred Dividends,IS_TOT_CASH_PFD_DVD,0,0,0,0,0,0,0,0,0,,0,0,0,0,0,0,0,0,0,0,0,0,0,0,0,0,0,0,0,0,0,0,0,0
  - Other Adjustments,OTHER_ADJUSTMENTS,,,,,,,,,0,,0,0,0,0,0,0,0,0,0,0,0,0,0,0,0,0,0,0,0,0,0,0,0,0
"Net Income Avail to Common, GAAP",EARN_FOR_COMMON,1143,1461,1030,1787,2006,2403,2887,3303,3003,4167,4953,5668,6597,7197,8509,10060,11053,10576,12949,12266,13334,9672,10853,13831,16323,15409,16540,1300,15297,15119,14714,20878,17941,35153
,,#N/A Mandatory parameter [FIELDS] cannot be empty,,,,,,,,,,,,,,,,,,,,,,,,,,,,,,,,,
"Net Income Avail to Common, Adj",EARN_FOR_COMMON,1143,1461,1030,1787,2006,2403,2887,3303,3003,4167,4953,5668,6597,7197,8509,10060,11053,10576,12949,12266,13334,9672,10853,13831,16323,15409,16540,1300,15297,15119,14714,20878,17941,35153
  Net Abnormal Losses (Gains),IS_NET_ABNORMAL_ITEMS,,,,,,,,,553.15,,,,,,,,,,-48,350.85,-55,4195,3492,2009.25,-766.95,-429.15,1342.1,16259,2983.3,4527.9258,3455.9694,1391.4997,3986.7735,8360.6703
  Net Extraordinary Losses (Gains),XO_GL_NET_OF_TAX,0,0,595,0,0,0,0,0,,,0,0,0,0,0,0,0,0,0,0,0,0,0,0,0,0,0,0,0,0,0,0,-1571,-21827
,,#N/A Mandatory parameter [FIELDS] cannot be empty,,,,,,,,,,,,,,,,,,,,,,,,,,,,,,,,,
Basic Weighted Avg Shares,IS_AVG_NUM_SH_FOR_EPS,2664,2664.8,2638,2606.8,2572.3999,2583.6001,2665.2,2672,2779.6,2780.2,2993.5,3033.8,2998.3,2968.1001,2968.4,2973.9,2936.4,2882.9,2802.5,2759.5,2751.4,2736,2753.3,2809.2,2815.2,2771.8,2737.3,2692,2681.5,2645.1,2632.8,2632.1,2625.2,2533.5
"Basic EPS, GAAP",IS_EPS,0.4288,0.5488,0.39,0.685,0.78,0.93,1.085,1.235,1.08,1.5,1.65,1.87,2.2,2.42,2.87,3.38,3.76,3.67,4.62,4.45,4.85,3.54,3.94,4.92,5.8,5.56,6.04,0.48,5.7,5.72,5.59,7.93,6.83,13.88
"Basic EPS from Cont Ops, GAAP",IS_EARN_BEF_XO_ITEMS_PER_SH,0.4288,0.5488,0.615,0.685,0.78,0.93,1.085,1.235,1.08,1.5,1.65,1.87,2.2,2.42,2.87,3.38,3.76,3.67,4.62,4.45,4.85,3.54,3.94,4.92,5.8,5.56,6.04,0.48,5.7,5.72,5.59,7.93,6.23,5.26
"Basic EPS from Cont Ops, Adjusted",IS_BASIC_EPS_CONT_OPS,0.4288,0.5488,0.615,0.685,0.78,0.93,1.085,1.235,1.28,1.5,1.66,1.94,2.26,2.68,3.14,3.43,3.79,4.18,4.6,4.5722,4.8263,5.0683,5.2101,5.6387,5.5257,5.4044,6.5328,6.5227,6.8172,7.4277,6.9014,8.4607,7.7544,8.56
,,#N/A Mandatory parameter [FIELDS] cannot be empty,,,,,,,,,,,,,,,,,,,,,,,,,,,,,,,,,
Diluted Weighted Avg Shares,IS_SH_FOR_DILUTED_EPS,2664,2664.8,2638,2606.8,2572.3999,2583.6001,2718.8,2739.8,2834.4,2836.4,3099.2,3099.3,3054.1001,3008.1001,3003.5,3002.8,2961,2910.7,2835.6,2789.1,2788.8,2775.3,2812.6,2877,2863.9,2812.9,2788.9,2745.3,2728.7,2684.3,2670.7,2674,2663.9,2560.4
"Diluted EPS, GAAP",IS_DILUTED_EPS,0.4288,0.5488,0.39,0.685,0.78,0.93,1.06,1.205,1.06,1.47,1.61,1.84,2.16,2.4,2.84,3.35,3.73,3.63,4.57,4.4,4.78,3.49,3.86,4.81,5.7,5.48,5.93,0.47,5.61,5.63,5.51,7.81,6.73,13.72
"Diluted EPS from Cont Ops, GAAP",IS_DIL_EPS_BEF_XO,0.4288,0.5488,0.615,0.685,0.78,0.93,1.06,1.205,1.06,1.47,1.61,1.84,2.16,2.4,2.84,3.35,3.73,3.63,4.57,4.4,4.78,3.49,3.86,4.81,5.7,5.48,5.93,0.47,5.61,5.63,5.51,7.81,6.14,5.2
"Diluted EPS from Cont Ops, Adjusted",IS_DIL_EPS_CONT_OPS,0.4288,0.5488,0.615,0.685,0.78,0.93,1.06,1.205,1.26,1.47,1.62,1.91,2.22,2.65,3.11,3.39,3.76,4.15,4.55,4.5258,4.7603,5.0015,5.1016,5.5084,5.4322,5.3274,6.4112,6.3925,6.7033,7.3168,6.804,8.3304,7.6366,8.4654
,,#N/A Mandatory parameter [FIELDS] cannot be empty,,,,,,,,,,,,,,,,,,,,,,,,,,,,,,,,,
Reference Items,,#N/A Mandatory parameter [FIELDS] cannot be empty,,,,,,,,,,,,,,,,,,,,,,,,,,,,,,,,,
Accounting Standard,ACCOUNTING_STANDARD,US GAAP,US GAAP,US GAAP,US GAAP,US GAAP,US GAAP,US GAAP,US GAAP,US GAAP,US GAAP,US GAAP,US GAAP,US GAAP,US GAAP,US GAAP,US GAAP,US GAAP,US GAAP,US GAAP,US GAAP,US GAAP,US GAAP,US GAAP,US GAAP,US GAAP,US GAAP,US GAAP,US GAAP,US GAAP,US GAAP,US GAAP,US GAAP,US GAAP,US GAAP
EBITDA,EBITDA,2466,2657,2837,3011,3531,4368,5312,5689,6170,7370,8301,9490,11340,12740,14987,14924,15886,17990,19001,18364,19466,18742,19535,22481,24854,21811,24890,24131,26978,27389,27264,31337,27400,29382
EBITDA Margin (T12M),EBITDA_MARGIN,21.9551,21.3465,20.6282,21.2972,22.4418,23.1823,24.5698,25.1403,25.7137,26.8283,27.8128,29.3653,31.2414,30.4333,31.6529,29.5443,29.7915,29.4459,29.8069,29.6686,31.6073,28.8205,29.0596,31.5248,33.4369,31.1257,34.6223,31.5644,33.069,33.3772,33.0137,33.4172,34.2543,34.5025
EBIT,EBIT,1992,2164,2277,2394,2807,3511,4303,4622,4885,5926,6709,7885,9678,10871,12863,12831,13709,15213,16169,15590,16527,15584,15869,18377,20959,18065,21136,18489,20049,20080,19733,23647,20230,21696
Gross Margin,GROSS_MARGIN,64.9484,66.2248,65.9856,66.1126,66.3213,66.909,67.5393,68.3945,68.3101,69.2694,70.1535,70.3531,71.2188,70.914,71.6524,72.2651,71.7632,70.9452,70.9618,70.1973,69.4871,68.6914,67.7823,68.6701,69.399,69.2668,69.8359,66.7247,66.7925,66.4193,65.5781,68.1632,69.2512,68.8195
Operating Margin,OPER_MARGIN,17.735,17.3857,16.5564,16.9331,17.8403,18.6339,19.9029,20.4251,20.3584,21.5718,22.4787,24.3989,26.6626,25.9687,27.1669,25.4009,25.7089,24.9006,25.3643,25.187,26.8352,23.9643,23.6062,25.7699,28.1968,25.7799,29.4005,24.1844,24.5756,24.4702,23.8945,25.2167,25.2907,25.477
Profit Margin,PROF_MARGIN,10.1763,11.7378,7.4893,12.6397,12.7495,12.7534,13.3534,14.5963,12.5151,15.1687,16.5952,17.5388,18.1746,17.1922,17.9712,19.9153,20.728,17.3107,20.3131,19.8168,21.6507,14.8731,16.1445,19.3951,21.9599,21.9896,23.0074,1.7005,18.7507,18.4245,17.817,22.2639,22.4291,41.2793
Sales per Employee,ACTUAL_SALES_PER_EMPL,136642.3358,150507.8597,161990.5771,173259.8039,193055.2147,228942.8919,242105.2632,250044.1989,257733.6198,280889.5706,303005.0761,317455.7957,335161.5882,378499.0958,430828.0255,436972.3183,436366.6121,512541.9463,537042.9655,535904.7619,540236.8421,551569.1264,526833.8558,556690.0859,587596.8379,551329.6617,568750,570522.3881,603856.4027,620718.6082,614007.4349,661785.4622,523837.59,633623.5119
,,#N/A Mandatory parameter [FIELDS] cannot be empty,,,,,,,,,,,,,,,,,,,,,,,,,,,,,,,,,
Returns,,#N/A Mandatory parameter [FIELDS] cannot be empty,,,,,,,,,,,,,,,,,,,,,,,,,,,,,,,,,
Return on Common Equity,RETURN_COM_EQY,25.2653,27.7598,19.0794,33.2806,31.6154,29.7272,29.0428,28.4803,22.719,27.514,27.0597,25.4011,28.1142,29.0401,29.0004,28.5297,28.3309,25.5963,30.1736,26.3504,24.8845,17.0193,17.8055,19.9181,22.7016,21.8719,23.3669,1.9911,25.5137,25.3626,23.9741,30.412,23.7902,48.2944
Return on Assets,RETURN_ON_ASSET,13.1191,14.5961,9.1977,14.8139,14.3748,14.3287,15.2417,15.9323,12.3213,14.7622,15.6226,15.5858,16.692,16.206,16.7533,17.9353,17.0808,13.9608,15.6138,13.6597,13.4966,8.9327,9.2369,10.8893,12.411,11.6837,12.0458,0.871,9.8609,9.7328,8.8473,11.6992,9.7137,19.8081
Return on Capital,RETURN_ON_CAP,19.7928,21.1386,14.7792,24.2351,23.2166,23.1097,24.2079,24.8169,18.9,22.0851,22.4102,22.1958,24.9229,25.4036,26.3115,26.5642,25.4295,21.8933,24.775,21.1179,19.7745,13.4864,13.8493,16.4664,18.5301,17.6602,18.1871,1.4236,17.4632,17.2622,15.8611,20.1957,16.0608,33.0664
Return on Invested Capital,RETURN_ON_INV_CAPITAL,21.6159,21.1094,21.9658,23.285,22.7697,23.1452,24.7243,24.1212,20.4892,20.8165,20.0343,20.8907,24.4496,25.6238,25.2264,26.2779,25.4683,26.9765,25.0657,21.5322,19.6879,17.158,15.8852,18.993,18.441,16.5371,18.5521,0.9026,17.6208,18.8391,18.0201,20.1345,14.1443,16.6871
,,#N/A Mandatory parameter [FIELDS] cannot be empty,,,,,,,,,,,,,,,,,,,,,,,,,,,,,,,,,
Margins,,#N/A Mandatory parameter [FIELDS] cannot be empty,,,,,,,,,,,,,,,,,,,,,,,,,,,,,,,,,
Gross Margin,GROSS_MARGIN,64.9484,66.2248,65.9856,66.1126,66.3213,66.909,67.5393,68.3945,68.3101,69.2694,70.1535,70.3531,71.2188,70.914,71.6524,72.2651,71.7632,70.9452,70.9618,70.1973,69.4871,68.6914,67.7823,68.6701,69.399,69.2668,69.8359,66.7247,66.7925,66.4193,65.5781,68.1632,69.2512,68.8195
Operating Margin,OPER_MARGIN,17.735,17.3857,16.5564,16.9331,17.8403,18.6339,19.9029,20.4251,20.3584,21.5718,22.4787,24.3989,26.6626,25.9687,27.1669,25.4009,25.7089,24.9006,25.3643,25.187,26.8352,23.9643,23.6062,25.7699,28.1968,25.7799,29.4005,24.1844,24.5756,24.4702,23.8945,25.2167,25.2907,25.477
Incremental Operating Margin,INCREMENTAL_OPERATING_MARGIN,22.4407,14.1564,8.6524,30.3896,25.8772,22.6512,28.5097,31.6155,19.2533,29.9482,32.9684,47.5921,45.0389,21.4414,36.3106,,31.2456,19.354,36.0483,-31.2973,,,12.99,61.3503,85.525,-67.9821,169.1079,,30.4034,6.4854,,34.9745,-24.7878,28.3614
Pretax Margin,PRETAX_INC_TO_NET_SALES,14.4498,16.3734,16.0474,16.4946,17.0395,17.6043,18.654,20.2218,17.4286,20.9421,23.0115,24.4391,25.5965,24.6238,27.1141,25.9651,27.3554,21.7416,26.5565,25.4536,27.5172,19.0082,20.4912,21.6948,27.6641,27.3939,27.5463,23.1171,22.0627,21.1165,19.976,24.2879,24.2018,17.6869
Income before XO Margin,INC_BEF_XO_ITEMS_TO_NET_SALES,10.1763,11.7378,11.8156,12.6397,12.7495,12.7534,13.3534,14.5963,12.5151,15.1687,16.5952,17.5388,18.1746,17.1922,17.9712,19.9153,20.728,17.3107,20.3131,19.8168,21.6507,14.8731,15.6402,19.3951,21.9599,21.9896,23.0074,1.7005,18.7507,18.4245,17.817,22.2639,20.4651,15.6484
Net Income Margin,PROF_MARGIN,10.1763,11.7378,7.4893,12.6397,12.7495,12.7534,13.3534,14.5963,12.5151,15.1687,16.5952,17.5388,18.1746,17.1922,17.9712,19.9153,20.728,17.3107,20.3131,19.8168,21.6507,14.8731,16.1445,19.3951,21.9599,21.9896,23.0074,1.7005,18.7507,18.4245,17.817,22.2639,22.4291,41.2793
Net Income to Common Margin,NET_INCOME_TO_COMMON_MARGIN,10.1763,11.7378,7.4893,12.6397,12.7495,12.7534,13.3534,14.5963,12.5151,15.1687,16.5952,17.5388,18.1746,17.1922,17.9712,19.9153,20.728,17.3107,20.3131,19.8168,21.6507,14.8731,16.1445,19.3951,21.9599,21.9896,23.0074,1.7005,18.7507,18.4245,17.817,22.2639,22.4291,41.2793
,,#N/A Mandatory parameter [FIELDS] cannot be empty,,,,,,,,,,,,,,,,,,,,,,,,,,,,,,,,,
Additional,,#N/A Mandatory parameter [FIELDS] cannot be empty,,,,,,,,,,,,,,,,,,,,,,,,,,,,,,,,,
Effective Tax Rate,EFF_TAX_RATE,29.5749,28.3121,26.3706,23.3705,25.1772,27.555,28.4156,27.8191,28.1923,27.5682,27.8829,28.235,28.9958,30.1804,33.7202,23.2998,24.2271,20.3794,23.51,22.1454,21.3194,21.7539,23.6733,10.6005,20.6196,19.7281,16.4773,92.6441,15.0119,12.7482,10.808,8.3333,15.4398,11.5257
,,#N/A Mandatory parameter [FIELDS] cannot be empty,,,,,,,,,,,,,,,,,,,,,,,,,,,,,,,,,
ESG Financial Materiality Scores,,#N/A Mandatory parameter [FIELDS] cannot be empty,,,,,,,,,,,,,,,,,,,,,,,,,,,,,,,,,
BESG ESG Score,ESG_SCORE,,,,,,,,,,,,,,,,,,,,,,,,,,,4.61,5.91,6.4,6.45,,6.42,6.32,6.43
BESG Environmental Pillar Score,ENVIRONMENTAL_SCORE,,,,,,,,,,,,,,,,,,,,,,,,,,,5.96,6.99,7.2,7.18,,7.59,7.76,7.74
BESG Social Pillar Score,SOCIAL_SCORE,,,,,,,,,,,,,,,,,,,,,,,,,,,2.73,4.67,5.51,5.53,,5.59,5.57,5.75
BESG Governance Pillar Score,GOVERNANCE_SCORE,,,,,,,,,,,,,,,,,,,,,,,,,,,8.06,7.85,7.73,7.85,,7.51,7.17,7.18
,,#N/A Mandatory parameter [FIELDS] cannot be empty,,,,,,,,,,,,,,,,,,,,,,,,,,,,,,,,,
ESG Disclosure Scores,,#N/A Mandatory parameter [FIELDS] cannot be empty,,,,,,,,,,,,,,,,,,,,,,,,,,,,,,,,,
ESG Disclosure Score,ESG_DISCLOSURE_SCORE,,,,,,,,,,,,,,,,33.397,39.1208,52.8116,56.2318,56.4933,58.7164,59.8431,54.9542,60.5774,61.3319,71.7533,67.7195,65.5367,71.8238,73.4232,72.9001,73.0007,68.7456,
Environmental Disclosure Score,ENVIRON_DISCLOSURE_SCORE,,,,,,,,,,,,,,,,5.6478,18.514,44.0652,46.9345,46.9345,49.8037,53.1863,48.0217,57.0523,59.6195,67.9251,67.9251,69.6768,69.6768,74.479,74.479,74.781,74.781,
Social Disclosure Score,SOCIAL_DISCLOSURE_SCORE,,,,,,,,,,,,,,,,11.3362,15.659,27.4486,38.6336,39.4196,43.2285,43.2285,31.1971,32.769,32.4667,53.5067,41.3845,33.0713,51.9649,51.9649,50.393,50.393,37.6058,
Governance Disclosure Score,GOVNCE_DISCLOSURE_SCORE,,,,,,,,,,,,,,,,83.0223,83.0223,86.7851,83.0223,83.0223,83.0223,83.0223,85.5208,91.7821,91.7821,93.7387,93.7387,93.7387,93.7387,93.7387,93.7387,93.7387,93.7387,
,,#N/A Mandatory parameter [FIELDS] cannot be empty,,,,,,,,,,,,,,,,,,,,,,,,,,,,,,,,,
Environmental,,#N/A Mandatory parameter [FIELDS] cannot be empty,,,,,,,,,,,,,,,,,,,,,,,,,,,,,,,,,
Air Quality,,#N/A Mandatory parameter [FIELDS] cannot be empty,,,,,,,,,,,,,,,,,,,,,,,,,,,,,,,,,
Nitrogen Oxide Emissions,NOX_EMISSIONS,,,,,,,,,,,,,,,,,,,,,,,,,0.289,0.252,0.292,0.29,0.046,0.035,0.045,0.037,0.041,0.028
VOC Emissions,VOC_EMISSIONS,,,,,,,,,,,,,,,,,,,0.778,1.158,1.01,1.406,1.252,1.051,1.367,1.299,0.878,0.986,0.414,0.394,0.366,0.449,0.339,0.303
Particulate Emissions,PARTICULATE_EMISSIONS,,,,,,,,,,,,,,,,,,,,,0.165,0.135,0.127,0.213,0.15,0.156,0.182,0.205,0.247,0.117,0.089,0.067,0.065,0.027
Sulphur Dioxide / Sulphur Oxide Emissions,SULPHUR_DIOXIDE_SULPHUR_OXIDE_EM,,,,,,,,,,,,,,,,,,0.156,0.165,0.138,0.137,0.121,0.114,0.116,0.134,0.131,0.068,0.099,0.064,0.051,0.065,0.053,0.057,0.039
,,#N/A Mandatory parameter [FIELDS] cannot be empty,,,,,,,,,,,,,,,,,,,,,,,,,,,,,,,,,
Climate Change,,#N/A Mandatory parameter [FIELDS] cannot be empty,,,,,,,,,,,,,,,,,,,,,,,,,,,,,,,,,
Emissions Reduction Initiatives,EMISSION_REDUCTION,,,,,,,,,,,,,,,,0,1,1,1,1,1,1,1,1,1,1,1,1,1,1,1,1,1,1
Transition Plan Claim,TRANSITION_PLAN_INDICATOR,,,,,,,,,,,,,,,,,,,,,,,,,,,,,,,,,1,1
Climate Change Policy,CLIMATE_CHG_POLICY,,,,,,,,,,,,,,,,0,1,1,1,1,1,1,1,1,1,1,1,1,1,1,1,1,1,1
Climate Change Opportunities Discussed,CLIMATE_CHG_OPPORTUNITIES,,,,,,,,,,,,,,,,0,0,0,0,0,0,0,0,0,0,0,0,0,0,0,0,0,0,
Risks of Climate Change Discussed,CLIMATE_RISKS,,,,,,,,,,,,,,,,0,0,0,0,0,0,0,0,0,0,0,0,1,1,1,1,1,1,1
GHG Scope 1,GHG_SCOPE_1,,,,,,,,,,,,,,,,,,,,,,,,,,312,467.959,474.497,452.407,426.074,363.875,329.756,330.603,320.104
GHG Scope 2 Location-Based,GHG_SCOPE_2_LOCATION_BASED,,,,,,,,,,,,,,,,,,,,,,,,,,803,682.203,685.819,681.416,629.674,607.761,456.353,455.866,467.934
,,#N/A Mandatory parameter [FIELDS] cannot be empty,,,,,,,,,,,,,,,,,,,,,,,,,,,,,,,,,
Energy,,#N/A Mandatory parameter [FIELDS] cannot be empty,,,,,,,,,,,,,,,,,,,,,,,,,,,,,,,,,
Energy Efficiency Policy,ENERGY_EFFIC_POLICY,,,,,,,,,,,,,,,,0,1,1,1,1,1,1,1,1,1,1,1,1,1,1,1,1,1,1
Total Energy Consumption,ENERGY_CONSUMPTION,,,,,,,,,,,,,,,,3495.95,3798.48,3848.36,3915.81,3757.75,3830.29,3695.63,3708.61,3766.39,3501.39,3758.33,3773.06,3523.61,3668.89,3528.33,3320.56,3318.61,3704.18,2477.78
Electricity Used,ELECTRICITY_USED,,,,,,,,,,,,,,,,,,2029.93,2031.55,1954.89,1971.72,1924.99,1945.83,1885,1717.78,2073.33,2056.67,1980.56,2023.33,1962.22,1824.72,1823.89,1675.35,1252.22
Fuel Used - Natural Gas,NAT_GAS_USED,,,,,,,,,,,,,,,,,,146667008,149944000,145742000,151190000,142396000,,,,141115,136602,130621,139833,133928,122897,124791,120982,
Fuel Used - Crude Oil/Diesel,OIL_DIESEL_USED,,,,,,,,,,,,,,,,,,7061879808,7453400,6217750,6167830,5428960,,,,16.239,17.555,25.665,16.494,13.283,17.341,14.299,15.414,
,,#N/A Mandatory parameter [FIELDS] cannot be empty,,,,,,,,,,,,,,,,,,,,,,,,,,,,,,,,,
Materials & Waste,,#N/A Mandatory parameter [FIELDS] cannot be empty,,,,,,,,,,,,,,,,,,,,,,,,,,,,,,,,,
Waste Reduction Policy,WASTE_REDUCTION,,,,,,,,,,,,,,,,0,1,1,1,1,1,1,1,1,1,1,1,1,1,1,1,1,1,
Hazardous Waste,HAZARDOUS_WASTE,,,,,,,,,,,,,,,,35.2,38.9,34.2,29.4,24.6,27.2,29.7,29.1,51.102,46.618,54.638,52.392,48.743,52.672,53.425,53.944,52.18,48.869,57.259
Total Waste,TOTAL_WASTE,,,,,,,,,,,,,,,,95.2,90.7,88.2,83.4,67.2,85.5,77.4,157.3,167.419,173.1,171.67,177.918,186.475,194.442,195.273,183.558,194.836,185.491,121.068
,,#N/A Mandatory parameter [FIELDS] cannot be empty,,,,,,,,,,,,,,,,,,,,,,,,,,,,,,,,,
Supply Chain,,#N/A Mandatory parameter [FIELDS] cannot be empty,,,,,,,,,,,,,,,,,,,,,,,,,,,,,,,,,
Environmental Supply Chain Management,ENVIRON_SUPPLY_MGT,,,,,,,,,,,,,,,,0,0,1,1,1,1,1,1,1,1,1,1,1,1,1,1,1,1,1
,,#N/A Mandatory parameter [FIELDS] cannot be empty,,,,,,,,,,,,,,,,,,,,,,,,,,,,,,,,,
Water,,#N/A Mandatory parameter [FIELDS] cannot be empty,,,,,,,,,,,,,,,,,,,,,,,,,,,,,,,,,
Water Policy,WATER_POLICY,,,,,,,,,,,,,,,,0,1,1,1,1,1,1,1,1,1,1,1,1,1,1,1,1,1,
Total Water Withdrawal,TOTAL_WATER_WITHDRAWAL,,,,,,,,,,,,,,,,,,,,,,,,10976,10980,11124.4,10710,11500,11640,11710,11090,11040,11110,7300
Total Water Discharged,TOTAL_WATER_DISCHARGED,,,,,,,,,,,,,,,,,,,,,,7600,8250,7810,7840,8220,8100,7800,7690,7950,7560,7150,7180,5770
,,#N/A Mandatory parameter [FIELDS] cannot be empty,,,,,,,,,,,,,,,,,,,,,,,,,,,,,,,,,
Ecological & Biodiversity Impacts,,#N/A Mandatory parameter [FIELDS] cannot be empty,,,,,,,,,,,,,,,,,,,,,,,,,,,,,,,,,
Biodiversity Policy,BIODIVERSITY_POLICY,,,,,,,,,,,,,,,,0,1,1,1,1,1,1,1,1,1,1,1,1,1,1,1,1,1,
Adopts TNFD Recommendations,ADOPT_TNFD_RECOMMENDATIONS,,,,,,,,,,,,,,,,,,,,,,,,,,,,,,0,0,0,0,
Zero Deforestation Policy,ZERO_DEFORESTATION_POLICY,,,,,,,,,,,,,,,,,,,,,,,,,,,,,,,,0,0,
Board Level Oversight of Biodiversity,BOARD_LEVEL_OVERSIGHT_BIODIV,,,,,,,,,,,,,,,,,,,,,,,,,,,,,,,,0,0,
Executive Level Oversight of Biodiversity,EXEC_LEVEL_OVERSIGHT_BIODIV,,,,,,,,,,,,,,,,,,,,,,,,,,,,,,,,1,1,
,,#N/A Mandatory parameter [FIELDS] cannot be empty,,,,,,,,,,,,,,,,,,,,,,,,,,,,,,,,,
Social,,#N/A Mandatory parameter [FIELDS] cannot be empty,,,,,,,,,,,,,,,,,,,,,,,,,,,,,,,,,
Community & Customers,,#N/A Mandatory parameter [FIELDS] cannot be empty,,,,,,,,,,,,,,,,,,,,,,,,,,,,,,,,,
Human Rights Policy,HUMAN_RIGHTS_POLICY,,,,,,,,,,,,,,,,0,1,1,1,1,1,1,1,1,1,1,1,1,1,1,1,1,1,1
Policy Against Child Labor,POLICY_AGAINST_CHILD_LABOR,,,,,,,,,,,,,,,,0,0,0,0,0,1,1,1,1,1,1,1,1,1,1,1,1,1,1
Quality Assurance and Recall Policy,QUALITY_ASSURANCE_AND_RECALL_POL,,,,,,,,,,,,,,,,,,,,,,,,,,1,1,1,1,1,1,1,1,1
Consumer Data Protection Policy,CONSUMER_DATA_PROTECTION_POLICY,,,,,,,,,,,,,,,,,,,,,,,,,,1,1,1,1,1,1,1,1,1
Community Spending,COMMUNITY_SPENDING,,,,,,,,,,,,,,,,591.9,544.8,509.9,510.3,588.1,603.3,706.1,966.3,993,1080.4,1040,1194,1469,1612,1806,2567,2738,4292,4337
Number of Customer Complaints,CUSTOMER_COMPLAINTS,,,,,,,,,,,,,,,,,,,,,,,,,,,,,,,,,,
,,#N/A Mandatory parameter [FIELDS] cannot be empty,,,,,,,,,,,,,,,,,,,,,,,,,,,,,,,,,
Diversity,,#N/A Mandatory parameter [FIELDS] cannot be empty,,,,,,,,,,,,,,,,,,,,,,,,,,,,,,,,,
Equal Opportunity Policy,EQUAL_OPPORTUNITY_POLICY,,,,,,,,,,,,,,,,0,1,1,1,1,1,1,1,1,1,1,1,1,1,1,1,1,1,1
Gender Pay Gap Breakout,GENDER_PAY_GAP_BREAKOUT,,,,,,,,,,,,,,,,,,,,,,,,,0,0,0,0,1,1,1,1,1,
Pct Women in Senior Management,PCT_WOMEN_SENIOR_MGT,,,,,,,,,,,,,,,,,,,,,,,,,,,,,,,,,,
Pct Women in Middle and or Other Management,PCT_WOMEN_IN_MID_AND_OTHER_MGMT,,,,,,,,,,,,,,,,,,,,,,,,41.8,41.7,42.3,,,45.3,45.8,,,,
Pct Women in Workforce,PCT_WOMEN_EMPLOYEES,,,,,,,,,,,,,,,,,,,,,,,,46.5,45.4,45.4,46,46.5,47.1,47.8,48.1,49,50.02,50.366
Pct Minorities in Workforce,PCT_MINORITY_EMPLOYEES,,,,,,,,,,,,,,,,,,,,,,,29.3,,,,,,,,,,,
Pct Disabled in Workforce,PCT_DISABLED_IN_WORKFORCE,,,,,,,,,,,,,,,,,,,,,,,,,,,,,,,,,,
,,#N/A Mandatory parameter [FIELDS] cannot be empty,,,,,,,,,,,,,,,,,,,,,,,,,,,,,,,,,
Ethics & Compliance,,#N/A Mandatory parameter [FIELDS] cannot be empty,,,,,,,,,,,,,,,,,,,,,,,,,,,,,,,,,
Business Ethics Policy,ETHICS_POLICY,,,,,,,,,,,,,,,,1,1,1,1,1,1,1,1,1,1,1,1,1,1,1,1,1,1,1
Anti-Bribery Ethics Policy,ANTI_BRIBERY_ETHICS_POLICY,,,,,,,,,,,,,,,,0,0,0,0,0,1,1,1,1,1,1,1,1,1,1,1,1,1,1
,,#N/A Mandatory parameter [FIELDS] cannot be empty,,,,,,,,,,,,,,,,,,,,,,,,,,,,,,,,,
Health & Safety,,#N/A Mandatory parameter [FIELDS] cannot be empty,,,,,,,,,,,,,,,,,,,,,,,,,,,,,,,,,
Health and Safety Policy,HEALTH_SAFETY_POLICY,,,,,,,,,,,,,,,,0,1,1,1,1,1,1,1,1,1,1,1,1,1,1,1,1,1,1
Fatalities - Employees,FATALITIES_EMPLOYEES,,,,,,,,,,,,,,,,,2,0,0,1,1,0,,,2,0,1,0,2,0,0,0,0,0
Lost Time Incident Rate - Employees,LOST_TIME_INCIDENT_RATE,,,,,,,,,,,,,,,,0.06,0.07,0.08,0.1,0.12,0.11,0.11,0.09,0.11,0.11,0.08,0.08,0.08,0.08,0.07,0.05,0.06,0.05,0.07
,,#N/A Mandatory parameter [FIELDS] cannot be empty,,,,,,,,,,,,,,,,,,,,,,,,,,,,,,,,,
Human Capital,,#N/A Mandatory parameter [FIELDS] cannot be empty,,,,,,,,,,,,,,,,,,,,,,,,,,,,,,,,,
Training Policy,TRAINING_POLICY,,,,,,,,,,,,,,,,0,1,1,1,1,1,1,1,1,1,1,1,1,1,1,1,1,1,1
Fair Remuneration Policy,FAIR_REMUNERATION_POLICY,,,,,,,,,,,,,,,,0,0,0,0,0,0,0,0,0,0,0,1,1,1,1,1,1,1,1
Number of Employees - CSR,NUMBER_EMPLOYEES_CSR,,,,,,,,,,,,,,,,115600,122200,119200,118700,115500,114000,117900,127600,128100,126500,127100,126400,134000,140861,137701,136360,144315,153677,134357
Employee Turnover Pct,EMPLOYEE_TURNOVER_PCT,,,,,,,,,,,,,,,,,,,,,,,,,,,,,,,,,,
Employee Training Cost,EMPLOYEE_TRAINING_COST,,,,,,,,,,,,,,,,,,,,,,,,,,,,,90,98,108,150,112,85
Total Hours Spent by Firm - Employee Training,TOT_HRS_SPENT_BY_FIRM_EMP_TRAIN,,,,,,,,,,,,,,,,,,,,,,,1020800,1024800,,,,,,,,,4206600,3667950
Company Discloses Employee Engagement Score,COMP_DISCLOSES_EMP_ENG_SCORE,,,,,,,,,,,,,,,,,,,,,,,,,,0,1,1,1,1,1,1,1,1
,,#N/A Mandatory parameter [FIELDS] cannot be empty,,,,,,,,,,,,,,,,,,,,,,,,,,,,,,,,,
Supply Chain,,#N/A Mandatory parameter [FIELDS] cannot be empty,,,,,,,,,,,,,,,,,,,,,,,,,,,,,,,,,
Social Supply Chain Management,SOCIAL_SUPPLY_CHAIN_MGMT,,,,,,,,,,,,,,,,0,0,0,0,1,1,1,1,1,1,1,1,1,1,1,1,1,1,1
,,#N/A Mandatory parameter [FIELDS] cannot be empty,,,,,,,,,,,,,,,,,,,,,,,,,,,,,,,,,
Governance,,#N/A Mandatory parameter [FIELDS] cannot be empty,,,,,,,,,,,,,,,,,,,,,,,,,,,,,,,,,
Audit Risk & Oversight,,#N/A Mandatory parameter [FIELDS] cannot be empty,,,,,,,,,,,,,,,,,,,,,,,,,,,,,,,,,
Years Auditor Employed,YEARS_AUDITOR_EMPLOYED,,,,,,,,,,,,,,,,,,,,,,,93,94,95,96,97,98,99,100,101,102,103,104
Size of Audit Committee,SIZE_OF_AUDIT_COMMITTEE,,,,,,,,,,,,,,,,3,3,4,3,3,4,4,5,5,6,4,4,4,4,5,4,4,4,5
Number of Independent Directors on Audit Committee,NUM_IND_DIR_ON_AUD_CMTE,,,,,,,,,,,,,,,,3,3,4,3,3,4,4,5,5,6,4,4,4,4,5,4,4,4,5
Audit Committee Meetings,AUDIT_COMMITTEE_MEETINGS,,,,,,,,,,,,,,,,9,8,8,4,4,4,4,4,7,8,10,9,9,9,8,10,8,12,15
Audit Committee Meeting Attendance Percentage,AUDIT_COMMITTEE_MTG_ATTEND_PCT,,,,,,,,,,,,,,,,75,75,75,75,75,75,75,75,75,75,75,75,75,75,75,75,75,75,75
,,#N/A Mandatory parameter [FIELDS] cannot be empty,,,,,,,,,,,,,,,,,,,,,,,,,,,,,,,,,
Board Composition,,#N/A Mandatory parameter [FIELDS] cannot be empty,,,,,,,,,,,,,,,,,,,,,,,,,,,,,,,,,
Company Conducts Board Evaluations,COMPANY_CONDUCTS_BRD_EVALUATIONS,,,,,,,,,,,,,,,,,,,,,,,,,,1,1,1,1,1,1,1,1,1
Board Size,BOARD_SIZE,,,,,,,,,,,,,,,,12,13,12,11,11,11,12,13,13,13,12,10,10,11,14,14,14,14,13
Number of Executives / Company Managers,NUM_EXECUTIVES_COMP_MANAGERS,,,,,,,,,,,,,,,,5,5,5,10,6,6,6,6,6,6,6,9,8,12,11,11,12,12,12
Number of Non Executive Directors on Board,NUM_OF_NONEXEC_DIR_ON_BRD,,,,,,,,,,,,,,,,9,10,10,9,10,10,11,12,12,12,11,9,9,10,13,13,13,12,12
Number of Board Meetings for the Year,BOARD_MEETINGS_PER_YR,,,,,,,,,,,,,,,,11,10,7,9,9,9,12,9,8,7,10,10,9,9,9,10,17,15,15
Board Meeting Attendance Pct,BOARD_MEETING_ATTENDANCE_PCT,,,,,,,,,,,,,,,,75,75,75,75,72.7,75,75,75,75,75,75,75,75,75,75,75,75,75,75
,,#N/A Mandatory parameter [FIELDS] cannot be empty,,,,,,,,,,,,,,,,,,,,,,,,,,,,,,,,,
Compensation,,#N/A Mandatory parameter [FIELDS] cannot be empty,,,,,,,,,,,,,,,,,,,,,,,,,,,,,,,,,
Company Has Executive Share Ownership Guidelines,COMP_HAS_EXEC_SH_OWNER_GUIDELNS,,,,,,,,,,,,,,,,,,,,,,,,,,1,1,1,1,1,1,1,1,1
Director Share Ownership Guidelines,DIRECTOR_SH_OWNERSHIP_GUIDELINES,,,,,,,,,,,,,,,,,,,,,,,,,,1,1,1,1,1,1,1,1,1
Size of Compensation Committee,SIZE_OF_COMPENSATION_COMMITTEE,,,,,,,,,,,,,,,,4,5,4,4,4,4,5,4,4,4,4,3,3,3,3,4,5,4,4
Num of Independent Directors on Compensation Cmte,NUM_IND_DIR_ON_CMPNSTN_CMTE,,,,,,,,,,,,,,,,4,5,4,4,4,4,5,4,4,4,4,3,3,3,3,4,5,4,4
Number of Compensation Committee Meetings,NUM_COMPENSATION_CMTE_MTG,,,,,,,,,,,,,,,,6,6,5,6,6,5,9,8,6,6,6,6,7,7,7,7,8,8,7
Compensation Committee Meeting Attendance %,COMPENSATION_CMTE_MTG_ATTEND_PCT,,,,,,,,,,,,,,,,75,75,75,75,75,75,75,75,75,75,75,75,75,75,75,75,75,75,75
,,#N/A Mandatory parameter [FIELDS] cannot be empty,,,,,,,,,,,,,,,,,,,,,,,,,,,,,,,,,
Diversity,,#N/A Mandatory parameter [FIELDS] cannot be empty,,,,,,,,,,,,,,,,,,,,,,,,,,,,,,,,,
Number of Female Executives,NUMBER_OF_FEMALE_EXECUTIVES,,,,,,,,,,,,,,,,1,1,1,4,2,1,1,1,1,1,1,1,1,3,3,3,4,5,4
Number of Women on Board,NUMBER_OF_WOMEN_ON_BOARD,,,,,,,,,,,,,,,,3,3,3,3,3,3,3,3,3,3,4,2,2,3,4,5,5,6,6
Age of the Youngest Director,AGE_OF_YOUNGEST_DIRECTOR,,,,,,,,,,,,,,,,53,54,55,56,57,58,59,52,53,51,52,53,54,55,56,57,58,57,58
Age of the Oldest Director,AGE_OF_OLDEST_DIRECTOR,,,,,,,,,,,,,,,,71,72,67,71,72,70,71,72,72,72,70,69,70,71,72,71,72,72,72
,,#N/A Mandatory parameter [FIELDS] cannot be empty,,,,,,,,,,,,,,,,,,,,,,,,,,,,,,,,,
Independence,,#N/A Mandatory parameter [FIELDS] cannot be empty,,,,,,,,,,,,,,,,,,,,,,,,,,,,,,,,,
Number of Independent Directors,INDEPENDENT_DIRECTORS,,,,,,,,,,,,,,,,9,10,10,9,10,10,11,12,12,12,11,9,9,10,13,13,13,12,12
,,#N/A Mandatory parameter [FIELDS] cannot be empty,,,,,,,,,,,,,,,,,,,,,,,,,,,,,,,,,
Nominations & Governance Oversight,,#N/A Mandatory parameter [FIELDS] cannot be empty,,,,,,,,,,,,,,,,,,,,,,,,,,,,,,,,,
Size of Nomination Committee,SIZE_OF_NOMINATION_COMMITTEE,,,,,,,,,,,,,,,,4,5,4,3,3,4,4,4,4,4,3,4,4,4,4,4,5,4,4
Num of Independent Directors on Nomination Cmte,NUM_IND_DIR_ON_NOM_CMTE,,,,,,,,,,,,,,,,4,5,4,3,3,4,4,4,4,4,3,4,4,4,4,4,5,4,4
Number of Nomination Committee Meetings,NUM_OF_NOMINATION_CMTE_MTG,,,,,,,,,,,,,,,,5,4,4,4,4,4,4,4,4,4,5,4,4,4,4,5,5,5,4
Nomination Committee Meeting Attendance Percentage,NOMINATION_CMTE_MTG_ATTEND_PCT,,,,,,,,,,,,,,,,75,75,75,75,75,75,75,75,75,75,75,75,75,75,75,75,75,75,75
,,#N/A Mandatory parameter [FIELDS] cannot be empty,,,,,,,,,,,,,,,,,,,,,,,,,,,,,,,,,
Sustainability Governance,,#N/A Mandatory parameter [FIELDS] cannot be empty,,,,,,,,,,,,,,,,,,,,,,,,,,,,,,,,,
Verification Type,VERIFICATION_TYPE,,,,,,,,,,,,,,,,0,0,0,0,0,0,0,0,1,1,1,1,1,1,1,1,1,1,1
Employee CSR Training,EMPLOYEE_CSR_TRAINING,,,,,,,,,,,,,,,,0,0,1,0,0,0,0,0,0,0,0,0,0,0,0,0,0,0,
,,#N/A Mandatory parameter [FIELDS] cannot be empty,,,,,,,,,,,,,,,,,,,,,,,,,,,,,,,,,
Tenure,,#N/A Mandatory parameter [FIELDS] cannot be empty,,,,,,,,,,,,,,,,,,,,,,,,,,,,,,,,,
Board Duration (Years),BOARD_DURATION,,,,,,,,,,,,,,,,1,1,1,1,1,1,1,1,1,1,1,1,1,1,1,1,1,1,1
