DUK US Equity,"""=BDH($A$1, $B7, ""19900101"","""",""sort=a"",""dir=h"",""per=cy"")",Unnamed: 2,Unnamed: 3,Unnamed: 4,Unnamed: 5,Unnamed: 6,Unnamed: 7,Unnamed: 8,Unnamed: 9,Unnamed: 10,Unnamed: 11,Unnamed: 12,Unnamed: 13,Unnamed: 14,Unnamed: 15,Unnamed: 16,Unnamed: 17,Unnamed: 18,Unnamed: 19,Unnamed: 20,Unnamed: 21,Unnamed: 22,Unnamed: 23,Unnamed: 24,Unnamed: 25,Unnamed: 26,Unnamed: 27,Unnamed: 28,Unnamed: 29,Unnamed: 30,Unnamed: 31,Unnamed: 32,Unnamed: 33,Unnamed: 34,Unnamed: 35
,"""=""=BDH($A$1, B"" & ROW() & "", """"19900101"""","""""""",""""sort=a"""",""""dates=h"""",""""dir=h"""",""""per=cy"""")""",,,,,,,,,,,,,,,,,,,,,,,,,,,,,,,,,,
,,,,,,,,,,,,,,,,,,,,,,,,,,,,,,,,,,,
,,,,,,,,,,,,,,,,,,,,,,,,,,,,,,,,,,,
,,,,,,,,,,,,,,,,,,,,,,,,,,,,,,,,,,,
Total Assets,,1990-12-31 00:00:00,1991-12-31 00:00:00,1992-12-31 00:00:00,1993-12-31 00:00:00,1994-12-30 00:00:00,1995-12-29 00:00:00,1996-12-31 00:00:00,1997-12-31 00:00:00,1998-12-31 00:00:00,1999-12-31 00:00:00,2000-12-29 00:00:00,2001-12-31 00:00:00,2002-12-31 00:00:00,2003-12-31 00:00:00,2004-12-31 00:00:00,2005-12-30 00:00:00,2006-12-29 00:00:00,2007-12-31 00:00:00,2008-12-31 00:00:00,2009-12-31 00:00:00,2010-12-31 00:00:00,2011-12-30 00:00:00,2012-12-31 00:00:00,2013-12-31 00:00:00,2014-12-31 00:00:00,2015-12-31 00:00:00,2016-12-30 00:00:00,2017-12-29 00:00:00,2018-12-31 00:00:00,2019-12-31 00:00:00,2020-12-31 00:00:00,2021-12-31 00:00:00,2022-12-30 00:00:00,2023-12-29 00:00:00
"  + Cash, Cash Equivalents & STI",CASH_CASH_EQTY_STI_DETAILED,63.045,102.284,150.578,136.227,170.122,121.71,166,109.4,80,613,622,290,874,1160,1852,1143,2462,1115,1037,1542,1670,,1757,1545,2036,383,392,358,442,311,259,341,409,253
    + Cash & Cash Equivalents,BS_CASH_NEAR_CASH_ITEM,8.21,10.281,9.293,15.576,37.43,45.41,166,109.4,80,613,622,290,874,397,533,511,948,678,986,1542,1670,,1424,1501,2036,383,392,358,442,311,259,341,409,253
    + ST Investments,BS_MKT_SEC_OTHER_ST_INVEST,54.835,92.003,141.285,120.651,132.692,76.3,0,0,0,0,,0,0,763,1319,632,1514,437,51,0,0,,333,44,0,0,0,0,0,0,0,0,0,0
  + Accounts & Notes Receiv,BS_ACCT_NOTE_RCV,463.486,508.898,494.644,531.592,552.865,500.275,1888,2280.8,2318,3248,8293,5301,4861,2953,3184,2580,2256,1767,1653,1741,764,,1516,1286,791,515,751,779,962,1066,1009,1085,1309,1112
"    + Accounts Receivable, Net",BS_ACCTS_REC_EXCL_NOTES_REC,,,,,,,,,,,8293,,4861,2953,3184,2580,2256,1767,1653,1741,764,,1516,1286,791,515,751,779,962,1066,1009,1085,1309,1112
"    + Notes Receivable, Net",NOTES_RECEIVABLE,,,,,,,,,,,,,,,,,,,,,,,,,,,,,,,,,,
  + Unbilled Revenues,BS_UNBILLED_REVENUES,,,,,,,,,,,,,,,,,,,,,,,,,,,,,,,,,,
  + Inventories,BS_INVENTORIES,295.522,288.656,298.039,268.888,319.385,341.841,433.5,440.1,543,599,736,1017,1134,941,942,863,1358,1012,1135,1515,1318,,3223,3250,3459,3746,3522,3250,3084,3232,3167,3111,3584,4292
    + Raw Materials,INVTRY_RAW_MATERIALS,,,,,,,,,,,,,,,,,,,661,,,,3223,,,3810,3522,3250,3084,3232,3167,3111,3584,4292
    + Work In Process,INVTRY_IN_PROGRESS,,,,,,,,,,,,,,,,,,,,,,,,,,,,,,,,,,
    + Finished Goods,INVTRY_FINISHED_GOODS,,,,,,,,,,,,,,,,,,,,,,,,,,,,,,0,0,0,0,
    + Other Inventory,BS_OTHER_INV,,,,,,,,,,,,,,,,,,,,,,,,,,,,,,,,,,
  + Other ST Assets,OTHER_CURRENT_ASSETS_DETAILED,10.853,10.672,11.61,12.062,15.722,212.328,658.5,854.9,1884,1711,12504,2993,3031,2621,1940,3371,971,1031,1448,968,2471,,3626,4435,5289,3678,3374,4066,5226,4554,4247,5403,7920,7112
    + Prepaid Expenses,BS_PREPAY,10.853,10.672,11.61,12.062,15.722,22.9,23.931,,,,,,,0,0,,0,0,0,0,0,,0,0,0,0,0,0,0,0,0,0,0,0
    + Derivative & Hedging Assets,BS_DERIV_HEDGING_ASST_ST,,,,,,,,,,,,,,,,,,,,,,,,,,,,,,,,,,
    + Taxes Receivable,BS_TAXES_RECEIVABLE_SHORT_TERM,,,,,,,,,,,,,,,,,,,,,,,,,,,,,,,,,,
    + Misc ST Assets,BS_OTHER_CUR_ASSET_LESS_PREPAY,0,0,0,0,0,189.428,634.569,854.9,1884,1711,12504,2993,3031,2621,1940,3371,971,1031,1448,968,2471,,3626,4435,5289,3678,3374,4066,5226,4554,4247,5403,7920,7112
Total Current Assets,BS_CUR_ASSET_REPORT,832.906,910.51,954.871,948.769,1058.094,1176.1541,3146,3685.2,4825,6171,22155,9601,9900,7675,7918,7957,7047,4925,5273,5766,6223,,10122,10516,11575,8322,8039,8453,9714,9163,8682,9940,13222,12769
"  + Property, Plant & Equip, Net",BS_NET_FIX_ASSET,8639.8154,8886.4287,9121.4932,9235.3496,9565.9492,9715.2461,15269.0996,15735.9004,16875,20995,24469,28415,37379,33848,33806,29200,41447,31110,34036,37950,40344,,68558,69490,70046,73779,82520,86391,91694,103785,108306,106672,112790,116407
"    + Property, Plant & Equip",BS_GROSS_FIX_ASSET,12327.7197,12879.4512,13402.1064,13757,14400.0898,14878.0664,24104.9004,25078.0996,26803,29992,34615,38918,48677,45383,46806,40574,58330,46056,50304,55362,58539,,100527,103115,104870,,121926,127928,134820,,,,,
    - Accumulated Depreciation,BS_ACCUM_DEPR,3687.905,3993.022,4280.6128,4521.6499,4834.1411,5162.8198,8835.7998,9342.2002,9928,8997,,10503,11298,11535,13000,11374,16883,14946,16268,17412,18195,,31969,33625,,,39406,41537,43126,45773,48827,49104,52100,56038
  + LT Investments & Receivables,BS_LT_INVEST,100.366,99.005,65.82,90.301,83.226,85.194,63.5,239.6,244,0,,0,0,1353,1128,1281,0,0,0,0,0,,0,0,0,0,0,0,0,0,0,0,0,0
    + LT Investments,BS_LONG_TERM_INVESTMENTS,,,,,,,,,,,,,,,,,,,,,,,,,,,,,,,,,,
    + LT Receivables,BS_LT_RECEIVABLES,,,,,,,,,,,,,,,,,,,,,,,,,,,,,,,,,,
  + Other LT Assets,BS_OTHER_ASSETS_DEF_CHRG_OTHER,510.42,574.671,597.798,1800.231,1982.569,2108.4241,3525,3897,4282,4241,9465,8319,10120,12026,10252,12848,16126,11044,11859,11123,10065,,30451,29251,33184,32731,35072,34798,35855,35814,35325,42117,42982,37082
    + Total Intangible Assets,BS_DISCLOSED_INTANGIBLES,,,,,,,,503.6,495,844,1566,1730,3747,3962,4148,3775,9080,5362,5400,4943,4325,,16737,16340,16321,16072,19425,19396,19303,19303,19303,19303,19303,19303
    + Goodwill,BS_GOODWILL,,,,,,,,,,,1566,1730,3747,3962,4148,3775,8175,4642,4720,4350,3858,,16365,16340,16321,16072,19425,19396,19303,19303,19303,19303,19303,19303
    + Other Intangible Assets,OTHER_INTANGIBLE_ASSETS_DETAILED,,,,,,,,,,,,,,,,,,720,680,593,467,,372,,,,,,,,,,,
    + Prepaid Expense,BS_PREPAID_EXPENSE_LT,,,,,,,,,,,,,,,,,,,,,,,,,,,,,,,,,,
    + Deferred Tax Assets,BS_DEFERRED_TAX_ASSETS_LT,,,,,,,,,,,,,,,,,,,,,101,,85,6517,5277,5662,6712,5104,5175,4714,4894,4591,5259,5117
    + Derivative & Hedging Assets,BS_DERIV_HEDGING_ASST_LT,,,,,,,,,,,,,,,,,,,,,,,,,,,,,,,,,,
    + Investments in Affiliates,BS_INVEST_IN_ASSOC_CO,,,,,,,,,,1299,1370,1480,2015,1398,1292,1933,2305,696,473,436,444,,483,390,358,499,925,1175,1409,1936,961,457,455,492
    + Misc LT Assets,OTHER_NONCURRENT_ASSETS_DETAILED,,,,,,,,,,,,,,,,,,,,,,,,,,,,,,,,,,
Total Noncurrent Assets,BS_TOT_NON_CUR_ASSET,9250.6012,9560.1048,9846.9225,11244.3376,11804.1344,12182.3297,19220.2,20343.5996,21981,27238,36021,38930,50222,49550,47852,46766,61653,44779,47804,51274,52867,,103734,104263,109134,112834,124722,129461,135678,149675,153706,159647,164864,164124
Total Assets,BS_TOT_ASSET,10083.5068,10470.6152,10801.7939,12193.1074,12862.2275,13358.4844,22366.1992,24028.8008,26806,33409,58176,48531,60122,57225,55770,54723,68700,49704,53077,57040,59090,,113856,114779,120709,121156,132761,137914,145392,158838,162388,169587,178086,176893
,,#N/A Mandatory parameter [FIELDS] cannot be empty,,,,,,,,,,,,,,,,,,,,,,,,,,,,,,,,,
Cash from Operating Activities,,#N/A Mandatory parameter [FIELDS] cannot be empty,,,,,,,,,,,,,,,,,,,,,,,,,,,,,,,,,
  + Net Income,CF_NET_INC,538.188,583.623,508.083,626.415,638.876,714.538,1074.3,974.4,1252,1507,1776,1898,1034,-1323,1490,1824,1863,1500,1362,1075,1320,1706,1768,2665,1883,2816,2152,3059,2666,3748,1377,3908,2550,2841
Cash from Operating Activities,CF_CASH_FROM_OPER,936.476,1088.5551,1155.781,1323.776,913.749,1291.637,2326.6121,2140.1001,2331,2684,2225,3749,4199,3396,4168,2818,3748,3208,3328,3463,4511,3672,5244,6382,6586,6676,6817,6624,7186,8209,8856,8290,5927,9878
,,#N/A Mandatory parameter [FIELDS] cannot be empty,,,,,,,,,,,,,,,,,,,,,,,,,,,,,,,,,
Cash from Investing Activities,,#N/A Mandatory parameter [FIELDS] cannot be empty,,,,,,,,,,,,,,,,,,,,,,,,,,,,,,,,,
  + Change in Fixed & Intang,FIXED_INTANG_ASST_CHANGE,,,,,,,,,,,,,,,,,,,,,,,,,,,,,,,,,,
    + Disp in Fixed & Intang,DISPOSAL_OF_FIXED_INTANG,,,,,,,,,,,,,,,,,,,,,,,,,,,,,,,,,,
    + Acq of Fixed & Intang,ACQUIS_OF_FIXED_INTANG,,,,,,,,,,,,,,,,,,,,,,,,,,,,,,,,,,
  + Net Change in LT Investment,NET_CHG_IN_LT_INVEST_DETAILED,,,,,,,,,,,,,,,,,,,,,,,,,,,,,,,,,,
    + Dec in LT Investment,CF_DECR_INVEST,23.952,0,0,0,17.922,54.425,0,0,0,0,,0,516,2280,2225,2758,3013,154,92,70,406,118,0,0,0,0,0,0,0,0,0,0,0,0
    + Inc in LT Investment,CF_INCR_INVEST,0,-35.807,-77.91,-12.379,0,0,0,0,0,0,,-1093,-584,-153,-46,-43,-89,-91,-147,-137,-52,-50,-6,-81,,0,0,0,0,-324,-370,-81,-58,-34
  + Net Cash From Acq & Div,CF_NT_CSH_RCVD_PD_FOR_ACQUIS_DIV,,,,,,,,,,,,,,,,,,,,,,,,,,,,,,,,,,
    + Cash from Divestitures,CF_CASH_FOR_DIVESTITURES,,,,,,,,,,,,,,,,,,,,,,,,,,,,,,,,,,
    + Cash for Acq of Subs,CF_CASH_FOR_ACQUIS_SUBSIDIARIES,,,,,,,,,,,,,,,,,,,,,,,,,,,,,,,,,,
    + Cash for JVs,CF_CASH_FOR_JOINT_VENTURES_ASSOC,,,,,,,,,,,,,,,,,,,,,,,,,,,,,,,,,,
  + Other Investing Activities,OTHER_INVESTING_ACT_DETAILED,-136.528,-183.803,-122.565,-161.731,-36.718,-54.945,-156.1,-704.4,-341,1900,400,980,-2310,-553,-811,-886,-1125,911,-170,-129,26,-139,-690,629,11,1489,-3632,-390,-671,-511,-327,-1139,-548,14
  + Net Cash From Disc Ops,CF_NET_CASH_DISCONTINUED_OPS_INV,,,,,,,,,,,,,,,,,,,,,,,,,,,,,,,,,,
Cash from Investing Activities,CF_CASH_FROM_INV_ACT,-918.756,-772.924,-721.25,-760.338,-830.497,-826.871,-1559.6121,-1993.7,-2476,-3800,-5030,-5435,-6954,-668,-793,-126,-1328,-2151,-4611,-4492,-4423,-4434,-6197,-4978,-5373,-5277,-11533,-8442,-10060,-11957,-10604,-10935,-11973,-12475
,,#N/A Mandatory parameter [FIELDS] cannot be empty,,,,,,,,,,,,,,,,,,,,,,,,,,,,,,,,,
Cash from Financing Activities,,#N/A Mandatory parameter [FIELDS] cannot be empty,,,,,,,,,,,,,,,,,,,,,,,,,,,,,,,,,
  + Dividends Paid,CF_DVD_PAID,-376.72,-381.589,-417.443,-427.868,-443.633,-458.018,-609.3,-726.4,-814,-822,-828,-871,-938,-1051,-1065,-1105,-1488,-1089,-1143,-1222,-1284,-1329,-1752,-2188,-2234,-2254,-2332,-2450,-2471,-2668,-2812,-3114,-3179,-3244
  + Cash From (Repayment) Debt,PROC_FR_REPAYMNTS_BOR_DETAILED,287.402,29.665,-52.751,-111.6541,386.49,102.901,-4.9,458.9,309,1774,3499,1129,2210,-1792,-3560,-473,-143,80,2591,2328,1036,2500,1950,933,1565,1171,5868,4231,3564,3235,1505,4237,8052,5433
  + Cash (Repurchase) of Equity,PROC_FR_REPURCH_EQTY_DETAILED,65.85,38.364,34.675,-8.662,-1.5,-100.516,-147.2,104.9,577,626,197,1399,1235,239,1528,-1026,-385,50,133,519,302,67,23,-87,25,-1483,731,0,1838,2346,2745,5,9,8
    + Increase in Capital Stock,CF_INCR_CAP_STOCK,73.875,48.014,281.089,215.633,0,0,11.8,353.9,757,646,230,1432,1323,277,1704,41,127,50,133,519,302,67,23,9,25,17,731,0,1838,2346,2745,5,9,8
    + Decrease in Capital Stock,CF_DECR_CAP_STOCK,-8.025,-9.65,-246.414,-224.295,-1.5,-100.516,-159,-249,-180,-20,-33,-33,-88,-38,-176,-1067,-512,0,0,0,0,,0,-96,0,-1500,0,0,0,0,0,0,0,0
  + Other Financing Activities,OTHER_FIN_AND_DEC_CAP,,,,,,,,,,,,,,,,,,,,,,,,,,,,,,,,,,
  + Net Cash From Disc Ops,CF_NET_CASH_DISCONTINUED_OPS_FIN,,,,,,,,,,,,,,,,,,,,,,,,,,,,,,,,,,
Cash from Financing Activities,CFF_ACTIVITIES_DETAILED,,,,,,,,,,,,,,,,,,,,,,,,,,,,,,,,,,
,,#N/A Mandatory parameter [FIELDS] cannot be empty,,,,,,,,,,,,,,,,,,,,,,,,,,,,,,,,,
  Effect of Foreign Exchange Rates,CF_EFFECT_FOREIGN_EXCHANGES,,,,,,,,,,,,,,,,,,,,,,,,,,,,,,,,,,
,,#N/A Mandatory parameter [FIELDS] cannot be empty,,,,,,,,,,,,,,,,,,,,,,,,,,,,,,,,,
Net Changes in Cash,CF_NET_CHNG_CASH,-5.748,2.071,-0.988,6.283,3.618,7.98,-6.5,-56.6,-67,484,-91,-332,91,16,136,143,437,-270,308,556,128,440,-686,77,535,-1179,-465,-36,86,-18,-17,-36,83,-246
,,#N/A Requesting Data...,,,,,,,,,,,,,,,,,,,,,,,,,,,,,,,,,
Cash Paid for Taxes,CF_CASH_PAID_FOR_TAX,,,,,,,550,470,733,732,1177,770,344,-18,-339,546,460,367,322,-419,64,26,72,-202,158,170,229,4,-266,-651,-585,-3,-6,1
,,#N/A Mandatory parameter [FIELDS] cannot be empty,,,,,,,,,,,,,,,,,,,,,,,,,,,,,,,,,
Reference Items,,#N/A Mandatory parameter [FIELDS] cannot be empty,,,,,,,,,,,,,,,,,,,,,,,,,,,,,,,,,
Net Cash Paid for Acquisitions,CF_NET_CASH_PAID_FOR_AQUIS,,,,,,,,,,,,0,1707,0,0,294,137,66,389,124,0,51,451,,54,1334,4778,13,0,0,0,0,0,0
Free Cash Flow,CF_FREE_CASH_FLOW,130.296,535.241,635.006,737.548,102.048,465.286,923.1001,850.8,196,-3016,-3205,-1951,-546,1154,2007,491,367,83,-1058,-833,-292,-691,-257,856,1202,-90,-1084,-1428,-2203,-2913,-1051,-1425,-5440,-2726
Free Cash Flow to Firm,CF_FREE_CASH_FLOW_FIRM,301.3999,717.078,823.8737,893.9373,260.514,631.9215,1228.2379,1138.3838,522.7623,-2603.8024,-2587.4997,-1442.3644,219.5129,,2944.0338,1242.7641,814.6837,549.8784,-558.3834,-392.9001,209.7195,-94.056,627.754,1909.0619,2233.2522,946.4854,238.8302,1.2124,-414.2756,-988.1984,,633.7975,-3180.4262,11.0686
Free Cash Flow to Equity,FREE_CASH_FLOW_EQUITY,431.801,500.388,566.676,574.9459,437.314,422.2839,874.0001,1380.9,888,-810,-1162,936,336,-676,-1562,,,163,1533,1495,744,,,1696,2767,1081,4784,2803,1361,2243,347,2706,2506,2750
Free Cash Flow per Basic Share,FREE_CASH_FLOW_PER_SH,0.9648,3.9466,4.6505,5.4004,0.7472,3.4069,3.8335,3.547,0.8144,-12.4064,-6.5319,-7.631,-1.9593,3.8339,6.4672,1.5771,0.941,0.1976,-2.5091,-1.9327,-0.6646,-4.6689,-0.4477,1.2125,1.7001,-0.1297,-1.5687,-2.04,-3.1116,-3.9959,-1.4261,-1.8531,-7.0649,-3.5357
Price to Free Cash Flow,PX_TO_FREE_CASH_FLOW,27.7201,7.7448,6.7838,6.8525,44.559,12.1439,10.5362,13.634,68.6958,54.2864,,,,9.3164,6.8409,30.4007,61.6402,306.1952,226.8,,,,,56.9171,49.1371,42.4612,,,,,,,,
Cash Flow to Net Income,CASH_FLOW_TO_NET_INC,1.7401,1.8652,2.2748,2.1133,1.4302,1.8077,2.1657,2.1963,1.8618,1.781,1.2528,1.9752,4.0609,,2.7973,1.545,2.0118,2.1387,2.4435,3.2214,3.4174,2.1524,2.9661,2.3947,3.4976,2.3707,3.1678,2.1654,2.6954,2.1902,6.4314,2.1213,2.3243,3.4769
,,#N/A Mandatory parameter [FIELDS] cannot be empty,,,,,,,,,,,,,,,,,,,,,,,,,,,,,,,,,
Revenue,SALES_REV_TURN,3681.467,3816.96,3961.4839,4281.876,4488.9131,4676.6841,12302.4004,16308.9004,17610,20605,15342,17946,15860,22080,20549,16297,10607,12720,13207,12731,14272,14529,19624,22756,22509,22371,22743,23565,24521,25079,23868,24621,28768,29060
    + Sales & Services Revenue,IS_SALES_AND_SERVICES_REVENUES,,,,,,,,,,,,,,,,,,,,,,,,,,,,,,,,,,
  - Cost of Revenue,IS_COGS_TO_FE_AND_PP_AND_G,1201.668,1203.5649,1200.433,1267.2791,1258.374,1212.519,6629.6001,10408.2002,11180,14907,7199,8931,7551,13494,11732,7437,3711,4503,5020,4444,4925,5145,7568,7872,7917,7496,6890,6982,7528,7453,6511,6960,10058,9679
    + Cost of Goods & Services,IS_COG_AND_SERVICES_SOLD,,,,,,,,,,,,,,,,,,,,,,,,,,,,,,,,,,
Gross Profit,GROSS_PROFIT,2479.7991,2613.395,2761.0509,3014.5969,3230.5391,3464.165,5672.8003,5900.7002,6430,5698,8143,9015,8309,8586,8817,8860,6896,8217,8187,8287,9347,9384,12056,14884,14592,14875,15853,16583,16993,17626,17357,17661,18710,19381
  + Other Operating Income,IS_OTHER_OPER_INC,,,,,,,,,,,,,,,,,,,,,,,,,,,,,,,,,,
  - Operating Expenses,IS_OPERATING_EXPN,1571.304,1613.1121,1746.723,1797.572,2050.7129,2115.114,3514.2,3930.7,3997,5040,5054,5400,5343,6114,5580,5839,5499,5719,5660,6038,6886,6607,8930,10030,9750,9797,10512,10958,12308,11917,12804,12161,12698,12311
"    + Selling, General & Admin",IS_SGA_EXPENSE,,,,,,,,,,,,,,,,,,,,,,,,,,,,,,,,,,
    + Selling & Marketing,IS_SELLING_EXPENSES,,,,,,,,,,,,,,,,,,,,,,,,,,,,,,,,,,
    + General & Administrative,IS_GENERAL_AND_ADMINISTRATIVE,,,,,,,,,,,,,,,,,,,,,,,,,,,,,,,,,,
    + Research & Development,IS_OPERATING_EXPENSES_RD,,,,,,,,,,,,,,,,,,,,,,,,,,,,,,,,,,
    + Other Operating Expense,IS_OTHER_OPERATING_EXPENSES,,,,,,,,,,,,,,,,,,,,,,,,,,,,,,,,,,
Operating Income (Loss),IS_OPER_INC,908.495,1000.283,1014.328,1217.025,1179.826,1349.051,2158.6001,1970,2433,658,3089,3615,2966,2472,3237,3021,1397,2498,2527,2249,2461,2777,3126,4854,4842,5078,5341,5625,4685,5709,4553,5500,6012,7070
  - Non-Operating (Income) Loss,IS_NONOP_INCOME_LOSS,,,,,,,,,,,,,,,,,,,,418,251,312,675,1059,1079,1168,1607,1359,1612,1612,3714,1509,1934,2303
"    + Interest Expense, Net",IS_NET_INTEREST_EXPENSE,,,,,,,,,,,,,,,,,,,,521,539,806,1192,1360,1378,1343,1695,1736,1853,2034,1976,2023,2215,2787
    + Interest Expense,IS_INT_EXPENSE,251.335,274.105,301.619,258.919,256.942,275.413,499.2,471.8,514,601,911,760,1097,1380,1281,1066,632,685,741,751,840,859,1242,1543,1529,1527,1916,1986,2094,2204,2162,2207,2439,3014
    - Interest Income,IS_INT_INC,,,,,,,,,,,,,,,71,75,158,192,130,77,67,53,50,26,16,20,21,13,20,31,32,13,27,29
    + Other Investment (Inc) Loss,IS_OTHER_INVESTMENT_INCOME_LOSS,,,,,,,,,,,,,,,,,,,,,,,,,,,,,,,,,,
    + (Income) Loss from Affiliates,INCOME_LOSS_FROM_AFFILIATES,,,,,,,,,,,,,,,,,,-157,102,-49,-219,-171,-170,-222,-130,-69,15,-119,-83,-162,2005,-62,-113,-113
    + Other Non-Op (Income) Loss,IS_OTHER_NON_OPERATING_INC_LOSS,,,,,,,,,,,,,,,,,,,,-103,-288,-494,-517,-301,-299,-175,-88,-377,-241,-422,1738,-514,-281,-484
"Pretax Income (Loss), Adjusted",PRETAX_INC,790.546,879.766,811.401,1037.096,1035.8951,1180.979,1795.0001,1636.3,2133,1442,3166,3474,2022,-1649,1985,4349,1543,2236,1891,1831,2210,2465,2451,3795,3763,3910,3734,4266,3073,4097,839,3991,4078,4767
  - Abnormal Losses (Gains),IS_ABNORMAL_ITEM,,,,,,,,216.9,,800,-207.032,46.4,293.3,3742,164.2,-844,95,5,253,513,534,371,1206,637,557.0308,392,659,335,851,-7,1410.8608,634.6709,592.6962,234.2658
    + Abnormal Derivatives,IS_DERIVATIVES_HEDGING,,,,,,,,,,,,,,,,,,,,60,-99,1,9,,9,,,,,,,,,
    + Disposal of Assets,IS_GAIN_LOSS_DISPOSAL_ASSETS,,,,,,,,,,,,,,,,,,,,-36,-153,-8,-16,-81,-14,-35,-27,-28,107,4,-10,-12,-22,-52
    + Asset Write-Down,IS_IMPAIRMENT_ASSETS,,,,,,,,,,,,,,,64,140,20,,85,67,660,310,666,399,81,81,71,102,208,-11,984,353,259,85
    + Impairment of Intangibles,IS_IMPAIR_OF_INTANG_ASSETS,,,,,,,,,,,,,,,,,,,,,,,,,,,,,,,,,,
    + Gain/Loss on Sale/Acquisition of Business,IS_SALE_OF_BUSINESS,,,,,,,,,,,,,,,,,,,,,,,,,,,,,,,,,,
    + Legal Settlement,IS_LEGAL_LITIGATION_SETTLEMENT,,,,,,,,,,,,,,,,,,,,,,,,22,102,107,,158,265,,1103.7975,87.3418,222.7848,81.0127
    + Sale of Investments,IS_GAIN_LOSS_ON_INVESTMENTS,,,,,,,,,,,,,,,,,,,,,-139,,,,,,,,,,,,,
    + Other Abnormal Items,IS_OTHER_ONE_TIME_ITEMS,,,,,,,,,,,,,,,,,,,,26,66,,10,,174.0308,,,,,,-572,187.3418,132.9114,120.2532
"Pretax Income (Loss), GAAP",PRETAX_INC,790.546,879.766,811.401,1037.096,1035.8951,1180.979,1795.0001,1636.3,2133,1442,3166,3474,2022,-1649,1985,4349,1543,2236,1891,1831,2210,2465,2451,3795,3763,3910,3734,4266,3073,4097,839,3991,4078,4767
  - Income Tax Expense (Benefit),IS_INC_TAX_EXP,252.358,296.143,303.318,410.681,397.019,466.441,697.8,638.9,777,453,1020,1149,611,-707,533,1282,450,712,616,758,890,752,705,1205,1225,1256,1156,1196,448,519,-236,268,300,438
Income (Loss) from Cont Ops,IS_INC_BEF_XO_ITEM,538.188,583.623,508.083,626.415,638.876,714.538,1097.2,997.4,1356,989,2083,2325,1411,-942,1452,3067,1093,1524,1275,1073,1320,1713,1746,2590,2538,2654,2578,3070,2625,3578,1075,3723,3778,4329
  - Net Extraordinary Losses (Gains),XO_GL_NET_OF_TAX,0,0,0,0,0,0,16.7,0,8,-660,0,101,261,320,-238,705,-783,22,-83,-12,-3,-1,-36,-86,649,-177,408,6,-19,7,-7,144,1323,1455
    + Discontinued Operations,IS_DISCONTINUED_OPERATIONS,,,,,,,,,,,,,,,,,,,,-12,-3,-1,-36,-86,649,-177,408,6,-19,7,-7,144,1323,1455
    + XO & Accounting Changes,EXTRAORD_ITEMS_ACCOUNTING_CHANGS,,,,,,,,,,,,,,,,,,,,0,0,0,0,0,0,0,0,0,0,0,0,0,0,0
Income (Loss) Incl. MI,NI_INCLUDING_MINORITY_INT_RATIO,538.188,583.623,508.083,626.415,638.876,714.538,1080.5001,997.4,1348,1649,2146,2224,1150,-1262,1690,2362,1876,1502,1358,1085,1323,1714,1782,2676,1889,2831,2170,3064,2644,3571,1082,3579,2455,2874
  - Minority Interest,MIN_NONCONTROL_INTEREST_CREDITS,0,0,0,0,0,0,6.2,23,96,142,307,326,116,61,200,538,13,2,-4,10,3,8,14,11,6,15,18,5,-22,-177,-295,-329,-95,33
"Net Income, GAAP",NET_INCOME,538.188,583.623,508.083,626.415,638.876,714.538,1074.3,974.4,1252,1507,1776,1898,1034,-1323,1490,1824,1863,1500,1362,1075,1320,1706,1768,2665,1883,2816,2152,3059,2666,3748,1377,3908,2550,2841
  - Preferred Dividends,IS_TOT_CASH_PFD_DVD,52.616,54.683,56.407,52.429,49.724,48.903,44.2,72.8,21,20,19,14,13,15,9,12,0,0,0,0,0,,0,0,0,0,0,0,0,41,107,106,106,106
  - Other Adjustments,OTHER_ADJUSTMENTS,,,,,,,,,,,0,,,0,0,0,0,0,0,0,0,,0,0,0,0,0,0,0,0,0,0,0,0
"Net Income Avail to Common, GAAP",EARN_FOR_COMMON,485.572,528.94,451.676,573.986,589.152,665.635,1030.1,901.6,1231,1487,1757,1884,1021,-1338,1481,1812,1863,1500,1362,1075,1320,1706,1768,2665,1883,2816,2152,3059,2666,3707,1270,3802,2444,2735
,,#N/A Mandatory parameter [FIELDS] cannot be empty,,,,,,,,,,,,,,,,,,,,,,,,,,,,,,,,,
"Net Income Avail to Common, Adj",EARN_FOR_COMMON,485.572,528.94,451.676,573.986,589.152,665.635,1030.1,901.6,1231,1487,1757,1884,1021,-1338,1481,1812,1863,1500,1362,1075,1320,1706,1768,2665,1883,2816,2152,3059,2666,3707,1270,3802,2444,2735
  Net Abnormal Losses (Gains),IS_NET_ABNORMAL_ITEMS,,,,,,,,,,,,,,,,,,,,463.5,347.1,248.95,778.6,410,771.12,246.9,413.45,115.8,692,-4.84,1114.58,501.39,468.23,185.07
  Net Extraordinary Losses (Gains),XO_GL_NET_OF_TAX,0,0,0,0,0,0,16.7,0,8,-660,0,101,261,320,-238,705,-783,22,-83,-12,-3,-1,-36,-86,649,-177,408,6,-19,7,-7,144,1323,1455
,,#N/A Mandatory parameter [FIELDS] cannot be empty,,,,,,,,,,,,,,,,,,,,,,,,,,,,,,,,,
Basic Weighted Avg Shares,IS_AVG_NUM_SH_FOR_EPS,135.0465,135.6205,136.5459,136.5725,136.5725,136.5725,240.7998,239.8664,240.6664,243.0998,490.6662,255.6664,278.6664,300.9997,310.333,311.333,389.9996,419.9996,421.6662,430.9996,439.3329,147.9999,574,706,707,694,691,700,708,729,737,769,770,771
"Basic EPS, GAAP",IS_EPS,3.6,3.9,3.315,4.2,4.32,4.875,4.275,3.765,5.115,6.12,3.585,7.35,3.66,-4.44,4.77,5.82,4.77,3.57,3.24,2.49,3,11.49,3.07,3.77,2.66,4.05,3.11,4.36,3.76,5.06,1.72,4.94,3.17,3.54
"Basic EPS from Cont Ops, GAAP",IS_EARN_BEF_XO_ITEMS_PER_SH,3.6,3.9,3.315,4.2,4.32,4.875,4.35,3.765,5.145,3.39,3.585,7.77,4.59,-3.39,3.99,8.07,2.76,3.63,3.03,2.46,3,11.49,3.01,3.64,3.58,3.8,3.71,4.37,3.73,5.0947,1.7137,5.1313,4.8922,5.4345
"Basic EPS from Cont Ops, Adjusted",IS_BASIC_EPS_CONT_OPS,3.6,3.9,3.315,4.2,4.32,4.875,4.35,4.305,5.145,5.4,3.1631,7.92,5.64,4.35,4.53,5.46,3,3.63,3.63,3.5418,3.7878,13.2024,4.3739,4.2337,4.672,4.1584,4.3031,4.544,4.7161,5.088,3.226,5.7833,5.5003,5.6745
,,#N/A Mandatory parameter [FIELDS] cannot be empty,,,,,,,,,,,,,,,,,,,,,,,,,,,,,,,,,
Diluted Weighted Avg Shares,IS_SH_FOR_DILUTED_EPS,135.0465,135.6205,136.5459,136.5725,136.5725,136.5725,242.6664,240.3998,241.3331,243.6331,492.9328,257.6664,279.3331,300.9997,321.9997,323.333,395.9996,421.9996,422.6662,431.3329,439.6662,147.9999,575,706,707,694,691,700,708,729,738,769,770,771
"Diluted EPS, GAAP",IS_DILUTED_EPS,3.6,3.9,3.315,4.2,4.32,4.875,4.245,3.75,5.1,6.09,3.57,7.32,3.66,-4.44,4.62,5.64,4.71,3.54,3.21,2.49,3,11.49,3.07,3.76,2.66,4.05,3.11,4.36,3.76,5.06,1.72,4.94,3.17,3.54
"Diluted EPS from Cont Ops, GAAP",IS_DIL_EPS_BEF_XO,3.6,3.9,3.315,4.2,4.32,4.875,4.32,3.75,5.13,3.375,3.57,7.71,4.59,-3.39,3.87,7.8,2.73,3.6,3.03,2.46,3,11.49,3.01,3.63,3.58,3.8,3.71,4.37,3.73,5.0696,1.7105,5.1273,4.8882,5.4272
"Diluted EPS from Cont Ops, Adjusted",IS_DIL_EPS_CONT_OPS,3.6,3.9,3.315,4.2,4.32,4.875,4.32,4.29,5.13,5.4,3.15,7.86,5.64,4.35,4.38,5.19,2.97,3.6,3.63,3.5346,3.7878,13.1721,4.3641,4.2107,4.6707,4.1558,4.3031,4.5354,4.7074,5.063,3.2208,5.7793,5.4963,5.6672
,,#N/A Mandatory parameter [FIELDS] cannot be empty,,,,,,,,,,,,,,,,,,,,,,,,,,,,,,,,,
Reference Items,,#N/A Mandatory parameter [FIELDS] cannot be empty,,,,,,,,,,,,,,,,,,,,,,,,,,,,,,,,,
Accounting Standard,ACCOUNTING_STANDARD,US GAAP,US GAAP,US GAAP,US GAAP,US GAAP,US GAAP,US GAAP,US GAAP,US GAAP,US GAAP,US GAAP,US GAAP,US GAAP,US GAAP,US GAAP,US GAAP,US GAAP,US GAAP,US GAAP,US GAAP,US GAAP,US GAAP,US GAAP,US GAAP,US GAAP,US GAAP,US GAAP,US GAAP,US GAAP,US GAAP,US GAAP,US GAAP,US GAAP,US GAAP
EBITDA,EBITDA,1484.763,1620.106,1675.224,1874.093,1827.3411,2023.867,3297.0521,2952.5,3488,1809,4437,5065,4658,4459,5274,4905,3612,4386,4361,4095,4455,4803,5778,8083,8349,8691,9221,9671,9381,11177,10322,11408,12084,13390
EBITDA Margin (T12M),EBITDA_MARGIN,40.3307,42.4449,42.2878,43.768,40.7079,43.2757,26.8001,18.1036,19.8069,8.7794,28.9206,28.2236,29.3695,20.1947,25.6655,30.0976,34.053,34.4811,33.0204,32.1656,31.215,33.058,29.4435,35.5203,37.0918,38.8494,40.5443,41.0397,38.257,44.5672,43.2462,46.3344,42.005,46.0771
EBIT,EBIT,908.495,1000.283,1014.328,1217.025,1179.826,1349.051,2158.6001,1970,2433,658,3089,3615,2966,2472,3237,3021,1397,2498,2527,2249,2461,2777,3126,4854,4842,5078,5341,5625,4685,5709,4553,5500,6012,7070
Gross Margin,GROSS_MARGIN,67.359,68.468,69.6974,70.4036,71.9671,74.0731,46.1113,36.1809,36.5133,27.6535,53.0765,50.234,52.3897,38.8859,42.9072,54.3658,65.0137,64.5991,61.9899,65.0931,65.4919,64.5881,61.435,65.4069,64.8274,66.4923,69.705,70.3713,69.2998,70.2819,72.7208,71.7314,65.0375,66.693
Operating Margin,OPER_MARGIN,24.6775,26.2063,25.6047,28.4227,26.2831,28.8463,17.5462,12.0793,13.816,3.1934,20.1343,20.1438,18.7011,11.1957,15.7526,18.5372,13.1705,19.6384,19.1338,17.6655,17.2436,19.1135,15.9295,21.3306,21.5114,22.699,23.4841,23.8701,19.1061,22.7641,19.0757,22.3387,20.8982,24.329
Profit Margin,PROF_MARGIN,14.6188,15.2903,12.8256,14.6295,14.2323,15.2787,8.7324,5.9747,7.1096,7.3138,11.5761,10.5762,6.5195,-5.9918,7.251,11.1922,17.5639,11.7925,10.3127,8.444,9.2489,11.742,9.0094,11.7112,8.3655,12.5877,9.4623,12.9811,10.8723,14.9448,5.7692,15.8726,8.864,9.7763
Sales per Employee,ACTUAL_SALES_PER_EMPL,189766.3423,209723.0748,211538.628,234315.2007,263248.4803,273154.8439,,709082.6257,800454.5455,981190.4762,667043.4783,747750,720909.0909,927731.0924,955767.4419,798872.549,414335.9375,,723671.2329,681531.0493,,,703747.5345,814226.4205,794136.3251,766445.1144,789742.3432,810908.4652,815111.5248,871010.315,866824.0421,891903.6406,1032628.594,1074823.3902
,,#N/A Mandatory parameter [FIELDS] cannot be empty,,,,,,,,,,,,,,,,,,,,,,,,,,,,,,,,,
Returns,,#N/A Mandatory parameter [FIELDS] cannot be empty,,,,,,,,,,,,,,,,,,,,,,,,,,,,,,,,,
Return on Common Equity,RETURN_COM_EQY,12.9948,13.4197,10.9939,13.5241,13.2833,14.2871,16.9894,12.1175,15.6918,17.3431,18.4423,16.5663,7.3897,-9.3266,9.8115,11.0219,8.7586,6.3424,6.457,5.0307,5.9631,,,6.4847,4.5812,6.9874,5.3294,7.3914,6.2322,8.3607,2.7954,8.1469,5.1619,5.7877
Return on Assets,RETURN_ON_ASSET,5.4845,5.6789,4.7769,5.4483,5.0997,5.4502,6.0143,4.2005,4.9258,5.0054,3.8784,3.5574,1.9033,-2.2549,2.6373,3.3016,3.0189,2.5337,2.6503,1.9525,2.2733,,,2.3312,1.5992,2.3286,1.695,2.2603,1.8821,2.4639,0.8573,2.3544,1.4669,1.6007
Return on Capital,RETURN_ON_CAP,9.3342,9.5572,8.4864,9.3297,9.0636,9.5633,11.6676,8.6482,10.423,10.8001,11.0663,9.3852,5.3466,,7.0593,8.8824,5.7877,4.9001,5.381,4.0717,4.5488,,,4.4673,3.4584,4.5913,3.9662,4.7371,4.4351,5.1438,2.4851,4.8242,3.7891,4.3155
Return on Invested Capital,RETURN_ON_INV_CAPITAL,7.3453,7.263,6.5492,7.1213,6.5582,7.0079,8.798,6.4076,7.7227,1.9719,7.8548,7.4182,4.8545,,5.5078,5.2676,2.156,3.8522,4.7837,3.535,3.8907,,,3.6448,3.4771,3.6549,3.7224,3.9373,3.7579,4.5359,3.6522,4.4918,4.6248,5.0706
,,#N/A Mandatory parameter [FIELDS] cannot be empty,,,,,,,,,,,,,,,,,,,,,,,,,,,,,,,,,
Margins,,#N/A Mandatory parameter [FIELDS] cannot be empty,,,,,,,,,,,,,,,,,,,,,,,,,,,,,,,,,
Gross Margin,GROSS_MARGIN,67.359,68.468,69.6974,70.4036,71.9671,74.0731,46.1113,36.1809,36.5133,27.6535,53.0765,50.234,52.3897,38.8859,42.9072,54.3658,65.0137,64.5991,61.9899,65.0931,65.4919,64.5881,61.435,65.4069,64.8274,66.4923,69.705,70.3713,69.2998,70.2819,72.7208,71.7314,65.0375,66.693
Operating Margin,OPER_MARGIN,24.6775,26.2063,25.6047,28.4227,26.2831,28.8463,17.5462,12.0793,13.816,3.1934,20.1343,20.1438,18.7011,11.1957,15.7526,18.5372,13.1705,19.6384,19.1338,17.6655,17.2436,19.1135,15.9295,21.3306,21.5114,22.699,23.4841,23.8701,19.1061,22.7641,19.0757,22.3387,20.8982,24.329
Incremental Operating Margin,INCREMENTAL_OPERATING_MARGIN,,67.7438,9.7181,63.2653,,90.1231,10.616,,35.5853,,,20.1997,-31.1122,,,-5.08,-28.5413,52.106,5.9548,-58.4034,13.7573,122.9572,6.8499,55.1724,-4.8583,,70.6989,34.5499,,183.5125,-95.4583,125.7636,12.3463,362.3288
Pretax Margin,PRETAX_INC_TO_NET_SALES,21.4737,23.0489,20.4822,24.2206,23.0767,25.2525,14.5906,10.0332,12.1124,6.9983,20.6362,19.3581,12.7491,-7.4683,9.6598,26.6859,14.547,17.5786,14.3182,14.3822,15.4849,16.9661,12.4898,16.6769,16.7178,17.478,16.4182,18.1031,12.5321,16.3364,3.5152,16.2097,14.1755,16.404
Income before XO Margin,INC_BEF_XO_ITEMS_TO_NET_SALES,14.6188,15.2903,12.8256,14.6295,14.2323,15.2787,8.9186,6.1157,7.7002,4.7998,13.9877,12.9555,8.8966,-4.2663,7.066,18.8194,10.3045,11.9811,9.654,8.4282,9.2489,11.7902,8.8973,11.3816,11.2755,11.8636,11.3354,13.0278,10.7051,14.2669,4.5039,15.1212,13.1326,14.8968
Net Income Margin,PROF_MARGIN,14.6188,15.2903,12.8256,14.6295,14.2323,15.2787,8.7324,5.9747,7.1096,7.3138,11.5761,10.5762,6.5195,-5.9918,7.251,11.1922,17.5639,11.7925,10.3127,8.444,9.2489,11.742,9.0094,11.7112,8.3655,12.5877,9.4623,12.9811,10.8723,14.9448,5.7692,15.8726,8.864,9.7763
Net Income to Common Margin,NET_INCOME_TO_COMMON_MARGIN,13.1896,13.8576,11.4017,13.405,13.1246,14.2331,8.3732,5.5283,6.9903,7.2167,11.4522,10.4982,6.4376,-6.0598,7.2072,11.1186,17.5639,11.7925,10.3127,8.444,9.2489,11.742,9.0094,11.7112,8.3655,12.5877,9.4623,12.9811,10.8723,14.7813,5.3209,15.4421,8.4956,9.4116
,,#N/A Mandatory parameter [FIELDS] cannot be empty,,,,,,,,,,,,,,,,,,,,,,,,,,,,,,,,,
Additional,,#N/A Mandatory parameter [FIELDS] cannot be empty,,,,,,,,,,,,,,,,,,,,,,,,,,,,,,,,,
Effective Tax Rate,EFF_TAX_RATE,31.922,33.6616,37.382,39.5991,38.3262,39.4961,38.8746,39.0454,36.4276,31.4147,32.2173,33.0743,30.2176,,26.8514,29.478,29.164,31.8426,32.5754,41.3981,40.2715,30.5071,28.7638,31.7523,32.5538,32.1228,30.9588,28.0356,14.5786,12.6678,,6.7151,7.3565,9.1882
,,#N/A Mandatory parameter [FIELDS] cannot be empty,,,,,,,,,,,,,,,,,,,,,,,,,,,,,,,,,
ESG Financial Materiality Scores,,#N/A Mandatory parameter [FIELDS] cannot be empty,,,,,,,,,,,,,,,,,,,,,,,,,,,,,,,,,
BESG ESG Score,ESG_SCORE,,,,,,,,,,,,,,,,,,,,,,,,,,4.91,5.63,5.98,5.52,5.79,6.5,6.16,5.42,
BESG Environmental Pillar Score,ENVIRONMENTAL_SCORE,,,,,,,,,,,,,,,,,,,,,,,,,,3.86,4.56,5.82,5.05,5.75,7.1,6.47,4.96,
BESG Social Pillar Score,SOCIAL_SCORE,,,,,,,,,,,,,,,,,,,,,,,,,,4.17,5.24,4.95,4.37,3.86,4.28,3.95,3.97,
BESG Governance Pillar Score,GOVERNANCE_SCORE,,,,,,,,,,,,,,,,,,,,,,,,,,7.8,8.07,7.38,7.67,8.12,8,8.18,7.97,
,,#N/A Mandatory parameter [FIELDS] cannot be empty,,,,,,,,,,,,,,,,,,,,,,,,,,,,,,,,,
ESG Disclosure Scores,,#N/A Mandatory parameter [FIELDS] cannot be empty,,,,,,,,,,,,,,,,,,,,,,,,,,,,,,,,,
ESG Disclosure Score,ESG_DISCLOSURE_SCORE,,,,,,,,,,,,,,,,,48.7476,52.54,57.8815,61.2313,68.474,69.0172,64.6917,72.0954,70.7374,75.1936,70.7876,74.3688,74.2078,72.7693,75.4652,75.4652,71.0291,
Environmental Disclosure Score,ENVIRON_DISCLOSURE_SCORE,,,,,,,,,,,,,,,,,31.1084,22.3799,38.4174,56.8106,61.039,59.8913,60.7369,70.7641,73.0293,73.0293,68.7104,72.1534,75.2945,73.5729,73.9052,73.9052,71.0359,
Social Disclosure Score,SOCIAL_DISCLOSURE_SCORE,,,,,,,,,,,,,,,,,25.6953,45.8283,45.8283,37.4849,55.0181,57.7993,50.2418,62.4547,56.1064,65.0242,56.1064,57.1342,53.5067,50.9069,58.6759,58.6759,54.5042,
Governance Disclosure Score,GOVNCE_DISCLOSURE_SCORE,,,,,,,,,,,,,,,,,89.2836,89.2836,89.2836,89.2836,89.2836,89.2836,83.0223,83.0223,83.0223,87.4774,87.4774,93.7387,93.7387,93.7387,93.7387,93.7387,87.4774,
,,#N/A Mandatory parameter [FIELDS] cannot be empty,,,,,,,,,,,,,,,,,,,,,,,,,,,,,,,,,
Environmental,,#N/A Mandatory parameter [FIELDS] cannot be empty,,,,,,,,,,,,,,,,,,,,,,,,,,,,,,,,,
Air Quality,,#N/A Mandatory parameter [FIELDS] cannot be empty,,,,,,,,,,,,,,,,,,,,,,,,,,,,,,,,,
Nitrogen Oxide Emissions,NOX_EMISSIONS,,,,,,,,,,,,,,,,,148.6,130.997,123.149,59,65,65,89.18,78.02,76.2,70.76,65.317,56,58,45,39,38,41,37
VOC Emissions,VOC_EMISSIONS,,,,,,,,,,,,,,,,,,,,,,,,2.27,1.99,1.64,,,,,,,,
Particulate Emissions,PARTICULATE_EMISSIONS,,,,,,,,,,,,,,,,,,,,,,,,21.95,20.58,13.45,8.361,7.522,8.248,6.971,1.735,1.86,,1.677
Sulphur Dioxide / Sulphur Oxide Emissions,SULPHUR_DIOXIDE_SULPHUR_OXIDE_EM,,,,,,,,,,,,,,,,,812.6,682.3,427.7,218,201,182,184.16,162.39,145.15,96.1615,55.3382,42,41,28,24,23,19,18
,,#N/A Mandatory parameter [FIELDS] cannot be empty,,,,,,,,,,,,,,,,,,,,,,,,,,,,,,,,,
Climate Change,,#N/A Mandatory parameter [FIELDS] cannot be empty,,,,,,,,,,,,,,,,,,,,,,,,,,,,,,,,,
Emissions Reduction Initiatives,EMISSION_REDUCTION,,,,,,,,,,,,,,,,,1,1,1,1,1,1,1,1,1,1,1,1,1,1,1,1,1,1
Transition Plan Claim,TRANSITION_PLAN_INDICATOR,,,,,,,,,,,,,,,,,,,,,,,,,,,,,,,,,0,0
Climate Change Policy,CLIMATE_CHG_POLICY,,,,,,,,,,,,,,,,,1,1,1,1,1,1,1,1,1,1,1,1,1,1,1,1,1,1
Climate Change Opportunities Discussed,CLIMATE_CHG_OPPORTUNITIES,,,,,,,,,,,,,,,,,0,0,0,0,0,0,0,0,0,0,0,0,0,0,1,1,1,1
Risks of Climate Change Discussed,CLIMATE_RISKS,,,,,,,,,,,,,,,,,0,0,0,1,1,1,1,1,1,1,1,1,1,1,1,1,1,1
GHG Scope 1,GHG_SCOPE_1,,,,,,,,,,,,,,,,,,,,,,143835,135939,124472,125893,100238,98227.602,95213.398,96548.797,85525,74976,78000,78040,72918
GHG Scope 2 Location-Based,GHG_SCOPE_2_LOCATION_BASED,,,,,,,,,,,,,,,,,,,,,,,,,,,,,23.2,5.2,3.7,2.1,420,407
,,#N/A Mandatory parameter [FIELDS] cannot be empty,,,,,,,,,,,,,,,,,,,,,,,,,,,,,,,,,
Energy,,#N/A Mandatory parameter [FIELDS] cannot be empty,,,,,,,,,,,,,,,,,,,,,,,,,,,,,,,,,
Energy Efficiency Policy,ENERGY_EFFIC_POLICY,,,,,,,,,,,,,,,,,1,1,1,1,1,1,1,1,1,1,1,1,1,1,1,1,1,1
Total Energy Consumption,ENERGY_CONSUMPTION,,,,,,,,,,,,,,,,,,342779,327939,406069,425409,449849,456003,416088,460691,374204,364002,371685,386108,357848,335477,350817,342011,
Electricity Used,ELECTRICITY_USED,,,,,,,,,,,,,,,,,,,,60,59,,,,,,,,6498.77,0,9.461,5.535,11.4,
Fuel Used - Natural Gas,NAT_GAS_USED,,,,,,,,,,,,,,,,,,954278,758892,1435660,1829270,9630560,14192400,14192500,14874800,13880700,14237800,13937700,16844400,17099700,17636400,18524900,22663000,
Fuel Used - Crude Oil/Diesel,OIL_DIESEL_USED,,,,,,,,,,,,,,,,,,116.925,112.693,69.276,68.141,208.964,155.966,155.966,202.907,463.79,37.645,35.53,161.453,94.415,70.448,99.136,169.891,
,,#N/A Mandatory parameter [FIELDS] cannot be empty,,,,,,,,,,,,,,,,,,,,,,,,,,,,,,,,,
Materials & Waste,,#N/A Mandatory parameter [FIELDS] cannot be empty,,,,,,,,,,,,,,,,,,,,,,,,,,,,,,,,,
Waste Reduction Policy,WASTE_REDUCTION,,,,,,,,,,,,,,,,,0,1,1,1,1,1,1,1,1,1,1,1,1,1,1,1,1,1
Hazardous Waste,HAZARDOUS_WASTE,,,,,,,,,,,,,,,,,,,0,0.4,0.11,0.15,0.03,0.05,0.044,0.29,0.517,0.114,0.255,0.21,2.301,0.643,0.662,0.839
Total Waste,TOTAL_WASTE,,,,,,,,,,,,,,,,,,,36.434,36,36,40,42.61,76.28,77.555,79.44,92.766,98.883,94.347,107.048,97.976,99.79,101.605,127.913
,,#N/A Mandatory parameter [FIELDS] cannot be empty,,,,,,,,,,,,,,,,,,,,,,,,,,,,,,,,,
Supply Chain,,#N/A Mandatory parameter [FIELDS] cannot be empty,,,,,,,,,,,,,,,,,,,,,,,,,,,,,,,,,
Environmental Supply Chain Management,ENVIRON_SUPPLY_MGT,,,,,,,,,,,,,,,,,1,0,0,1,1,1,1,1,1,1,1,1,1,1,1,1,1,1
,,#N/A Mandatory parameter [FIELDS] cannot be empty,,,,,,,,,,,,,,,,,,,,,,,,,,,,,,,,,
Water,,#N/A Mandatory parameter [FIELDS] cannot be empty,,,,,,,,,,,,,,,,,,,,,,,,,,,,,,,,,
Water Policy,WATER_POLICY,,,,,,,,,,,,,,,,,0,0,0,0,1,0,1,1,1,1,1,1,1,1,1,1,1,1
Total Water Withdrawal,TOTAL_WATER_WITHDRAWAL,,,,,,,,,,,,,,,,,,,15142300,14385200,14763800,14006700,21576800,21446900,21952600,23659900,20218800,20037100,18893900,17629500,18545600,18640200,19151300,19200500
Total Water Discharged,TOTAL_WATER_DISCHARGED,,,,,,,,,,,,,,,,,,,14915200,14105100,14336000,13609200,21159000,21042700,21603200,23186700,20016600,19836700,18516000,17276900,18360100,18267400,15129500,17664400
,,#N/A Mandatory parameter [FIELDS] cannot be empty,,,,,,,,,,,,,,,,,,,,,,,,,,,,,,,,,
Ecological & Biodiversity Impacts,,#N/A Mandatory parameter [FIELDS] cannot be empty,,,,,,,,,,,,,,,,,,,,,,,,,,,,,,,,,
Biodiversity Policy,BIODIVERSITY_POLICY,,,,,,,,,,,,,,,,,0,0,0,0,0,0,0,0,1,1,1,1,1,1,1,1,1,1
Adopts TNFD Recommendations,ADOPT_TNFD_RECOMMENDATIONS,,,,,,,,,,,,,,,,,,,,,,,,,,,,,,,,0,0,
Zero Deforestation Policy,ZERO_DEFORESTATION_POLICY,,,,,,,,,,,,,,,,,,,,,,,,,,,,,,,,0,0,
Board Level Oversight of Biodiversity,BOARD_LEVEL_OVERSIGHT_BIODIV,,,,,,,,,,,,,,,,,,,,,,,,,,,,,,,,0,0,
Executive Level Oversight of Biodiversity,EXEC_LEVEL_OVERSIGHT_BIODIV,,,,,,,,,,,,,,,,,,,,,,,,,,,,,,,,1,1,
,,#N/A Mandatory parameter [FIELDS] cannot be empty,,,,,,,,,,,,,,,,,,,,,,,,,,,,,,,,,
Social,,#N/A Mandatory parameter [FIELDS] cannot be empty,,,,,,,,,,,,,,,,,,,,,,,,,,,,,,,,,
Community & Customers,,#N/A Mandatory parameter [FIELDS] cannot be empty,,,,,,,,,,,,,,,,,,,,,,,,,,,,,,,,,
Human Rights Policy,HUMAN_RIGHTS_POLICY,,,,,,,,,,,,,,,,,0,0,0,0,0,0,0,0,0,0,0,1,1,1,1,1,1,1
Policy Against Child Labor,POLICY_AGAINST_CHILD_LABOR,,,,,,,,,,,,,,,,,0,0,0,0,0,0,0,1,1,1,1,1,1,1,1,1,1,
Quality Assurance and Recall Policy,QUALITY_ASSURANCE_AND_RECALL_POL,,,,,,,,,,,,,,,,,,,,,,,0,0,0,0,0,0,0,1,1,1,1,
Consumer Data Protection Policy,CONSUMER_DATA_PROTECTION_POLICY,,,,,,,,,,,,,,,,,,,,,,,1,1,1,1,1,1,1,1,1,1,1,
Community Spending,COMMUNITY_SPENDING,,,,,,,,,,,,,,,,,1.16,2.4,2.4,2.5,3,4.7,24,12.2,35.2,7.8,7.8,6.9,15.4,6.9,7.2,16.9,17.8,11.4
Number of Customer Complaints,CUSTOMER_COMPLAINTS,,,,,,,,,,,,,,,,,,,,,,,,,,,,,,,,,,
,,#N/A Mandatory parameter [FIELDS] cannot be empty,,,,,,,,,,,,,,,,,,,,,,,,,,,,,,,,,
Diversity,,#N/A Mandatory parameter [FIELDS] cannot be empty,,,,,,,,,,,,,,,,,,,,,,,,,,,,,,,,,
Equal Opportunity Policy,EQUAL_OPPORTUNITY_POLICY,,,,,,,,,,,,,,,,,1,0,0,1,1,1,1,1,1,1,1,1,1,1,1,1,1,1
Gender Pay Gap Breakout,GENDER_PAY_GAP_BREAKOUT,,,,,,,,,,,,,,,,,,,,,,,0,0,0,0,0,0,0,0,0,0,0,0
Pct Women in Senior Management,PCT_WOMEN_SENIOR_MGT,,,,,,,,,,,,,,,,,,,,,,,,,,,,,,,27.16,27.56,27.52,31.13
Pct Women in Middle and or Other Management,PCT_WOMEN_IN_MID_AND_OTHER_MGMT,,,,,,,,,,,,,,,,,,17.2,15.5,16.3,17.2,17.7,18,18.2,18,17.2,17.6,18,18.8,19.4,19.47,20.98,21.69,22.01
Pct Women in Workforce,PCT_WOMEN_EMPLOYEES,,,,,,,,,,,,,,,,,21.7,22.6,22.6,22.6,22.9,22.9,22.4,22.4,22.2,22.6,22.8,23.1,23.3,23.7,23.3,24,24,23.6
Pct Minorities in Workforce,PCT_MINORITY_EMPLOYEES,,,,,,,,,,,,,,,,,,13.3,13.3,13.1,13.6,13.8,13.8,14.4,14.8,15.6,16.7,17.7,18.1,18.8,18.8,19.6,20.4,20.5
Pct Disabled in Workforce,PCT_DISABLED_IN_WORKFORCE,,,,,,,,,,,,,,,,,,,,,,,,,,,,,,,,,,
,,#N/A Mandatory parameter [FIELDS] cannot be empty,,,,,,,,,,,,,,,,,,,,,,,,,,,,,,,,,
Ethics & Compliance,,#N/A Mandatory parameter [FIELDS] cannot be empty,,,,,,,,,,,,,,,,,,,,,,,,,,,,,,,,,
Business Ethics Policy,ETHICS_POLICY,,,,,,,,,,,,,,,,,1,1,1,1,1,1,1,1,1,1,1,1,1,1,1,1,1,1
Anti-Bribery Ethics Policy,ANTI_BRIBERY_ETHICS_POLICY,,,,,,,,,,,,,,,,,0,0,0,0,0,1,1,1,1,1,1,1,1,1,1,1,1,1
,,#N/A Mandatory parameter [FIELDS] cannot be empty,,,,,,,,,,,,,,,,,,,,,,,,,,,,,,,,,
Health & Safety,,#N/A Mandatory parameter [FIELDS] cannot be empty,,,,,,,,,,,,,,,,,,,,,,,,,,,,,,,,,
Health and Safety Policy,HEALTH_SAFETY_POLICY,,,,,,,,,,,,,,,,,1,1,1,1,1,1,1,1,1,1,1,1,1,1,1,1,1,1
Fatalities - Employees,FATALITIES_EMPLOYEES,,,,,,,,,,,,,,,,,1,2,0,0,0,0,1,1,3,0,0,0,,,1,1,1,0
Lost Time Incident Rate - Employees,LOST_TIME_INCIDENT_RATE,,,,,,,,,,,,,,,,,,0.26,0.28,0.23,0.23,0.32,,,,,,,,,,,,
,,#N/A Mandatory parameter [FIELDS] cannot be empty,,,,,,,,,,,,,,,,,,,,,,,,,,,,,,,,,
Human Capital,,#N/A Mandatory parameter [FIELDS] cannot be empty,,,,,,,,,,,,,,,,,,,,,,,,,,,,,,,,,
Training Policy,TRAINING_POLICY,,,,,,,,,,,,,,,,,0,0,0,1,1,1,1,1,1,1,1,1,1,1,1,1,1,1
Fair Remuneration Policy,FAIR_REMUNERATION_POLICY,,,,,,,,,,,,,,,,,0,0,0,0,0,0,0,0,0,0,0,0,0,0,0,0,0,
Number of Employees - CSR,NUMBER_EMPLOYEES_CSR,,,,,,,,,,,,,,,,,17910,18117,18548,18680,18440,18249,27885,28129,28344,28905,28790,29143,29923,28649,27730,27600,27900,27037
Employee Turnover Pct,EMPLOYEE_TURNOVER_PCT,,,,,,,,,,,,,,,,,,6.2,4.9,6,7.7,3,6.1,11.3,7.1,7.5,9.6,8.1,8,12,5.7,7.8,9.3,7.4
Employee Training Cost,EMPLOYEE_TRAINING_COST,,,,,,,,,,,,,,,,,,,,,,,,,,,,,,,,,,
Total Hours Spent by Firm - Employee Training,TOT_HRS_SPENT_BY_FIRM_EMP_TRAIN,,,,,,,,,,,,,,,,,,,,,,,,,,2059890,,,,,1252000,1435000,1534300,1300000
Company Discloses Employee Engagement Score,COMP_DISCLOSES_EMP_ENG_SCORE,,,,,,,,,,,,,,,,,,,,,,,,,,0,0,0,0,0,0,0,0,1
,,#N/A Mandatory parameter [FIELDS] cannot be empty,,,,,,,,,,,,,,,,,,,,,,,,,,,,,,,,,
Supply Chain,,#N/A Mandatory parameter [FIELDS] cannot be empty,,,,,,,,,,,,,,,,,,,,,,,,,,,,,,,,,
Social Supply Chain Management,SOCIAL_SUPPLY_CHAIN_MGMT,,,,,,,,,,,,,,,,,0,0,0,0,0,0,1,1,1,1,1,1,1,1,1,1,1,1
,,#N/A Mandatory parameter [FIELDS] cannot be empty,,,,,,,,,,,,,,,,,,,,,,,,,,,,,,,,,
Governance,,#N/A Mandatory parameter [FIELDS] cannot be empty,,,,,,,,,,,,,,,,,,,,,,,,,,,,,,,,,
Audit Risk & Oversight,,#N/A Mandatory parameter [FIELDS] cannot be empty,,,,,,,,,,,,,,,,,,,,,,,,,,,,,,,,,
Years Auditor Employed,YEARS_AUDITOR_EMPLOYED,,,,,,,,,,,,,,,,,61,59,60,61,62,63,64,65,66,67,68,69,70,71,72,73,74,75
Size of Audit Committee,SIZE_OF_AUDIT_COMMITTEE,,,,,,,,,,,,,,,,,6,4,4,6,5,5,6,5,5,6,5,4,5,5,4,4,5,5
Number of Independent Directors on Audit Committee,NUM_IND_DIR_ON_AUD_CMTE,,,,,,,,,,,,,,,,,6,4,4,6,5,5,6,5,5,6,5,4,5,5,4,4,5,5
Audit Committee Meetings,AUDIT_COMMITTEE_MEETINGS,,,,,,,,,,,,,,,,,14,12,12,12,9,10,10,8,9,9,9,8,8,8,8,7,7,7
Audit Committee Meeting Attendance Percentage,AUDIT_COMMITTEE_MTG_ATTEND_PCT,,,,,,,,,,,,,,,,,75,75,75,75,75,75,75,75,75,98,98,96,98,97,99,99,99,99
,,#N/A Mandatory parameter [FIELDS] cannot be empty,,,,,,,,,,,,,,,,,,,,,,,,,,,,,,,,,
Board Composition,,#N/A Mandatory parameter [FIELDS] cannot be empty,,,,,,,,,,,,,,,,,,,,,,,,,,,,,,,,,
Company Conducts Board Evaluations,COMPANY_CONDUCTS_BRD_EVALUATIONS,,,,,,,,,,,,,,,,,0,,,,,,,,,1,1,1,1,1,1,1,1,1
Board Size,BOARD_SIZE,,,,,,,,,,,,,,,,,15,12,11,12,11,11,15,17,15,15,14,13,14,15,13,14,14,14
Number of Executives / Company Managers,NUM_EXECUTIVES_COMP_MANAGERS,,,,,,,,,,,,,,,,,12,11,11,9,9,8,9,9,11,9,9,9,9,10,9,12,12,11
Number of Non Executive Directors on Board,NUM_OF_NONEXEC_DIR_ON_BRD,,,,,,,,,,,,,,,,,13,11,10,10,10,10,14,15,14,14,13,12,13,14,12,13,13,13
Number of Board Meetings for the Year,BOARD_MEETINGS_PER_YR,,,,,,,,,,,,,,,,,8,8,8,6,11,11,15,10,11,14,7,5,5,9,9,10,9,5
Board Meeting Attendance Pct,BOARD_MEETING_ATTENDANCE_PCT,,,,,,,,,,,,,,,,,75,75,75,75,75,75,75,95,98,98,98,96,98,97,99,99,99,99
,,#N/A Mandatory parameter [FIELDS] cannot be empty,,,,,,,,,,,,,,,,,,,,,,,,,,,,,,,,,
Compensation,,#N/A Mandatory parameter [FIELDS] cannot be empty,,,,,,,,,,,,,,,,,,,,,,,,,,,,,,,,,
Company Has Executive Share Ownership Guidelines,COMP_HAS_EXEC_SH_OWNER_GUIDELNS,,,,,,,,,,,,,,,,,0,,,,,,,,,1,1,1,1,1,1,1,1,1
Director Share Ownership Guidelines,DIRECTOR_SH_OWNERSHIP_GUIDELINES,,,,,,,,,,,,,,,,,0,,,,,,,,,1,1,1,1,1,1,1,1,1
Size of Compensation Committee,SIZE_OF_COMPENSATION_COMMITTEE,,,,,,,,,,,,,,,,,5,5,5,6,5,4,4,4,4,4,4,4,5,5,4,5,5,5
Num of Independent Directors on Compensation Cmte,NUM_IND_DIR_ON_CMPNSTN_CMTE,,,,,,,,,,,,,,,,,5,5,5,6,5,4,4,4,4,4,4,4,5,5,4,5,5,5
Number of Compensation Committee Meetings,NUM_COMPENSATION_CMTE_MTG,,,,,,,,,,,,,,,,,8,9,8,9,7,9,10,9,8,8,7,6,5,6,6,5,7,6
Compensation Committee Meeting Attendance %,COMPENSATION_CMTE_MTG_ATTEND_PCT,,,,,,,,,,,,,,,,,75,75,75,75,75,75,75,75,75,98,98,96,98,97,99,99,99,99
,,#N/A Mandatory parameter [FIELDS] cannot be empty,,,,,,,,,,,,,,,,,,,,,,,,,,,,,,,,,
Diversity,,#N/A Mandatory parameter [FIELDS] cannot be empty,,,,,,,,,,,,,,,,,,,,,,,,,,,,,,,,,
Number of Female Executives,NUMBER_OF_FEMALE_EXECUTIVES,,,,,,,,,,,,,,,,,2,1,1,1,2,2,3,3,4,3,3,3,3,3,2,4,3,4
Number of Women on Board,NUMBER_OF_WOMEN_ON_BOARD,,,,,,,,,,,,,,,,,2,2,2,1,1,1,2,3,3,3,3,2,2,4,4,5,5,5
Age of the Youngest Director,AGE_OF_YOUNGEST_DIRECTOR,,,,,,,,,,,,,,,,,47,52,53,59,60,61,62,54,55,51,52,58,52,53,54,55,56,57
Age of the Oldest Director,AGE_OF_OLDEST_DIRECTOR,,,,,,,,,,,,,,,,,66,67,68,68,69,70,71,72,73,74,71,71,72,73,74,75,72,73
,,#N/A Mandatory parameter [FIELDS] cannot be empty,,,,,,,,,,,,,,,,,,,,,,,,,,,,,,,,,
Independence,,#N/A Mandatory parameter [FIELDS] cannot be empty,,,,,,,,,,,,,,,,,,,,,,,,,,,,,,,,,
Number of Independent Directors,INDEPENDENT_DIRECTORS,,,,,,,,,,,,,,,,,13,11,10,10,10,10,14,15,14,14,13,12,13,14,12,13,13,13
,,#N/A Mandatory parameter [FIELDS] cannot be empty,,,,,,,,,,,,,,,,,,,,,,,,,,,,,,,,,
Nominations & Governance Oversight,,#N/A Mandatory parameter [FIELDS] cannot be empty,,,,,,,,,,,,,,,,,,,,,,,,,,,,,,,,,
Size of Nomination Committee,SIZE_OF_NOMINATION_COMMITTEE,,,,,,,,,,,,,,,,,6,4,4,3,3,3,5,5,6,6,4,4,4,4,4,6,6,6
Num of Independent Directors on Nomination Cmte,NUM_IND_DIR_ON_NOM_CMTE,,,,,,,,,,,,,,,,,6,4,4,3,3,3,5,5,6,6,4,4,4,4,4,6,6,6
Number of Nomination Committee Meetings,NUM_OF_NOMINATION_CMTE_MTG,,,,,,,,,,,,,,,,,5,7,6,5,6,7,9,5,7,7,6,5,5,6,5,7,5,6
Nomination Committee Meeting Attendance Percentage,NOMINATION_CMTE_MTG_ATTEND_PCT,,,,,,,,,,,,,,,,,75,75,75,75,75,75,75,75,75,98,98,96,98,97,99,99,99,99
,,#N/A Mandatory parameter [FIELDS] cannot be empty,,,,,,,,,,,,,,,,,,,,,,,,,,,,,,,,,
Sustainability Governance,,#N/A Mandatory parameter [FIELDS] cannot be empty,,,,,,,,,,,,,,,,,,,,,,,,,,,,,,,,,
Verification Type,VERIFICATION_TYPE,,,,,,,,,,,,,,,,,1,1,1,1,1,1,0,0,0,0,0,1,1,1,1,1,0,
Employee CSR Training,EMPLOYEE_CSR_TRAINING,,,,,,,,,,,,,,,,,0,0,0,0,0,0,0,0,0,0,0,0,0,0,0,0,0,
,,#N/A Mandatory parameter [FIELDS] cannot be empty,,,,,,,,,,,,,,,,,,,,,,,,,,,,,,,,,
Tenure,,#N/A Mandatory parameter [FIELDS] cannot be empty,,,,,,,,,,,,,,,,,,,,,,,,,,,,,,,,,
Board Duration (Years),BOARD_DURATION,,,,,,,,,,,,,,,,,1,1,1,1,1,1,1,1,1,1,1,1,1,1,1,1,1,1
