UNP US Equity,"""=BDH($A$1, $B7, ""19900101"","""",""sort=a"",""dir=h"",""per=cy"")",Unnamed: 2,Unnamed: 3,Unnamed: 4,Unnamed: 5,Unnamed: 6,Unnamed: 7,Unnamed: 8,Unnamed: 9,Unnamed: 10,Unnamed: 11,Unnamed: 12,Unnamed: 13,Unnamed: 14,Unnamed: 15,Unnamed: 16,Unnamed: 17,Unnamed: 18,Unnamed: 19,Unnamed: 20,Unnamed: 21,Unnamed: 22,Unnamed: 23,Unnamed: 24,Unnamed: 25,Unnamed: 26,Unnamed: 27,Unnamed: 28,Unnamed: 29,Unnamed: 30,Unnamed: 31,Unnamed: 32,Unnamed: 33,Unnamed: 34,Unnamed: 35
,"""=""=BDH($A$1, B"" & ROW() & "", """"19900101"""","""""""",""""sort=a"""",""""dates=h"""",""""dir=h"""",""""per=cy"""")""",,,,,,,,,,,,,,,,,,,,,,,,,,,,,,,,,,
,,,,,,,,,,,,,,,,,,,,,,,,,,,,,,,,,,,
date,,,,,,,,,,,,,,,,,,,,,,,,,,,,,,,,,,,
,,,,,,,,,,,,,,,,,,,,,,,,,,,,,,,,,,,
date,,1990-12-31 00:00:00,1991-12-31 00:00:00,1992-12-31 00:00:00,1993-12-31 00:00:00,1994-12-30 00:00:00,1995-12-29 00:00:00,1996-12-31 00:00:00,1997-12-31 00:00:00,1998-12-31 00:00:00,1999-12-31 00:00:00,2000-12-29 00:00:00,2001-12-31 00:00:00,2002-12-31 00:00:00,2003-12-31 00:00:00,2004-12-31 00:00:00,2005-12-30 00:00:00,2006-12-29 00:00:00,2007-12-31 00:00:00,2008-12-31 00:00:00,2009-12-31 00:00:00,2010-12-31 00:00:00,2011-12-30 00:00:00,2012-12-31 00:00:00,2013-12-31 00:00:00,2014-12-31 00:00:00,2015-12-31 00:00:00,2016-12-30 00:00:00,2017-12-29 00:00:00,2018-12-31 00:00:00,2019-12-31 00:00:00,2020-12-31 00:00:00,2021-12-31 00:00:00,2022-12-30 00:00:00,2023-12-29 00:00:00
"  + Cash, Cash Equivalents & STI",CASH_CASH_EQTY_STI_DETAILED,169,144,245,113,121,230,191,90,176,175,105,113,367,527,977,773,827,878,1249,1850,1086,1217,1063,1432,1586,1391,1337,1365,1333,891,1859,1006,1019,1071
    + Cash & Cash Equivalents,BS_CASH_NEAR_CASH_ITEM,169,144,245,113,121,230,191,90,176,175,105,113,367,527,977,773,827,878,1249,1850,1086,1217,1063,1432,1586,1391,1277,1275,1273,831,1799,960,973,1055
    + ST Investments,BS_MKT_SEC_OTHER_ST_INVEST,0,0,0,0,0,0,0,0,0,0,0,0,,0,0,,,0,0,0,0,0,0,0,0,0,60,90,60,60,60,46,46,16
  + Accounts & Notes Receiv,BS_ACCT_NOTE_RCV,545,516,575,651,939,1002,494,631,643,581,597,604,557,498,538,747,679,632,594,666,1184,1401,1331,1414,1611,1356,1258,1493,1755,1595,1505,1722,1891,2073
"    + Accounts Receivable, Net",BS_ACCTS_REC_EXCL_NOTES_REC,,,,,,,,631,643,581,597,604,557,498,538,747,679,632,594,666,1184,1401,1331,1414,1611,1356,1258,1493,1755,1595,1505,1722,1891,2073
"    + Notes Receivable, Net",NOTES_RECEIVABLE,,,,,,,,,,,,,,,,,,,,0,0,0,0,0,0,0,0,0,0,0,0,0,0,0
  + Unbilled Revenues,BS_UNBILLED_REVENUES,,,,,,,,,,,,,,,,,,,,,,,,,,,,,,,,,,
  + Inventories,BS_INVENTORIES,243,222,244,252,315,238,304,296,343,337,360,265,277,267,309,331,395,453,450,475,534,614,660,653,712,736,717,749,742,751,638,621,741,743
    + Raw Materials,INVTRY_RAW_MATERIALS,,,,,,,,296,343,337,360,265,,267,,,,,,,,,,,,,,,,,,,,
    + Work In Process,INVTRY_IN_PROGRESS,,,,,,,,0,0,0,0,0,,,,,,,,,,,,,,,,,,,,,,
    + Finished Goods,INVTRY_FINISHED_GOODS,,,,,,,,0,0,0,0,0,,,,,,,,,,,,,,,,,,,,,,
    + Other Inventory,BS_OTHER_INV,,,,,,,,,0,0,0,0,,,,,,,,,,,,,,,,,,,,,,
  + Other ST Assets,OTHER_CURRENT_ASSETS_DETAILED,298,286,317,366,447,209,345,398,340,221,641,560,697,797,466,474,510,631,520,689,628,495,560,491,770,647,284,399,333,222,212,202,301,261
    + Prepaid Expenses,BS_PREPAY,,,,,,,,,,,,,,,,,,,,,,,,,,,,,,,,,,
    + Derivative & Hedging Assets,BS_DERIV_HEDGING_ASST_ST,,,,,,,,,,,,,,,,,,,,0,0,0,0,0,0,0,0,0,0,0,0,0,,
    + Taxes Receivable,BS_TAXES_RECEIVABLE_SHORT_TERM,,,,,,,,,,,,,,,,,,,,,,,,,,,,,,,,,,
    + Misc ST Assets,BS_OTHER_CUR_ASSET_LESS_PREPAY,,,,,,,,,,,,,,,,,,,,350,367,189,297,223,493,647,284,399,333,222,212,202,301,261
Total Current Assets,BS_CUR_ASSET_REPORT,1255,1168,1381,1382,1822,1679,1334,1415,1502,1314,1703,1542,1898,2089,2290,2325,2411,2594,2813,3680,3432,3727,3614,3990,4679,4130,3596,4006,4163,3459,4214,3551,3952,4148
"  + Property, Plant & Equip, Net",BS_NET_FIX_ASSET,9751,10051,10600,11441,12271,14105,25044,25977,26939,27519,28196,28792,29004,30283,31014,31975,32873,34158,35701,37202,38253,39934,41997,43749,46272,48866,50389,51605,52679,55728,55771,56658,57710,59041
"    + Property, Plant & Equip",BS_GROSS_FIX_ASSET,14356,15333,16385,17860,18885,18748,30097,31514,33145,34370,35458,36436,36860,38320,39907,41697,43448,45654,47915,50210,51908,54444,57279,59812,63214,66564,69058,70813,72805,76058,77030,79062,80927,83376
    - Accumulated Depreciation,BS_ACCUM_DEPR,4605,5282,5785,6419,6614,4643,5053,5537,6206,6851,7262,7644,7856,8037,8893,9722,10575,11496,12214,13008,13655,14510,15282,16063,16942,17698,18669,19208,20126,20330,21259,22404,23217,24335
  + LT Investments & Receivables,BS_LT_INVEST,146,187,187,170,662,1447,226,181,171,96,96,61,50,38,767,806,12,923,974,1036,1137,1175,1259,1321,1390,1410,1457,1809,1912,2050,2164,2241,2375,2605
    + LT Investments,BS_LONG_TERM_INVESTMENTS,,,,,,,,,,,,,,,,,,,,1036,1137,1175,1259,1321,1390,1410,1457,1809,1912,2050,2164,2241,2375,2605
    + LT Receivables,BS_LT_RECEIVABLES,,,,,,,,,,,,,,,,,,,,,,,,,,,,,,,,,,
  + Other LT Assets,BS_OTHER_ASSETS_DEF_CHRG_OTHER,1926,1920,1930,2008,1187,2215,1310,1191,762,959,922,1156,1812,1050,518,514,1219,358,234,266,266,260,283,671,375,194,276,386,393,436,249,1075,1412,1338
    + Total Intangible Assets,BS_DISCLOSED_INTANGIBLES,,,,,,,,619,0,0,0,0,0,0,0,0,0,0,0,0,0,0,0,0,0,0,0,0,0,0,0,0,0,0
    + Goodwill,BS_GOODWILL,,,,,,,,619,,0,0,0,0,0,0,,,0,0,0,0,0,0,0,0,0,0,0,0,0,0,0,0,0
    + Other Intangible Assets,OTHER_INTANGIBLE_ASSETS_DETAILED,,,,,,,,0,,0,0,0,0,0,0,,,0,0,0,0,0,0,0,0,0,0,0,0,0,0,0,0,0
    + Prepaid Expense,BS_PREPAID_EXPENSE_LT,,,,,,,,,,,,,,,,,,,,,,,,,,,,,,,,,,
    + Deferred Tax Assets,BS_DEFERRED_TAX_ASSETS_LT,,,,,,,,,,,,,,,,,,,,,,,,,,,,,,,,,,
    + Derivative & Hedging Assets,BS_DERIV_HEDGING_ASST_LT,,,,,,,,,,,,,,,,,,,,0,0,0,0,0,0,0,0,0,0,0,0,0,,
    + Investments in Affiliates,BS_INVEST_IN_ASSOC_CO,,,,,,,,443,520,657,644,708,649,688,,,865,,,,,,,,,,,,,,,,,
    + Misc LT Assets,OTHER_NONCURRENT_ASSETS_DETAILED,1926,1920,1930,2008,1187,2215,1310,129,242,302,278,448,1163,362,518,514,354,358,234,265,265,260,282,307,374,193,209,190,221,233,241,268,379,414
Total Noncurrent Assets,BS_TOT_NON_CUR_ASSET,11823,12158,12717,13619,14120,17767,26580,27349,27872,28574,29214,30009,30866,31371,32299,33295,34104,35439,36909,38504,39656,41369,43539,45741,48037,50470,52122,53800,54984,58214,58184,59974,61497,62984
Total Assets,BS_TOT_ASSET,13078,13326,14098,15001,15942,19446,27914,28764,29374,29888,30917,31551,32764,33460,34589,35620,36515,38033,39722,42184,43088,45096,47153,49731,52716,54600,55718,57806,59147,61673,62398,63525,65449,67132
,,#N/A Mandatory parameter [FIELDS] cannot be empty,,,,,,,,,,,,,,,,,,,,,,,,,,,,,,,,,
Cash from Operating Activities,,#N/A Mandatory parameter [FIELDS] cannot be empty,,,,,,,,,,,,,,,,,,,,,,,,,,,,,,,,,
  + Net Income,CF_NET_INC,618,64,728,530,546,946,904,432,-633,810,842,966,1341,1585,604,1026,1606,1855,2338,1890,2780,3292,3943,4388,5180,4772,4233,10712,5966,5919,5349,6523,6998,6379
Cash from Operating Activities,CF_CASH_FROM_OPER,1467,1392,1660,1563,1909,1454,1657,1600,565,1869,2053,1992,2199,2422,2257,2595,2880,3277,4070,3204,4105,5873,6161,6823,7385,7344,7525,7230,8686,8609,8540,9032,9362,8379
,,#N/A Mandatory parameter [FIELDS] cannot be empty,,,,,,,,,,,,,,,,,,,,,,,,,,,,,,,,,
Cash from Investing Activities,,#N/A Mandatory parameter [FIELDS] cannot be empty,,,,,,,,,,,,,,,,,,,,,,,,,,,,,,,,,
  + Change in Fixed & Intang,FIXED_INTANG_ASST_CHANGE,-1206,-1231,-1567,-1478,-1236,-890,-1246,-2101,-2111,-1834,-1783,-1736,-1285,-1602,-1731,-1984,-2109,-2374,-2392,-2167,-2415,-3068,-3658,-3398,-4208,-4399,-3376,-3070,-3374,-3379,-2778,-2758,-3426,-3606
    + Disp in Fixed & Intang,DISPOSAL_OF_FIXED_INTANG,,,,96,361,168,114,0,0,0,0,0,409,150,145,185,133,122,388,187,67,108,80,98,138,251,129,168,63,74,149,178,194,0
    + Acq of Fixed & Intang,ACQUIS_OF_FIXED_INTANG,-1206,-1231,-1567,-1574,-1597,-1058,-1360,-2101,-2111,-1834,-1783,-1736,-1694,-1752,-1876,-2169,-2242,-2496,-2780,-2354,-2482,-3176,-3738,-3496,-4346,-4650,-3505,-3238,-3437,-3453,-2927,-2936,-3620,-3606
  + Net Change in LT Investment,NET_CHG_IN_LT_INVEST_DETAILED,,,,0,0,0,0,0,0,0,0,0,0,0,0,0,0,0,0,0,0,0,0,0,0,0,0,0,0,0,0,0,0,0
    + Dec in LT Investment,CF_DECR_INVEST,,,,0,0,0,0,0,0,0,0,0,0,0,0,0,0,0,0,0,0,0,0,0,0,0,0,0,0,0,0,0,0,0
    + Inc in LT Investment,CF_INCR_INVEST,,,,0,0,0,0,0,0,0,0,0,0,0,0,0,0,0,0,0,0,0,0,0,0,0,0,0,0,0,0,0,0,0
  + Net Cash From Acq & Div,CF_NT_CSH_RCVD_PD_FOR_ACQUIS_DIV,,,,,,,,,,,,,,,,,,,,-100,0,-85,-274,0,0,0,0,0,0,0,0,0,0,0
    + Cash from Divestitures,CF_CASH_FOR_DIVESTITURES,,,,,,,,,,,,,,,,,,,,0,0,0,0,0,0,0,0,0,0,0,0,0,0,0
    + Cash for Acq of Subs,CF_CASH_FOR_ACQUIS_SUBSIDIARIES,,,,,,,,,,,,,,,,,,,,-100,0,-85,-274,0,0,0,0,0,0,0,0,0,0,0
    + Cash for JVs,CF_CASH_FOR_JOINT_VENTURES_ASSOC,,,,,,,,,,,,,,,,,,,,0,0,0,0,0,0,0,0,0,0,0,0,0,0,0
  + Other Investing Activities,OTHER_INVESTING_ACT_DETAILED,-68,94,220,-75,-725,-1679,152,329,213,220,146,192,-51,746,-1,-63,67,-52,-372,122,-73,34,299,-7,-41,-77,-17,-16,-37,-56,102,49,-45,-61
  + Net Cash From Disc Ops,CF_NET_CASH_DISCONTINUED_OPS_INV,,,,,,,,,,,,,,,,,,,,0,0,0,0,0,0,0,0,0,0,0,0,0,0,0
Cash from Investing Activities,CF_CASH_FROM_INV_ACT,-1274,-1137,-1347,-1553,-1961,-2569,-1094,-1772,-1898,-1614,-1637,-1544,-1336,-856,-1732,-2047,-2042,-2426,-2764,-2145,-2488,-3119,-3633,-3405,-4249,-4476,-3393,-3086,-3411,-3435,-2676,-2709,-3471,-3667
,,#N/A Mandatory parameter [FIELDS] cannot be empty,,,,,,,,,,,,,,,,,,,,,,,,,,,,,,,,,
Cash from Financing Activities,,#N/A Mandatory parameter [FIELDS] cannot be empty,,,,,,,,,,,,,,,,,,,,,,,,,,,,,,,,,
  + Dividends Paid,CF_DVD_PAID,-232,-257,-282,-309,-334,-353,-353,-422,-255,-198,-199,-198,-201,-234,-310,-314,-322,-364,-481,-544,-602,-837,-1146,-1333,-1632,-2344,-1879,-1982,-2299,-2598,-2626,-2800,-3159,-3173
  + Cash From (Repayment) Debt,PROC_FR_REPAYMNTS_BOR_DETAILED,83,-23,75,177,395,744,-306,520,1691,-55,-287,-242,-548,-1388,-588,-699,-657,789,1049,-28,-518,-204,-63,803,1878,2772,970,1895,5156,3169,1951,2902,3789,-591
  + Cash (Repurchase) of Equity,PROC_FR_REPURCH_EQTY_DETAILED,-62,0,-5,-10,-1,844,0,0,0,0,0,0,150,216,80,262,189,-1228,-1500,0,-1249,-1418,-1474,-2218,-3225,-3465,-3105,-4013,-8225,-5804,-3705,-7291,-6282,-705
    + Increase in Capital Stock,CF_INCR_CAP_STOCK,0,0,0,0,0,844,0,0,0,0,0,0,150,216,80,262,189,147,137,0,0,0,0,0,0,0,0,0,0,0,0,0,0,0
    + Decrease in Capital Stock,CF_DECR_CAP_STOCK,-62,0,-5,-10,-1,0,0,0,0,0,0,0,0,0,0,0,0,-1375,-1637,0,-1249,-1418,-1474,-2218,-3225,-3465,-3105,-4013,-8225,-5804,-3705,-7291,-6282,-705
  + Other Financing Activities,OTHER_FIN_AND_DEC_CAP,0,0,0,0,0,-5,57,-27,-17,-3,0,0,0,0,743,-1,6,3,-3,114,-12,-164,1,-301,-3,-26,-232,-46,146,-413,-522,31,-235,-156
  + Net Cash From Disc Ops,CF_NET_CASH_DISCONTINUED_OPS_FIN,,,,,,,,,,,,,,,,,,,,0,0,0,0,0,0,0,0,0,0,0,0,0,0,0
Cash from Financing Activities,CFF_ACTIVITIES_DETAILED,-211,-280,-212,-142,60,1230,-602,71,1419,-256,-486,-440,-599,-1406,-75,-752,-784,-800,-935,-458,-2381,-2623,-2682,-3049,-2982,-3063,-4246,-4146,-5222,-5646,-4902,-7158,-5887,-4625
,,#N/A Mandatory parameter [FIELDS] cannot be empty,,,,,,,,,,,,,,,,,,,,,,,,,,,,,,,,,
  Effect of Foreign Exchange Rates,CF_EFFECT_FOREIGN_EXCHANGES,,,,,,,,,,,,,,,,,,,,0,0,0,0,0,0,0,0,0,0,0,0,0,0,0
,,#N/A Mandatory parameter [FIELDS] cannot be empty,,,,,,,,,,,,,,,,,,,,,,,,,,,,,,,,,
Net Changes in Cash,CF_NET_CHNG_CASH,-18,-25,101,-132,8,115,-39,-101,86,-1,-70,8,264,160,450,-204,54,51,371,601,-764,131,-154,369,154,-195,-114,-2,53,-472,962,-835,4,87
,,#N/A Mandatory parameter [FIELDS] cannot be empty,,,,,,,,,,,,,,,,,,,,,,,,,,,,,,,,,
Cash Paid for Taxes,CF_CASH_PAID_FOR_TAX,,,,,,,108,64,-103,-110,25,77,134,51,-187,29,549,839,699,452,936,625,1552,1656,2492,2156,1347,2112,1205,1382,1214,-1658,-2060,-1486
,,#N/A Mandatory parameter [FIELDS] cannot be empty,,,,,,,,,,,,,,,,,,,,,,,,,,,,,,,,,
Reference Items,,#N/A Mandatory parameter [FIELDS] cannot be empty,,,,,,,,,,,,,,,,,,,,,,,,,,,,,,,,,
Net Cash Paid for Acquisitions,CF_NET_CASH_PAID_FOR_AQUIS,,,,,,,,,,,0,80,,,,,536,621,463,100,0,85,274,,,,,,,,,,,
Free Cash Flow,CF_FREE_CASH_FLOW,261,161,93,-11,312,396,297,-501,-1546,35,270,256,505,670,381,426,638,781,1290,850,1623,2697,2423,3327,3039,2694,4020,3992,5249,5156,5613,6096,5742,4773
Free Cash Flow to Firm,CF_FREE_CASH_FLOW_FIRM,507.6807,382.7143,331.0381,186.7662,538.8414,694.5531,626.9488,-114.3728,,512.4867,734.7069,697.726,916.0437,1040.2773,752.8551,786.1003,941.3909,1078.1452,1616.7828,1231.3046,2000.5231,3054.7173,2756.8881,3654.4813,3387.3136,3081.6938,4456.6884,,5919.5103,5958.2396,6487.3852,6986.1995,6722.4297,5811.2437
Free Cash Flow to Equity,FREE_CASH_FLOW_EQUITY,344,138,168,262,1068,1308,105,19,1645,-20,-17,14,,,-62,,,,2727,1009,1172,2601,2440,4228,5055,5717,5119,6055,10468,8399,7713,9176,9725,4182
Free Cash Flow per Basic Share,FREE_CASH_FLOW_PER_SH,0.3255,0.1992,0.114,-0.0134,0.3794,0.4814,0.3426,-0.5098,-1.5711,0.0355,0.2738,0.2581,0.5008,0.6584,0.3676,0.4043,0.5921,0.7343,1.2632,0.8449,1.6289,2.7764,2.5608,3.5909,3.3876,3.1101,4.8294,5,6.9903,7.3291,8.2873,9.324,9.2211,7.8349
Price to Free Cash Flow,PX_TO_FREE_CASH_FLOW,18.2771,43.7603,86.427,92.8905,20.1503,23.0981,43.869,45.6475,,307.8097,46.3329,55.2188,29.8876,26.3817,45.7335,49.7801,38.8561,42.7687,18.9199,37.8138,28.4431,19.0786,24.5473,23.3922,35.1667,25.1436,21.4685,26.82,19.7746,24.6675,25.1251,27.0197,22.456,31.3496
Cash Flow to Net Income,CASH_FLOW_TO_NET_INC,2.3738,21.75,2.2802,2.9491,3.4963,1.537,1.833,3.7037,,2.3074,2.4382,2.0621,1.6398,1.5281,3.7368,2.5292,1.7933,1.7666,1.7408,1.6952,1.4766,1.784,1.5625,1.5549,1.4257,1.539,1.7777,0.6749,1.4559,1.4545,1.5966,1.3846,1.3378,1.3135
,,#N/A Mandatory parameter [FIELDS] cannot be empty,,,,,,,,,,,,,,,,,,,,,,,,,,,,,,,,,
Revenue,SALES_REV_TURN,6964,7029,7294,7561,7798,7486,8786,11079,10514,11237,11878,11973,11159,11551,12215,13578,15578,16283,17970,14143,16965,19557,20926,21963,23988,21813,19941,21240,22832,21708,19533,21804,24875,24119
    + Sales & Services Revenue,IS_SALES_AND_SERVICES_REVENUES,,,,,,,,,,,,,,,,,,,,13373,16069,18508,19686,20684,22560,20397,18601,19837,21384,20243,18251,20244,23159,22571
  - Cost of Revenue,IS_COGS_TO_FE_AND_PP_AND_G,,,,,,,,1676,1221,965,940,915,,,,,,,,,,,,,,,,,,,,,,
    + Cost of Goods & Services,IS_COG_AND_SERVICES_SOLD,,,,,,,,,,,,,,,,,,,,,,,,,,,,,,,,,,
Gross Profit,GROSS_PROFIT,,,,,,,,9403,9293,10272,10938,11058,,,,,,,,,,,,,,,,,,,,,,
  + Other Operating Income,IS_OTHER_OPER_INC,,,,,,,,0,0,0,0,0,0,0,0,0,0,0,0,0,0,0,0,0,0,0,0,0,0,0,0,0,0,0
  - Operating Expenses,IS_OPERATING_EXPN,5727,5781,5979,6072,6203,6244,7354,9935,10138,9433,9975,9901,8906,6442,10920,11783,12694,12908,13895,10764,11984,13833,14181,14517,15235,13761,12698,13134,14315,13154,11699,12466,14958,15037
"    + Selling, General & Admin",IS_SGA_EXPENSE,,,,,,,,,,,,,,,,,,,,,,,,,,,,,,,,,,
    + Selling & Marketing,IS_SELLING_EXPENSES,,,,,,,,,,,,,,,,,,,,,,,,,,,,,,,,,,
    + General & Administrative,IS_GENERAL_AND_ADMINISTRATIVE,,,,,,,,,,,,,,,,,,,,,,,,,,,,,,,,,,
    + Research & Development,IS_OPERATING_EXPENSES_RD,,,,,,,,,,,,,,,,,,,,0,0,,0,,0,0,0,0,0,0,0,,,0
    + Other Operating Expense,IS_OTHER_OPERATING_EXPENSES,,,,,,,,,,,,,,,,,,,,9337,10497,12216,12421,12740,13331,11749,10660,11029,12124,10938,9489,10258,12712,12719
Operating Income (Loss),IS_OPER_INC,1237,1248,1315,1489,1595,1242,1432,1144,376,1804,1903,2072,2253,2133,1295,1795,2884,3375,4075,3379,4981,5724,6745,7446,8753,8052,7243,8106,8517,8554,7834,9338,9917,9082
  - Non-Operating (Income) Loss,IS_NONOP_INCOME_LOSS,,,,,,,,,,,,,,,,,,,,405,548,460,427,398,410,396,477,474,776,807,854,860,845,849
"    + Interest Expense, Net",IS_NET_INTEREST_EXPENSE,,,,,,,,,,715,712,689,618,566,517,487,448,432,490,595,598,569,532,522,557,617,687,703,840,1018,1129,1152,,1340
    + Interest Expense,IS_INT_EXPENSE,380,388,360,324,336,450,501,605,714,733,723,701,632,574,527,504,477,482,511,600,602,572,535,526,561,622,698,719,870,1050,1141,1157,1271,1340
    - Interest Income,IS_INT_INC,,,,,,,,,,18,11,12,14,8,10,17,29,50,21,5,4,3,3,4,4,5,11,16,30,32,12,5,,0
    + Other Investment (Inc) Loss,IS_OTHER_INVESTMENT_INCOME_LOSS,,,,,,,,,,,,,,,,,,,,,,,,,,,,,,,,,,
    + (Income) Loss from Affiliates,INCOME_LOSS_FROM_AFFILIATES,,,,,,,,,,,,,,,,,,,,0,,0,0,0,0,,,,,,,,,
    + Other Non-Op (Income) Loss,IS_OTHER_NON_OPERATING_INC_LOSS,,,,,,,,,,,,,,,,,,,,-190,-50,-109,-105,-124,-147,-221,-210,-229,-64,-211,-275,-292,-426,-491
"Pretax Income (Loss), Adjusted",PRETAX_INC,952,112,1101,1155,1419,933,1113,676,-696,1202,1310,1533,1945,1637,856,1436,2525,3009,3656,2974,4433,5264,6318,7048,8343,7656,6766,7632,7741,7747,6980,8478,9072,8233
  - Abnormal Losses (Gains),IS_ABNORMAL_ITEM,,,,,,,,447.9,575.3,63,115,0,-207.6,0,154,-118,0,0,0,-162,-4,-38,-29,-32,-69,-144,-94,-164,78,-20,209,-134,92,0
    + Abnormal Derivatives,IS_DERIVATIVES_HEDGING,,,,,,,,,,,,,,,,,,,,,,,,,,,,,,,,,,
    + Disposal of Assets,IS_GAIN_LOSS_DISPOSAL_ASSETS,,,,,,,,,,,,,,,,,,,,-162,-25,-43,-29,-32,-69,-144,-94,-111,-30,-20,-69,-98,,
    + Asset Write-Down,IS_IMPAIRMENT_ASSETS,,,,,,,,,,,,,,,,,,,,,,,,,,,,,,,278,,,
    + Impairment of Intangibles,IS_IMPAIR_OF_INTANG_ASSETS,,,,,,,,,,,,,,,,,,,,,,,,,,,,,,,,,,
    + Gain/Loss on Sale/Acquisition of Business,IS_SALE_OF_BUSINESS,,,,,,,,,,,,,,,,,,,,,,,,,,,,,,,,,,
    + Legal Settlement,IS_LEGAL_LITIGATION_SETTLEMENT,,,,,,,,,,,,,,,,,,,,,,,,,,,,-65,,,,,,
    + Sale of Investments,IS_GAIN_LOSS_ON_INVESTMENTS,,,,,,,,,,,,,,,,,,,,,,,,,,,,,,,,,,
    + Other Abnormal Items,IS_OTHER_ONE_TIME_ITEMS,,,,,,,,,,,,,,,,,,,,,,,,,,,,,,,,,,
"Pretax Income (Loss), GAAP",PRETAX_INC,952,112,1101,1155,1419,933,1113,676,-696,1202,1310,1533,1945,1637,856,1436,2525,3009,3656,2974,4433,5264,6318,7048,8343,7656,6766,7632,7741,7747,6980,8478,9072,8233
  - Income Tax Expense (Benefit),IS_INC_TAX_EXP,334,48,373,450,461,314,380,244,-63,419,468,567,680,581,252,410,919,1154,1318,1084,1653,1972,2375,2660,3163,2884,2533,-3080,1775,1828,1631,1955,2074,1854
Income (Loss) from Cont Ops,IS_INC_BEF_XO_ITEM,618,64,728,705,958,619,733,432,-633,783,842,966,1265,1056,604,1026,1606,1855,2338,1890,2780,3292,3943,4388,5180,4772,4233,10712,5966,5919,5349,6523,6998,6379
  - Net Extraordinary Losses (Gains),XO_GL_NET_OF_TAX,0,0,0,175,412,-327,-171,0,0,-27,0,0,-76,-529,,,,0,0,0,0,0,0,0,0,0,0,0,0,0,0,0,0,0
    + Discontinued Operations,IS_DISCONTINUED_OPERATIONS,,,,,,,,,,,,,,,,,,,,0,0,0,0,0,0,0,0,0,0,0,0,0,0,0
    + XO & Accounting Changes,EXTRAORD_ITEMS_ACCOUNTING_CHANGS,,,,,,,,,,,,,,,,,,,,0,0,0,0,0,0,0,0,0,0,0,0,0,0,0
Income (Loss) Incl. MI,NI_INCLUDING_MINORITY_INT_RATIO,618,64,728,530,546,946,904,432,-633,810,842,966,1341,1585,604,1026,1606,1855,2338,1890,2780,3292,3943,4388,5180,4772,4233,10712,5966,5919,5349,6523,6998,6379
  - Minority Interest,MIN_NONCONTROL_INTEREST_CREDITS,0,0,0,0,0,0,0,0,0,0,0,0,0,0,,,,0,0,0,0,0,0,0,0,0,0,0,0,0,0,0,0,0
"Net Income, GAAP",NET_INCOME,618,64,728,530,546,946,904,432,-633,810,842,966,1341,1585,604,1026,1606,1855,2338,1890,2780,3292,3943,4388,5180,4772,4233,10712,5966,5919,5349,6523,6998,6379
  - Preferred Dividends,IS_TOT_CASH_PFD_DVD,0,0,0,0,0,0,0,0,0,0,0,0,0,0,0,,,0,0,0,0,0,0,0,0,0,0,0,0,0,0,0,0,0
  - Other Adjustments,OTHER_ADJUSTMENTS,,,,,,,,,,,0,0,0,0,0,0,0,0,0,0,0,0,0,0,0,0,0,0,0,0,0,0,0,0
"Net Income Avail to Common, GAAP",EARN_FOR_COMMON,618,64,728,530,546,946,904,432,-633,810,842,966,1341,1585,604,1026,1606,1855,2338,1890,2780,3292,3943,4388,5180,4772,4233,10712,5966,5919,5349,6523,6998,6379
,,#N/A Mandatory parameter [FIELDS] cannot be empty,,,,,,,,,,,,,,,,,,,,,,,,,,,,,,,,,
"Net Income Avail to Common, Adj",EARN_FOR_COMMON,618,64,728,530,546,946,904,432,-633,810,842,966,1341,1585,604,1026,1606,1855,2338,1890,2780,3292,3943,4388,5180,4772,4233,10712,5966,5919,5349,6523,6998,6379
  Net Abnormal Losses (Gains),IS_NET_ABNORMAL_ITEMS,,,,,,,,,,,,,,,,,,,,-105.3,-2.6,-24.7,-18.85,-20.8,-44.85,-93.6,-61.1,-106.6,61.62,-15.8,161.463,-105.86,69,0
  Net Extraordinary Losses (Gains),XO_GL_NET_OF_TAX,0,0,0,175,412,-327,-171,0,0,-27,0,0,-76,-529,,,,0,0,0,0,0,0,0,0,0,0,0,0,0,0,0,0,0
,,#N/A Mandatory parameter [FIELDS] cannot be empty,,,,,,,,,,,,,,,,,,,,,,,,,,,,,,,,,
Basic Weighted Avg Shares,IS_AVG_NUM_SH_FOR_EPS,801.832,808.092,815.532,822,822.4,822.608,866.8,982.8,984,986.4,986,992,1008.4,1017.6,1036.4,1053.6,1077.6,1063.6,1021.2,1006,996.4,971.4,946.2,926.5,897.1,866.2,832.4,798.4,750.9,703.5,677.3,653.8,622.7,609.2
"Basic EPS, GAAP",IS_EPS,0.7713,0.0775,0.8925,0.645,0.665,1.15,1.0425,0.44,-0.6425,0.82,0.855,0.975,1.33,1.5575,0.5825,0.9725,1.49,1.7425,2.29,1.88,2.79,3.39,4.165,4.74,5.77,5.51,5.09,13.42,7.95,8.41,7.9,9.98,11.24,10.47
"Basic EPS from Cont Ops, GAAP",IS_EARN_BEF_XO_ITEMS_PER_SH,0.7713,0.0775,0.8925,0.8575,1.165,0.7525,0.845,0.44,-0.6425,0.7925,0.855,0.975,1.255,1.0375,0.5825,0.9725,1.49,1.7425,2.29,1.88,2.79,3.39,4.165,4.74,5.77,5.51,5.09,13.42,7.95,8.41,7.9,9.98,11.24,10.47
"Basic EPS from Cont Ops, Adjusted",IS_BASIC_EPS_CONT_OPS,0.7713,0.0775,0.8925,0.8575,1.165,,0.845,0.8925,-0.0575,0.855,0.9275,0.975,1.0493,1.0375,0.73,0.86,1.49,1.7425,2.29,1.7741,2.7874,3.3635,4.1473,4.7137,5.7242,5.4011,5.0119,13.2833,8.0272,8.3912,8.1359,9.8151,11.349,10.47
,,#N/A Mandatory parameter [FIELDS] cannot be empty,,,,,,,,,,,,,,,,,,,,,,,,,,,,,,,,,
Diluted Weighted Avg Shares,IS_SH_FOR_DILUTED_EPS,801.832,808.092,815.532,822,822.4,822.608,872,992.4,984,1079.2,1078,1087.6,1107.2,1072,1048.8,1066,1088,1073.6,1030,1011.6,1005.8,979.6,953,931.5,901.1,869.4,835.4,801.7,754.3,706.1,679.1,655.4,624,610.2
"Diluted EPS, GAAP",IS_DILUTED_EPS,0.7713,0.0775,0.8925,0.645,0.665,0.7525,1.035,0.435,-0.6425,0.805,0.835,0.9425,1.2625,1.51,0.575,0.9625,1.4775,1.7275,2.27,1.87,2.765,3.36,4.135,4.71,5.75,5.49,5.07,13.36,7.91,8.38,7.88,9.95,11.21,10.45
"Diluted EPS from Cont Ops, GAAP",IS_DIL_EPS_BEF_XO,0.7713,0.0775,0.8925,0.8575,1.165,0.7525,0.84,0.435,-0.6425,0.78,0.835,0.9425,1.195,1.0175,0.575,0.9625,1.4775,1.7275,2.27,1.87,2.765,3.36,4.135,4.71,5.75,5.49,5.07,13.36,7.91,8.38,7.88,9.95,11.21,10.45
"Diluted EPS from Cont Ops, Adjusted",IS_DIL_EPS_CONT_OPS,0.7713,0.0775,0.8925,0.8575,1.165,0.7525,0.84,0.8875,-0.0575,0.815,0.9025,0.9425,1.0075,1.0175,0.72,0.8525,1.4775,1.7275,2.27,1.7659,2.7624,3.3348,4.1152,4.6877,5.7002,5.3823,4.9969,13.227,7.9917,8.3576,8.1178,9.7885,11.3206,10.45
,,#N/A Mandatory parameter [FIELDS] cannot be empty,,,,,,,,,,,,,,,,,,,,,,,,,,,,,,,,,
Reference Items,,#N/A Mandatory parameter [FIELDS] cannot be empty,,,,,,,,,,,,,,,,,,,,,,,,,,,,,,,,,
Accounting Standard,ACCOUNTING_STANDARD,US GAAP,US GAAP,US GAAP,US GAAP,US GAAP,US GAAP,US GAAP,US GAAP,US GAAP,US GAAP,US GAAP,US GAAP,US GAAP,US GAAP,US GAAP,US GAAP,US GAAP,US GAAP,US GAAP,US GAAP,US GAAP,US GAAP,US GAAP,US GAAP,US GAAP,US GAAP,US GAAP,US GAAP,US GAAP,US GAAP,US GAAP,US GAAP,US GAAP,US GAAP
EBITDA,EBITDA,1934,1996,2224,2438,2600,1884,2194,2187,1446,2887,3043,3246,3400,3200,2406,2970,4121,4696,5462,4806,6468,7341,8505,9223,10657,10064,9281,10211,10708,11136,10361,11849,12501,11769
EBITDA Margin (T12M),EBITDA_MARGIN,27.7714,28.3966,30.4908,32.2444,33.3419,25.167,24.9715,19.74,13.7531,25.6919,25.6188,27.111,30.4687,27.7032,19.6971,21.8736,26.454,28.8399,30.3951,33.9815,38.1256,37.5364,40.6432,41.9934,44.4264,46.1376,46.5423,48.0744,46.8991,51.2991,53.0436,54.3432,50.2553,48.7956
EBIT,EBIT,1237,1248,1315,1489,1595,1242,1432,1144,376,1804,1903,2072,2253,2133,1295,1795,2884,3375,4075,3379,4981,5724,6745,7446,8753,8052,7243,8106,8517,8554,7834,9338,9917,9082
Gross Margin,GROSS_MARGIN,,,,,,,,84.8723,88.3869,91.4123,92.0862,92.3578,,,,,,,,,,,,,,,,,,,,,,
Operating Margin,OPER_MARGIN,17.7628,17.755,18.0285,19.6932,20.454,16.591,16.2987,10.3258,3.5762,16.0541,16.0212,17.3056,20.19,18.4659,10.6017,13.2199,18.5133,20.7271,22.6767,23.8917,29.3604,29.2683,32.2326,33.9025,36.4891,36.9138,36.3222,38.1638,37.3029,39.4048,40.1065,42.827,39.8673,37.655
Profit Margin,PROF_MARGIN,8.8742,0.9105,9.9808,7.0097,7.0018,12.6369,10.2891,3.8993,-6.0205,7.2083,7.0887,8.0682,12.0172,13.7218,4.9447,7.5563,10.3094,11.3922,13.0106,13.3635,16.3867,16.8328,18.8426,19.9791,21.5941,21.8769,21.2276,50.4331,26.13,27.2664,27.3844,29.9165,28.1327,26.448
Sales per Employee,ACTUAL_SALES_PER_EMPL,144113.5691,149267.3604,158430.8955,160872.3404,166268.6567,151232.3232,160328.4672,213057.6923,198377.3585,172876.9231,237560,249437.5,237425.5319,251108.6957,,,,325081.3552,372496.9943,324894.9025,395602.0894,,,472881.9033,508209.5718,519456.0869,464619.3993,,,579142.5446,630910.8527,678744.8637,809812.1561,765925.6907
,,#N/A Mandatory parameter [FIELDS] cannot be empty,,,,,,,,,,,,,,,,,,,,,,,,,,,,,,,,,
Returns,,#N/A Mandatory parameter [FIELDS] cannot be empty,,,,,,,,,,,,,,,,,,,,,,,,,,,,,,,,,
Return on Common Equity,RETURN_COM_EQY,15.0953,1.5166,16.5417,11.1298,10.9026,16.4593,12.3929,5.2523,-8.106,10.5236,10.1062,10.5938,13.2602,13.7796,4.8303,7.7839,11.0686,12.0076,15.0683,11.7217,16.0861,18.1173,20.5071,21.3518,24.4259,22.7829,20.8348,47.8342,26.3522,30.7074,30.4908,41.9229,53.1682,47.3378
Return on Assets,RETURN_ON_ASSET,4.84,0.4848,5.3092,3.6427,3.5291,5.3464,3.8176,1.5244,-2.1776,2.7336,2.7695,3.0928,4.1701,4.7868,1.7752,2.9227,4.4528,4.9767,6.0138,4.615,6.5203,7.4662,8.5486,9.0583,10.1125,8.8934,7.6742,18.8718,10.2024,9.798,8.6225,10.3603,10.8518,9.6228
Return on Capital,RETURN_ON_CAP,10.6044,3.4477,11.398,8.1739,8.2392,10.9967,8.4529,4.9621,,7.2076,7.13,7.4744,9.342,10.1056,4.7453,6.6148,8.8367,9.4894,11.1869,8.9031,11.7699,13.3962,15.1776,15.8036,17.42,15.2717,13.3721,29.136,15.6866,15.2799,13.7606,16.3035,17.2006,15.4386
Return on Invested Capital,RETURN_ON_INV_CAPITAL,7.7819,6.8045,8.1046,7.952,8.8656,5.685,4.8972,3.2519,,4.7155,4.5595,4.6872,5.3414,4.8847,3.0652,4.2699,5.9183,6.4238,7.7316,6.0071,8.2279,9.1507,10.2903,10.7037,11.7216,10.2618,8.8036,21.0937,12.0774,11.5349,10.2882,12.1948,12.6058,11.2945
,,#N/A Mandatory parameter [FIELDS] cannot be empty,,,,,,,,,,,,,,,,,,,,,,,,,,,,,,,,,
Margins,,#N/A Mandatory parameter [FIELDS] cannot be empty,,,,,,,,,,,,,,,,,,,,,,,,,,,,,,,,,
Gross Margin,GROSS_MARGIN,,,,,,,,84.8723,88.3869,91.4123,92.0862,92.3578,,,,,,,,,,,,,,,,,,,,,,
Operating Margin,OPER_MARGIN,17.7628,17.755,18.0285,19.6932,20.454,16.591,16.2987,10.3258,3.5762,16.0541,16.0212,17.3056,20.19,18.4659,10.6017,13.2199,18.5133,20.7271,22.6767,23.8917,29.3604,29.2683,32.2326,33.9025,36.4891,36.9138,36.3222,38.1638,37.3029,39.4048,40.1065,42.827,39.8673,37.655
Incremental Operating Margin,INCREMENTAL_OPERATING_MARGIN,15.4661,16.9231,25.283,65.1685,44.7257,-113.141,14.6154,,-135.9292,197.5104,15.4446,177.8947,,,,36.6838,54.45,69.6454,41.4938,-18.1866,56.7682,28.6651,74.58,67.5988,64.5432,-32.2299,-43.2158,66.4357,25.8166,,-33.1034,66.2263,18.8538,-110.4497
Pretax Margin,PRETAX_INC_TO_NET_SALES,13.6703,1.5934,15.0946,15.2758,18.197,12.4633,12.6679,6.1016,-6.6197,10.6968,11.0288,12.8038,17.4299,14.1719,7.0078,10.5759,16.2088,18.4794,20.345,21.0281,26.1303,26.9162,30.1921,32.0903,34.7799,35.0983,33.9301,35.9322,33.9042,35.6873,35.7344,38.8828,36.4704,34.1349
Income before XO Margin,INC_BEF_XO_ITEMS_TO_NET_SALES,8.8742,0.9105,9.9808,9.3242,12.2852,8.2688,8.3428,3.8993,-6.0205,6.9681,7.0887,8.0682,11.3361,9.1421,4.9447,7.5563,10.3094,11.3922,13.0106,13.3635,16.3867,16.8328,18.8426,19.9791,21.5941,21.8769,21.2276,50.4331,26.13,27.2664,27.3844,29.9165,28.1327,26.448
Net Income Margin,PROF_MARGIN,8.8742,0.9105,9.9808,7.0097,7.0018,12.6369,10.2891,3.8993,-6.0205,7.2083,7.0887,8.0682,12.0172,13.7218,4.9447,7.5563,10.3094,11.3922,13.0106,13.3635,16.3867,16.8328,18.8426,19.9791,21.5941,21.8769,21.2276,50.4331,26.13,27.2664,27.3844,29.9165,28.1327,26.448
Net Income to Common Margin,NET_INCOME_TO_COMMON_MARGIN,8.8742,0.9105,9.9808,7.0097,7.0018,12.6369,10.2891,3.8993,-6.0205,7.2083,7.0887,8.0682,12.0172,13.7218,4.9447,7.5563,10.3094,11.3922,13.0106,13.3635,16.3867,16.8328,18.8426,19.9791,21.5941,21.8769,21.2276,50.4331,26.13,27.2664,27.3844,29.9165,28.1327,26.448
,,#N/A Mandatory parameter [FIELDS] cannot be empty,,,,,,,,,,,,,,,,,,,,,,,,,,,,,,,,,
Additional,,#N/A Mandatory parameter [FIELDS] cannot be empty,,,,,,,,,,,,,,,,,,,,,,,,,,,,,,,,,
Effective Tax Rate,EFF_TAX_RATE,35.084,42.8571,33.8783,38.961,32.4877,33.6549,34.142,36.0947,,34.8586,35.7252,36.9863,34.9614,35.4918,29.4393,28.5515,36.396,38.3516,36.0503,36.4492,37.2885,37.462,37.591,37.7412,37.912,37.6698,37.4372,,22.9299,23.5962,23.3668,23.0597,22.8616,22.5191
,,#N/A Mandatory parameter [FIELDS] cannot be empty,,,,,,,,,,,,,,,,,,,,,,,,,,,,,,,,,
ESG Financial Materiality Scores,,#N/A Mandatory parameter [FIELDS] cannot be empty,,,,,,,,,,,,,,,,,,,,,,,,,,,,,,,,,
BESG ESG Score,ESG_SCORE,,,,,,,,,,,,,,,,,,,,,,,,,,3.96,3.95,4.07,4.5,4.52,4.53,4.93,4.97,
BESG Environmental Pillar Score,ENVIRONMENTAL_SCORE,,,,,,,,,,,,,,,,,,,,,,,,,,4.44,4.44,4.51,5.21,5.24,5.25,5.37,5.49,
BESG Social Pillar Score,SOCIAL_SCORE,,,,,,,,,,,,,,,,,,,,,,,,,,1.6,1.64,1.62,2.05,2.07,2.11,2.99,2.89,
BESG Governance Pillar Score,GOVERNANCE_SCORE,,,,,,,,,,,,,,,,,,,,,,,,,,7.25,7.09,7.63,7.42,7.4,7.34,7.25,7.41,
,,#N/A Mandatory parameter [FIELDS] cannot be empty,,,,,,,,,,,,,,,,,,,,,,,,,,,,,,,,,
ESG Disclosure Scores,,#N/A Mandatory parameter [FIELDS] cannot be empty,,,,,,,,,,,,,,,,,,,,,,,,,,,,,,,,,
ESG Disclosure Score,ESG_DISCLOSURE_SCORE,,,,,,,,,,,,,,,,,,29.9266,29.9266,32.8941,33.4976,38.9699,41.5351,48.2949,48.2949,49.2908,49.2908,50.9607,59.0685,62.6295,64.1485,65.0136,72.8398,
Environmental Disclosure Score,ENVIRON_DISCLOSURE_SCORE,,,,,,,,,,,,,,,,,,1.1477,1.1477,1.9027,1.9027,15.1918,21.2021,35.5784,35.5784,35.5784,35.5784,36.424,45.7868,56.4784,61.039,61.039,69.9487,
Social Disclosure Score,SOCIAL_DISCLOSURE_SCORE,,,,,,,,,,,,,,,,,,7.9202,7.9202,13.5732,15.3869,18.5308,17.7146,23.6397,23.6397,24.6675,24.6675,28.8392,43.8331,43.8331,43.8331,46.4329,54.7461,
Governance Disclosure Score,GOVNCE_DISCLOSURE_SCORE,,,,,,,,,,,,,,,,,,80.5238,80.5238,83.0223,83.0223,83.0223,85.5208,85.5208,85.5208,87.4774,87.4774,87.4774,87.4774,87.4774,87.4774,87.4774,93.7387,
,,#N/A Mandatory parameter [FIELDS] cannot be empty,,,,,,,,,,,,,,,,,,,,,,,,,,,,,,,,,
Environmental,,#N/A Mandatory parameter [FIELDS] cannot be empty,,,,,,,,,,,,,,,,,,,,,,,,,,,,,,,,,
Air Quality,,#N/A Mandatory parameter [FIELDS] cannot be empty,,,,,,,,,,,,,,,,,,,,,,,,,,,,,,,,,
Nitrogen Oxide Emissions,NOX_EMISSIONS,,,,,,,,,,,,,,,,,,,,,,,,,,,,,,,,,124.823,125.997
VOC Emissions,VOC_EMISSIONS,,,,,,,,,,,,,,,,,,,,,,,,,,,,,,,,,,
Particulate Emissions,PARTICULATE_EMISSIONS,,,,,,,,,,,,,,,,,,,,,,,,,,,,,,,,,3.06,3.035
Sulphur Dioxide / Sulphur Oxide Emissions,SULPHUR_DIOXIDE_SULPHUR_OXIDE_EM,,,,,,,,,,,,,,,,,,,,,,,,,,,,,,,,,0.048,0.048
,,#N/A Mandatory parameter [FIELDS] cannot be empty,,,,,,,,,,,,,,,,,,,,,,,,,,,,,,,,,
Climate Change,,#N/A Mandatory parameter [FIELDS] cannot be empty,,,,,,,,,,,,,,,,,,,,,,,,,,,,,,,,,
Emissions Reduction Initiatives,EMISSION_REDUCTION,,,,,,,,,,,,,,,,,,1,1,1,1,1,1,1,1,1,1,1,1,1,1,1,1,1
Transition Plan Claim,TRANSITION_PLAN_INDICATOR,,,,,,,,,,,,,,,,,,,,,,,,,,,,,,,,,1,1
Climate Change Policy,CLIMATE_CHG_POLICY,,,,,,,,,,,,,,,,,,0,0,1,1,1,1,1,1,1,1,1,1,1,1,1,1,1
Climate Change Opportunities Discussed,CLIMATE_CHG_OPPORTUNITIES,,,,,,,,,,,,,,,,,,0,0,0,0,0,0,0,0,0,0,0,0,0,0,0,0,
Risks of Climate Change Discussed,CLIMATE_RISKS,,,,,,,,,,,,,,,,,,1,1,1,1,1,1,1,1,1,1,1,1,1,1,1,1,1
GHG Scope 1,GHG_SCOPE_1,,,,,,,,,,,,,,,,,,,,,,11380.8,11149.8,11153.9,11850.5,10835,9913.87,10217,11313.9,10083.3,8896.95,9236.75,9266.47,9156.53
GHG Scope 2 Location-Based,GHG_SCOPE_2_LOCATION_BASED,,,,,,,,,,,,,,,,,,,,,,884.175,852.887,799.938,816.219,848.565,771.38,752.92,277.2,261.372,241.805,229.081,180.695,215.799
,,#N/A Mandatory parameter [FIELDS] cannot be empty,,,,,,,,,,,,,,,,,,,,,,,,,,,,,,,,,
Energy,,#N/A Mandatory parameter [FIELDS] cannot be empty,,,,,,,,,,,,,,,,,,,,,,,,,,,,,,,,,
Energy Efficiency Policy,ENERGY_EFFIC_POLICY,,,,,,,,,,,,,,,,,,0,0,1,1,1,1,1,1,1,1,1,1,1,1,1,1,1
Total Energy Consumption,ENERGY_CONSUMPTION,,,,,,,,,,,,,,,,,,,,,,47297.801,45600,45700,48400,44500,40600,41900,45300,40400,36400,37400,37400,37800
Electricity Used,ELECTRICITY_USED,,,,,,,,,,,,,,,,,,,,,,,603.5,652.9,627.1,669.4,648.9,682.9,706.7,661.5,679.323,585.568,578.241,
Fuel Used - Natural Gas,NAT_GAS_USED,,,,,,,,,,,,,,,,,,,,,,,28339.5,21571.801,20399.5,32436.9,16242.5,17185.5,29983.301,27210,27382.1,24825.1,25117.6,
Fuel Used - Crude Oil/Diesel,OIL_DIESEL_USED,,,,,,,,,,,,,,,,,,,,,,,4256.89,4278.47,4533.24,4167.55,3796.18,3910.51,4167.93,3767.79,3542.37,3626.63,42.61,
,,#N/A Mandatory parameter [FIELDS] cannot be empty,,,,,,,,,,,,,,,,,,,,,,,,,,,,,,,,,
Materials & Waste,,#N/A Mandatory parameter [FIELDS] cannot be empty,,,,,,,,,,,,,,,,,,,,,,,,,,,,,,,,,
Waste Reduction Policy,WASTE_REDUCTION,,,,,,,,,,,,,,,,,,1,1,1,1,1,1,1,1,1,1,1,1,1,1,1,1,1
Hazardous Waste,HAZARDOUS_WASTE,,,,,,,,,,,,,,,,,,,,,,,,,,,,,,2.038,1.454,0.103,2.015,6.538
Total Waste,TOTAL_WASTE,,,,,,,,,,,,,,,,,,,,,,1252.46,1120,1150,1050,943.471,1043.26,1133.98,1896.01,1300.33,1912.12,977.493,1072.46,1355.94
,,#N/A Mandatory parameter [FIELDS] cannot be empty,,,,,,,,,,,,,,,,,,,,,,,,,,,,,,,,,
Supply Chain,,#N/A Mandatory parameter [FIELDS] cannot be empty,,,,,,,,,,,,,,,,,,,,,,,,,,,,,,,,,
Environmental Supply Chain Management,ENVIRON_SUPPLY_MGT,,,,,,,,,,,,,,,,,,0,0,0,0,0,0,1,1,1,1,1,1,1,1,1,1,1
,,#N/A Mandatory parameter [FIELDS] cannot be empty,,,,,,,,,,,,,,,,,,,,,,,,,,,,,,,,,
Water,,#N/A Mandatory parameter [FIELDS] cannot be empty,,,,,,,,,,,,,,,,,,,,,,,,,,,,,,,,,
Water Policy,WATER_POLICY,,,,,,,,,,,,,,,,,,0,0,0,0,0,1,1,1,1,1,1,1,1,1,1,1,1
Total Water Withdrawal,TOTAL_WATER_WITHDRAWAL,,,,,,,,,,,,,,,,,,,,,,11432.5,10675.3,7192.61,6738.34,5829.8,4731.98,4315.57,4153,4517,3622,4148,6082,
Total Water Discharged,TOTAL_WATER_DISCHARGED,,,,,,,,,,,,,,,,,,,,,,,,,,,,,1878,2563,1764,1817,4461,1460
,,#N/A Mandatory parameter [FIELDS] cannot be empty,,,,,,,,,,,,,,,,,,,,,,,,,,,,,,,,,
Ecological & Biodiversity Impacts,,#N/A Mandatory parameter [FIELDS] cannot be empty,,,,,,,,,,,,,,,,,,,,,,,,,,,,,,,,,
Biodiversity Policy,BIODIVERSITY_POLICY,,,,,,,,,,,,,,,,,,0,0,0,0,0,0,0,0,0,0,1,1,1,1,1,1,1
Adopts TNFD Recommendations,ADOPT_TNFD_RECOMMENDATIONS,,,,,,,,,,,,,,,,,,,,,,,,,,,,,,,,0,0,
Zero Deforestation Policy,ZERO_DEFORESTATION_POLICY,,,,,,,,,,,,,,,,,,,,,,,,,,,,,,,,0,0,
Board Level Oversight of Biodiversity,BOARD_LEVEL_OVERSIGHT_BIODIV,,,,,,,,,,,,,,,,,,,,,,,,,,,,,,,,0,0,
Executive Level Oversight of Biodiversity,EXEC_LEVEL_OVERSIGHT_BIODIV,,,,,,,,,,,,,,,,,,,,,,,,,,,,,,,,0,1,
,,#N/A Mandatory parameter [FIELDS] cannot be empty,,,,,,,,,,,,,,,,,,,,,,,,,,,,,,,,,
Social,,#N/A Mandatory parameter [FIELDS] cannot be empty,,,,,,,,,,,,,,,,,,,,,,,,,,,,,,,,,
Community & Customers,,#N/A Mandatory parameter [FIELDS] cannot be empty,,,,,,,,,,,,,,,,,,,,,,,,,,,,,,,,,
Human Rights Policy,HUMAN_RIGHTS_POLICY,,,,,,,,,,,,,,,,,,0,0,0,0,0,0,0,0,1,1,1,1,1,1,1,1,1
Policy Against Child Labor,POLICY_AGAINST_CHILD_LABOR,,,,,,,,,,,,,,,,,,0,0,0,0,0,0,0,0,0,0,0,0,0,0,1,1,1
Quality Assurance and Recall Policy,QUALITY_ASSURANCE_AND_RECALL_POL,,,,,,,,,,,,,,,,,,,,,,,,,,0,0,0,0,0,0,0,0,
Consumer Data Protection Policy,CONSUMER_DATA_PROTECTION_POLICY,,,,,,,,,,,,,,,,,,,,,,,,,,0,0,0,1,1,1,1,1,1
Community Spending,COMMUNITY_SPENDING,,,,,,,,,,,,,,,,,,,,13,14,14,,,,,,18,20.137,22.175,26.794,22.535,24.1,22.21
Number of Customer Complaints,CUSTOMER_COMPLAINTS,,,,,,,,,,,,,,,,,,,,,,,,,,,,,,,,,,
,,#N/A Mandatory parameter [FIELDS] cannot be empty,,,,,,,,,,,,,,,,,,,,,,,,,,,,,,,,,
Diversity,,#N/A Mandatory parameter [FIELDS] cannot be empty,,,,,,,,,,,,,,,,,,,,,,,,,,,,,,,,,
Equal Opportunity Policy,EQUAL_OPPORTUNITY_POLICY,,,,,,,,,,,,,,,,,,0,0,1,1,1,1,1,1,1,1,1,1,1,1,1,1,1
Gender Pay Gap Breakout,GENDER_PAY_GAP_BREAKOUT,,,,,,,,,,,,,,,,,,,,,,,,,,0,0,0,0,0,0,0,1,1
Pct Women in Senior Management,PCT_WOMEN_SENIOR_MGT,,,,,,,,,,,,,,,,,,,,,,,,17,17,19,19,21,21,23,22,28,27,25
Pct Women in Middle and or Other Management,PCT_WOMEN_IN_MID_AND_OTHER_MGMT,,,,,,,,,,,,,,,,,,,,,,,,,,,,,23,23,21,21,21,21
Pct Women in Workforce,PCT_WOMEN_EMPLOYEES,,,,,,,,,,,,,,,,,,,,,,5,5,6,6,6,6,6,5.3,5.5,5.6,5.3,5.5,5.5
Pct Minorities in Workforce,PCT_MINORITY_EMPLOYEES,,,,,,,,,,,,,,,,,,,,,,,26,26,27,27,28,28,29,29,30,31.3,32.6,33.8
Pct Disabled in Workforce,PCT_DISABLED_IN_WORKFORCE,,,,,,,,,,,,,,,,,,,,,,,,,,,,,,,,2,2,2
,,#N/A Mandatory parameter [FIELDS] cannot be empty,,,,,,,,,,,,,,,,,,,,,,,,,,,,,,,,,
Ethics & Compliance,,#N/A Mandatory parameter [FIELDS] cannot be empty,,,,,,,,,,,,,,,,,,,,,,,,,,,,,,,,,
Business Ethics Policy,ETHICS_POLICY,,,,,,,,,,,,,,,,,,1,1,1,1,1,1,1,1,1,1,1,1,1,1,1,1,1
Anti-Bribery Ethics Policy,ANTI_BRIBERY_ETHICS_POLICY,,,,,,,,,,,,,,,,,,0,0,0,0,0,0,1,1,1,1,1,1,1,1,1,1,1
,,#N/A Mandatory parameter [FIELDS] cannot be empty,,,,,,,,,,,,,,,,,,,,,,,,,,,,,,,,,
Health & Safety,,#N/A Mandatory parameter [FIELDS] cannot be empty,,,,,,,,,,,,,,,,,,,,,,,,,,,,,,,,,
Health and Safety Policy,HEALTH_SAFETY_POLICY,,,,,,,,,,,,,,,,,,0,0,1,1,1,1,1,1,1,1,1,1,1,1,1,1,1
Fatalities - Employees,FATALITIES_EMPLOYEES,,,,,,,,,,,,,,,,,,,,,,,,,,,,,3,2,1,2,5,0
Lost Time Incident Rate - Employees,LOST_TIME_INCIDENT_RATE,,,,,,,,,,,,,,,,,,,,,,,,,,,,,0.12,0.134,0.142,0.136,0.176,0.15
,,#N/A Mandatory parameter [FIELDS] cannot be empty,,,,,,,,,,,,,,,,,,,,,,,,,,,,,,,,,
Human Capital,,#N/A Mandatory parameter [FIELDS] cannot be empty,,,,,,,,,,,,,,,,,,,,,,,,,,,,,,,,,
Training Policy,TRAINING_POLICY,,,,,,,,,,,,,,,,,,0,0,1,1,1,1,1,1,1,1,1,1,1,1,1,1,1
Fair Remuneration Policy,FAIR_REMUNERATION_POLICY,,,,,,,,,,,,,,,,,,0,0,0,0,0,0,0,0,0,0,0,0,0,0,0,0,
Number of Employees - CSR,NUMBER_EMPLOYEES_CSR,,,,,,,,,,,,,,,,,,50089,48242,43531,42884,45000,45928,46445,47201,47457,43000,41814,44312,36855,32204,32124,33179,32973
Employee Turnover Pct,EMPLOYEE_TURNOVER_PCT,,,,,,,,,,,,,,,,,,,,,,,,,,,,,9,11,12,12,10,10
Employee Training Cost,EMPLOYEE_TRAINING_COST,,,,,,,,,,,,,,,,,,,,,,,,,,,,,97.708,50.196,22.414,30.807,67.952,99.249
Total Hours Spent by Firm - Employee Training,TOT_HRS_SPENT_BY_FIRM_EMP_TRAIN,,,,,,,,,,,,,,,,,,,,,,,3000000,3353740,4218070,4618910,2687280,3104850,3146150,1216220,740692,931596,1567870,2308110
Company Discloses Employee Engagement Score,COMP_DISCLOSES_EMP_ENG_SCORE,,,,,,,,,,,,,,,,,,,,,,,,,,0,0,0,0,0,0,1,1,1
,,#N/A Mandatory parameter [FIELDS] cannot be empty,,,,,,,,,,,,,,,,,,,,,,,,,,,,,,,,,
Supply Chain,,#N/A Mandatory parameter [FIELDS] cannot be empty,,,,,,,,,,,,,,,,,,,,,,,,,,,,,,,,,
Social Supply Chain Management,SOCIAL_SUPPLY_CHAIN_MGMT,,,,,,,,,,,,,,,,,,0,0,0,0,0,1,1,1,1,1,1,1,1,1,1,1,1
,,#N/A Mandatory parameter [FIELDS] cannot be empty,,,,,,,,,,,,,,,,,,,,,,,,,,,,,,,,,
Governance,,#N/A Mandatory parameter [FIELDS] cannot be empty,,,,,,,,,,,,,,,,,,,,,,,,,,,,,,,,,
Audit Risk & Oversight,,#N/A Mandatory parameter [FIELDS] cannot be empty,,,,,,,,,,,,,,,,,,,,,,,,,,,,,,,,,
Years Auditor Employed,YEARS_AUDITOR_EMPLOYED,,,,,,,,,,,,,,,,,,,,,,,46,47,48,49,50,51,52,53,54,55,56,57
Size of Audit Committee,SIZE_OF_AUDIT_COMMITTEE,,,,,,,,,,,,,,,,,,4,5,5,5,5,5,5,5,5,5,5,5,6,5,5,5,4
Number of Independent Directors on Audit Committee,NUM_IND_DIR_ON_AUD_CMTE,,,,,,,,,,,,,,,,,,4,5,5,5,5,5,5,5,5,5,5,5,6,5,5,5,4
Audit Committee Meetings,AUDIT_COMMITTEE_MEETINGS,,,,,,,,,,,,,,,,,,12,10,9,11,10,9,9,9,9,11,10,12,10,10,10,11,10
Audit Committee Meeting Attendance Percentage,AUDIT_COMMITTEE_MTG_ATTEND_PCT,,,,,,,,,,,,,,,,,,95,97,98,86,75,75,99,99,100,96.3,99.5,99,75,75,75,75,75
,,#N/A Mandatory parameter [FIELDS] cannot be empty,,,,,,,,,,,,,,,,,,,,,,,,,,,,,,,,,
Board Composition,,#N/A Mandatory parameter [FIELDS] cannot be empty,,,,,,,,,,,,,,,,,,,,,,,,,,,,,,,,,
Company Conducts Board Evaluations,COMPANY_CONDUCTS_BRD_EVALUATIONS,,,,,,,,,,,,,,,,,,,,,,,,,,1,1,1,1,1,1,1,1,1
Board Size,BOARD_SIZE,,,,,,,,,,,,,,,,,,10,12,12,12,12,13,13,11,11,11,12,11,12,11,11,10,12
Number of Executives / Company Managers,NUM_EXECUTIVES_COMP_MANAGERS,,,,,,,,,,,,,,,,,,7,7,7,7,7,5,6,7,6,7,6,8,9,8,5,7,9
Number of Non Executive Directors on Board,NUM_OF_NONEXEC_DIR_ON_BRD,,,,,,,,,,,,,,,,,,9,11,11,11,11,11,11,10,10,10,11,10,11,10,10,9,11
Number of Board Meetings for the Year,BOARD_MEETINGS_PER_YR,,,,,,,,,,,,,,,,,,8,6,6,7,6,7,6,6,6,6,6,7,6,7,6,6,9
Board Meeting Attendance Pct,BOARD_MEETING_ATTENDANCE_PCT,,,,,,,,,,,,,,,,,,95,97,98,97,96,99,99,99,100,96.3,99.5,99,75,75,75,75,75
,,#N/A Mandatory parameter [FIELDS] cannot be empty,,,,,,,,,,,,,,,,,,,,,,,,,,,,,,,,,
Compensation,,#N/A Mandatory parameter [FIELDS] cannot be empty,,,,,,,,,,,,,,,,,,,,,,,,,,,,,,,,,
Company Has Executive Share Ownership Guidelines,COMP_HAS_EXEC_SH_OWNER_GUIDELNS,,,,,,,,,,,,,,,,,,,,,,,,,,1,1,1,1,1,1,1,1,1
Director Share Ownership Guidelines,DIRECTOR_SH_OWNERSHIP_GUIDELINES,,,,,,,,,,,,,,,,,,,,,,,,,,1,1,1,1,1,1,1,1,1
Size of Compensation Committee,SIZE_OF_COMPENSATION_COMMITTEE,,,,,,,,,,,,,,,,,,5,5,5,5,5,5,5,5,5,5,6,6,6,5,4,5,4
Num of Independent Directors on Compensation Cmte,NUM_IND_DIR_ON_CMPNSTN_CMTE,,,,,,,,,,,,,,,,,,5,5,5,5,5,5,5,5,5,5,6,6,6,5,4,5,4
Number of Compensation Committee Meetings,NUM_COMPENSATION_CMTE_MTG,,,,,,,,,,,,,,,,,,6,4,6,4,4,5,6,6,5,5,6,6,5,7,6,7,7
Compensation Committee Meeting Attendance %,COMPENSATION_CMTE_MTG_ATTEND_PCT,,,,,,,,,,,,,,,,,,95,97,98,86,75,75,99,99,100,96.3,99.5,99,75,75,75,75,75
,,#N/A Mandatory parameter [FIELDS] cannot be empty,,,,,,,,,,,,,,,,,,,,,,,,,,,,,,,,,
Diversity,,#N/A Mandatory parameter [FIELDS] cannot be empty,,,,,,,,,,,,,,,,,,,,,,,,,,,,,,,,,
Number of Female Executives,NUMBER_OF_FEMALE_EXECUTIVES,,,,,,,,,,,,,,,,,,1,1,1,1,1,1,2,2,1,2,2,2,2,2,2,2,2
Number of Women on Board,NUMBER_OF_WOMEN_ON_BOARD,,,,,,,,,,,,,,,,,,1,1,1,1,1,1,1,1,1,1,2,2,2,2,3,4,4
Age of the Youngest Director,AGE_OF_YOUNGEST_DIRECTOR,,,,,,,,,,,,,,,,,,55,55,56,57,58,59,60,61,62,54,51,52,53,54,59,60,60
Age of the Oldest Director,AGE_OF_OLDEST_DIRECTOR,,,,,,,,,,,,,,,,,,69,70,71,72,73,74,75,74,75,75,75,74,75,74,75,72,73
,,#N/A Mandatory parameter [FIELDS] cannot be empty,,,,,,,,,,,,,,,,,,,,,,,,,,,,,,,,,
Independence,,#N/A Mandatory parameter [FIELDS] cannot be empty,,,,,,,,,,,,,,,,,,,,,,,,,,,,,,,,,
Number of Independent Directors,INDEPENDENT_DIRECTORS,,,,,,,,,,,,,,,,,,9,11,11,11,11,11,11,10,10,10,11,10,11,10,10,9,11
,,#N/A Mandatory parameter [FIELDS] cannot be empty,,,,,,,,,,,,,,,,,,,,,,,,,,,,,,,,,
Nominations & Governance Oversight,,#N/A Mandatory parameter [FIELDS] cannot be empty,,,,,,,,,,,,,,,,,,,,,,,,,,,,,,,,,
Size of Nomination Committee,SIZE_OF_NOMINATION_COMMITTEE,,,,,,,,,,,,,,,,,,5,6,6,6,6,6,6,5,5,5,6,5,5,5,5,4,3
Num of Independent Directors on Nomination Cmte,NUM_IND_DIR_ON_NOM_CMTE,,,,,,,,,,,,,,,,,,5,6,6,6,6,6,6,5,5,5,6,5,5,5,5,4,3
Number of Nomination Committee Meetings,NUM_OF_NOMINATION_CMTE_MTG,,,,,,,,,,,,,,,,,,2,2,4,4,3,3,4,4,5,4,4,6,4,3,3,3,3
Nomination Committee Meeting Attendance Percentage,NOMINATION_CMTE_MTG_ATTEND_PCT,,,,,,,,,,,,,,,,,,95,97,98,86,75,75,99,99,100,96.3,99.5,99,75,75,75,75,75
,,#N/A Mandatory parameter [FIELDS] cannot be empty,,,,,,,,,,,,,,,,,,,,,,,,,,,,,,,,,
Sustainability Governance,,#N/A Mandatory parameter [FIELDS] cannot be empty,,,,,,,,,,,,,,,,,,,,,,,,,,,,,,,,,
Verification Type,VERIFICATION_TYPE,,,,,,,,,,,,,,,,,,0,0,0,0,0,0,0,0,0,0,0,0,0,0,0,1,
Employee CSR Training,EMPLOYEE_CSR_TRAINING,,,,,,,,,,,,,,,,,,0,0,0,0,0,0,0,0,0,0,0,0,0,0,0,0,
,,#N/A Mandatory parameter [FIELDS] cannot be empty,,,,,,,,,,,,,,,,,,,,,,,,,,,,,,,,,
Tenure,,#N/A Mandatory parameter [FIELDS] cannot be empty,,,,,,,,,,,,,,,,,,,,,,,,,,,,,,,,,
Board Duration (Years),BOARD_DURATION,,,,,,,,,,,,,,,,,,1,1,1,1,1,1,1,1,1,1,1,1,1,1,1,1,1
