CVX US Equity,"""=BDH($A$1, $B7, ""19900101"","""",""sort=a"",""dir=h"",""per=cy"")",Unnamed: 2,Unnamed: 3,Unnamed: 4,Unnamed: 5,Unnamed: 6,Unnamed: 7,Unnamed: 8,Unnamed: 9,Unnamed: 10,Unnamed: 11,Unnamed: 12,Unnamed: 13,Unnamed: 14,Unnamed: 15,Unnamed: 16,Unnamed: 17,Unnamed: 18,Unnamed: 19,Unnamed: 20,Unnamed: 21,Unnamed: 22,Unnamed: 23,Unnamed: 24,Unnamed: 25,Unnamed: 26,Unnamed: 27,Unnamed: 28,Unnamed: 29,Unnamed: 30,Unnamed: 31,Unnamed: 32,Unnamed: 33,Unnamed: 34,Unnamed: 35
,"""=""=BDH($A$1, B"" & ROW() & "", """"19900101"""","""""""",""""sort=a"""",""""dates=h"""",""""dir=h"""",""""per=cy"""")""",,,,,,,,,,,,,,,,,,,,,,,,,,,,,,,,,,
,,,,,,,,,,,,,,,,,,,,,,,,,,,,,,,,,,,
date,,,,,,,,,,,,,,,,,,,,,,,,,,,,,,,,,,,
,,,,,,,,,,,,,,,,,,,,,,,,,,,,,,,,,,,
date,,1990-12-31 00:00:00,1991-12-31 00:00:00,1992-12-31 00:00:00,1993-12-31 00:00:00,1994-12-30 00:00:00,1995-12-29 00:00:00,1996-12-31 00:00:00,1997-12-31 00:00:00,1998-12-31 00:00:00,1999-12-31 00:00:00,2000-12-29 00:00:00,2001-12-31 00:00:00,2002-12-31 00:00:00,2003-12-31 00:00:00,2004-12-31 00:00:00,2005-12-30 00:00:00,2006-12-29 00:00:00,2007-12-31 00:00:00,2008-12-31 00:00:00,2009-12-31 00:00:00,2010-12-31 00:00:00,2011-12-30 00:00:00,2012-12-31 00:00:00,2013-12-31 00:00:00,2014-12-31 00:00:00,2015-12-31 00:00:00,2016-12-30 00:00:00,2017-12-29 00:00:00,2018-12-31 00:00:00,2019-12-31 00:00:00,2020-12-31 00:00:00,2021-12-31 00:00:00,2022-12-30 00:00:00,2023-12-29 00:00:00
"  + Cash, Cash Equivalents & STI",CASH_CASH_EQTY_STI_DETAILED,1684,1485,1695,2016,1306,1394,1637,1670,1413,2032,3241,3150,3781,5267,10742,11144,11446,8094,9560,8822,14215,16113,21205,16508,13207,11332,7001,4822,9395,5749,5627,5675,17901,8223
    + Cash & Cash Equivalents,BS_CASH_NEAR_CASH_ITEM,1226,1040,1292,1644,413,621,892,1015,569,1345,2328,2117,2957,4266,9291,10043,10493,7362,9347,8716,14060,15864,20939,16245,12785,11022,6988,4813,9342,5686,5596,5640,17678,8178
    + ST Investments,BS_MKT_SEC_OTHER_ST_INVEST,458,445,403,372,893,773,745,655,844,687,913,1033,824,1001,1451,1101,953,732,213,106,155,249,266,263,422,310,13,9,53,63,31,35,223,45
  + Accounts & Notes Receiv,BS_ACCT_NOTE_RCV,5039,4373,4115,3808,3923,4014,4035,3374,2813,3688,10763,8279,9385,9722,12429,17184,17628,22446,15856,17703,20759,21793,20997,21622,16736,12860,14092,15353,15050,13325,11471,18419,20456,19921
"    + Accounts Receivable, Net",BS_ACCTS_REC_EXCL_NOTES_REC,,,,,,,,,,,,,,9722,12429,,,,,,,,,,,,,,,,,,,
"    + Notes Receivable, Net",NOTES_RECEIVABLE,,,,,,,,,,,,,,,,,,,,,,,,,,,,,,,,,,
  + Unbilled Revenues,BS_UNBILLED_REVENUES,,,,,,,,,,,,,,,,,,,,,,,,,,,,,,,,,,
  + Inventories,BS_INVENTORIES,2801,2465,2135,1801,1710,1598,1431,1378,1455,1402,2654,2948,2763,2648,2983,4121,4656,5310,6854,5529,5493,5543,6144,6380,6505,6334,5419,5585,5704,5848,5676,6795,8247,8612
    + Raw Materials,INVTRY_RAW_MATERIALS,,,,,,,,839,855,291,685,741,744,645,173,,,1307,1679,0,0,0,0,0,467,490,455,476,487,492,457,565,515,406
    + Work In Process,INVTRY_IN_PROGRESS,,,,,,,,,0,,0,0,0,0,0,0,0,0,0,0,0,0,0,0,0,0,0,0,0,0,0,0,0,0
    + Finished Goods,INVTRY_FINISHED_GOODS,,,,,,,,539,600,1111,1969,2207,2019,2003,2324,3182,3586,4003,5175,3680,3589,3420,3923,3879,3854,3535,2720,3142,3383,3722,3576,4248,5866,6059
    + Other Inventory,BS_OTHER_INV,,,,,,,,,0,,0,532,0,0,486,-3907,-4940,0,0,1849,1904,2123,2221,2501,2184,2309,2244,1967,1834,1634,1643,1982,1866,2147
  + Other ST Assets,OTHER_CURRENT_ASSETS_DETAILED,565,708,827,1057,652,861,839,584,616,1175,1255,3950,1847,1789,2349,1887,2574,3527,4200,5162,8374,9785,7374,5740,5784,3904,3107,2800,3872,3407,3304,2849,3739,4372
    + Prepaid Expenses,BS_PREPAY,,,,,,,,,,,,,,,,,,,,,,,,,,,,,,,,,,
    + Derivative & Hedging Assets,BS_DERIV_HEDGING_ASST_ST,,,,,,,,,,,,,,,,,,,,99,58,133,57,22,802,200,30,22,279,11,73,251,175,151
    + Taxes Receivable,BS_TAXES_RECEIVABLE_SHORT_TERM,,,,,,,,,,,,,,,,,,,,,,,,,,,,,,,,,,
    + Misc ST Assets,BS_OTHER_CUR_ASSET_LESS_PREPAY,,,,,,,,,,,,,,,,,,,,5063,8316,9652,7317,5718,3911,3704,3077,2778,3593,3396,3231,2598,3564,4221
Total Current Assets,BS_CUR_ASSET_REPORT,10089,9031,8772,8682,7591,7867,7942,7006,6297,8297,17913,18327,17776,19426,28503,34336,36304,39377,36470,37216,48841,53234,55720,50250,42232,34430,29619,28560,34021,28329,26078,33738,50343,41128
"  + Property, Plant & Equip, Net",BS_NET_FIX_ASSET,22726,22850,22188,21865,22173,21696,21496,22671,23729,25317,44319,42882,44155,44538,44458,63690,68858,78610,91780,96468,104504,122608,141348,164829,183173,188396,182186,177712,169207,154568,160567,150629,147853,159041
"    + Property, Plant & Equip",BS_GROSS_FIX_ASSET,44308,45268,44010,44807,46810,48031,46936,49233,51337,54212,95568,99860,105231,100556,103954,127446,137747,154084,173299,188288,207367,233432,263481,296433,327289,340277,336077,344485,340244,330796,349181,339713,332047,351503
    - Accumulated Depreciation,BS_ACCUM_DEPR,21582,22418,21822,22942,24637,26335,25440,26562,27608,28895,51249,56978,61076,56018,59496,63756,68889,75474,81519,91820,102863,110824,122133,131604,144116,151881,153891,166773,171037,176228,188614,189084,184194,192462
  + LT Investments & Receivables,BS_LT_INVEST,237,225,223,217,268,149,440,4496,4604,1082,11764,1225,1338,12319,14389,17057,18552,20477,23333,690,704,718,650,624,577,532,461,392,285,286,296,339,628,699
    + LT Investments,BS_LONG_TERM_INVESTMENTS,,,,,,,,,,,,,,,,,,,,690,704,718,650,624,577,532,461,392,285,286,296,339,628,699
    + LT Receivables,BS_LT_RECEIVABLES,,,,,,,,,,,,,,,,,,,,,,,,,,,,,,,,,,
  + Other LT Assets,BS_OTHER_ASSETS_DEF_CHRG_OTHER,2037,2530,2787,3972,4375,4618,4976,1300,1910,5972,3625,15138,14090,5187,5858,10750,8914,10322,9582,30247,30720,32914,35264,38050,40044,41182,47812,47142,50350,54245,52849,54829,58885,60764
    + Total Intangible Assets,BS_DISCLOSED_INTANGIBLES,,,,,,,,,0,,0,0,0,0,0,4636,4623,4637,4619,4618,4617,4642,4640,4639,4593,4588,4581,4531,4518,4463,4402,4385,4722,4722
    + Goodwill,BS_GOODWILL,,,,,,,,,,,0,0,0,0,0,4636,4623,4637,4619,4618,4617,4642,4640,4639,4593,4588,4581,4531,4518,4463,4402,4385,4722,4722
    + Other Intangible Assets,OTHER_INTANGIBLE_ASSETS_DETAILED,,,,,,,,,,,0,0,0,0,0,0,0,0,0,0,0,0,0,0,0,0,0,0,0,0,0,0,0,0
    + Prepaid Expense,BS_PREPAID_EXPENSE_LT,,,,,,,,,,,,,,,,,,,,,,,,,,,,,,,,,,
    + Deferred Tax Assets,BS_DEFERRED_TAX_ASSETS_LT,,,,,,,,,,,,,,,,,,,,,,,,,3597,3909,4649,4750,4399,4178,5286,5659,4505,4169
    + Derivative & Hedging Assets,BS_DERIV_HEDGING_ASST_LT,,,,,,,,,,,,,,,,,,,,28,64,75,29,6,12,5,2,0,4,0,1,62,5,8
    + Investments in Affiliates,BS_INVEST_IN_ASSOC_CO,,,,,,,,,,,,,,,,,,,,20468,20816,22150,23068,24878,26335,26578,29789,32105,35261,38402,38756,40357,44610,46113
    + Misc LT Assets,OTHER_NONCURRENT_ASSETS_DETAILED,2037,2530,2787,3972,4375,4618,4976,1300,1910,5972,3625,15138,14090,5187,5858,6114,4291,5685,4963,5090,5139,5926,7465,8005,5250,5756,8576,5287,5739,6766,3833,3634,4258,5018
Total Noncurrent Assets,BS_TOT_NON_CUR_ASSET,25000,25605,25198,26054,26816,26463,26912,28467,30243,32371,59708,59245,59583,62044,64705,91497,96324,109409,124695,127405,135928,156240,177262,203503,223794,230110,230459,225246,219842,209099,213712,205797,207366,220504
Total Assets,BS_TOT_ASSET,35089,34636,33970,34736,34407,34330,34854,35473,36540,40668,77621,77572,77359,81470,93208,125833,132628,148786,161165,164621,184769,209474,232982,253753,266026,264540,260078,253806,253863,237428,239790,239535,257709,261632
,,#N/A Mandatory parameter [FIELDS] cannot be empty,,,,,,,,,,,,,,,,,,,,,,,,,,,,,,,,,
Cash from Operating Activities,,#N/A Mandatory parameter [FIELDS] cannot be empty,,,,,,,,,,,,,,,,,,,,,,,,,,,,,,,,,
  + Net Income,CF_NET_INC,2157,1293,1569,1265,1693,930,2607,3256,1339,2070,7727,3288,1132,7230,13328,14099,17138,18688,23931,10483,19024,26895,26179,21423,19241,4587,-497,9195,14824,2924,-5543,15625,35465,21369
Cash from Operating Activities,CF_CASH_FROM_OPER,4727,3278,3914,4221,2896,4075,5797,4880,3731,4481,13467,11457,9943,12315,14260,20105,24323,24977,29632,19373,31359,41095,38812,35002,31475,19456,12690,20338,30618,27314,10577,29187,49602,35609
,,#N/A Mandatory parameter [FIELDS] cannot be empty,,,,,,,,,,,,,,,,,,,,,,,,,,,,,,,,,
Cash from Investing Activities,,#N/A Mandatory parameter [FIELDS] cannot be empty,,,,,,,,,,,,,,,,,,,,,,,,,,,,,,,,,
  + Change in Fixed & Intang,FIXED_INTANG_ASST_CHANGE,-2534,-2925,-2309,-2415,-2674,-2948,-2646,-2664,-3446,-3374,-6400,-9415,-5256,-4518,-2639,-6020,-12824,-13340,-18175,-17279,-17617,-22983,-28161,-36842,-29678,-23765,-14633,-8308,-11400,-11165,-5954,-6265,-9339,-15160
    + Disp in Fixed & Intang,DISPOSAL_OF_FIXED_INTANG,702,768,1043,908,731,581,778,1235,434,992,1229,298,2341,1107,3671,2681,989,3338,1491,2564,1995,3517,2777,1143,5729,5739,3476,5096,2392,2951,2968,1791,2635,669
    + Acq of Fixed & Intang,ACQUIS_OF_FIXED_INTANG,-3236,-3693,-3352,-3323,-3405,-3529,-3424,-3899,-3880,-4366,-7629,-9713,-7597,-5625,-6310,-8701,-13813,-16678,-19666,-19843,-19612,-26500,-30938,-37985,-35407,-29504,-18109,-13404,-13792,-14116,-8922,-8056,-11974,-15829
  + Net Change in LT Investment,NET_CHG_IN_LT_INVEST_DETAILED,0,0,0,0,0,0,0,,0,0,0,0,0,0,0,0,0,0,0,0,0,0,0,0,0,0,0,0,0,0,0,0,0,0
    + Dec in LT Investment,CF_DECR_INVEST,0,0,0,0,0,0,0,,0,0,0,0,0,0,0,0,0,0,0,0,0,0,0,0,0,0,0,0,0,0,0,0,0,0
    + Inc in LT Investment,CF_INCR_INVEST,0,0,0,0,0,0,0,,0,0,0,0,0,0,0,0,0,0,0,0,0,0,0,0,0,0,0,0,0,0,0,0,0,0
  + Net Cash From Acq & Div,CF_NT_CSH_RCVD_PD_FOR_ACQUIS_DIV,,,,,,,,,,,,,,,,,,,,0,0,-3009,0,0,0,0,0,0,0,0,373,0,-2862,55
    + Cash from Divestitures,CF_CASH_FOR_DIVESTITURES,,,,,,,,,,,,,,,,,,,,0,0,0,0,0,0,0,0,0,0,0,0,0,0,0
    + Cash for Acq of Subs,CF_CASH_FOR_ACQUIS_SUBSIDIARIES,,,,,,,,,,,,,,,,,,,,0,0,-3009,0,0,0,0,0,0,0,0,373,0,-2862,55
    + Cash for JVs,CF_CASH_FOR_JOINT_VENTURES_ASSOC,,,,,,,,,,,,,,,,,,,,0,0,0,0,0,0,0,0,0,0,0,0,0,0,0
  + Other Investing Activities,OTHER_INVESTING_ACT_DETAILED,25,18,45,30,-545,144,44,-196,-413,294,758,-127,209,446,-860,-5541,605,-593,1094,707,-3298,-1497,3365,1233,-215,-43,-1737,-12,-890,-293,-1384,400,93,-127
  + Net Cash From Disc Ops,CF_NET_CASH_DISCONTINUED_OPS_INV,,,,,,,,,,,,,,,,,,,,0,0,0,0,0,0,0,0,0,0,0,0,0,0,0
Cash from Investing Activities,CF_CASH_FROM_INV_ACT,-2509,-2907,-2264,-2385,-3219,-2804,-2602,-2860,-3859,-3080,-5642,-9542,-5047,-4072,-3499,-11561,-12219,-13933,-17081,-16572,-20915,-27489,-24796,-35609,-29893,-23808,-16370,-8320,-12290,-11458,-6965,-5865,-12108,-15232
,,#N/A Mandatory parameter [FIELDS] cannot be empty,,,,,,,,,,,,,,,,,,,,,,,,,,,,,,,,,
Cash from Financing Activities,,#N/A Mandatory parameter [FIELDS] cannot be empty,,,,,,,,,,,,,,,,,,,,,,,,,,,,,,,,,
  + Dividends Paid,CF_DVD_PAID,-1043,-1139,-1115,-1139,-1206,-1255,-1358,-1493,-1596,-1625,-2679,-2739,-2965,-3033,-3236,-3778,-4396,-4791,-5162,-5302,-5674,-6136,-6844,-7474,-7928,-7992,-8032,-8132,-8502,-8959,-9651,-10179,-10968,-11336
  + Cash From (Repayment) Debt,PROC_FR_REPAYMNTS_BOR_DETAILED,-849,888,96,-362,314,206,-1560,-558,1549,891,-3202,1386,-1121,-3941,-1284,-1055,-2901,-3038,1682,1659,882,-2369,2047,8246,7388,10724,7470,-7461,-4502,-7846,7470,-12936,-8479,-4055
  + Cash (Repurchase) of Equity,PROC_FR_REPURCH_EQTY_DETAILED,-300,-286,-382,-4,-5,-4,-4,173,-261,108,-1498,-623,41,-18,-1663,-2597,-4491,-6389,-6821,168,-306,-3193,-4142,-4494,-4412,211,650,1117,-604,-2935,-1531,38,-5417,-14678
    + Increase in Capital Stock,CF_INCR_CAP_STOCK,0,0,0,0,0,0,0,173,0,108,0,140,41,57,0,0,0,0,0,168,0,0,0,0,0,211,650,1117,0,0,0,38,0,0
    + Decrease in Capital Stock,CF_DECR_CAP_STOCK,-300,-286,-382,-4,-5,-4,-4,,-261,0,-1498,-763,0,-75,-1663,-2597,-4491,-6389,-6821,0,-306,-3193,-4142,-4494,-4412,0,0,0,-604,-2935,-1531,0,-5417,-14678
  + Other Financing Activities,OTHER_FIN_AND_DEC_CAP,48,-20,3,21,-11,-10,-2,-19,-10,1,-115,-150,-11,58,17,-362,134,43,-265,-71,-72,-71,-41,-99,-47,-128,-63,-78,-91,-18,-24,-36,-114,-40
  + Net Cash From Disc Ops,CF_NET_CASH_DISCONTINUED_OPS_FIN,,,,,,,,,,,,,,,,,,,,0,0,0,0,0,0,0,0,0,0,0,0,0,0,0
Cash from Financing Activities,CFF_ACTIVITIES_DETAILED,-2144,-557,-1398,-1484,-908,-1063,-2924,-1897,-318,-625,-7494,-2126,-4056,-6934,-6166,-7792,-11654,-14175,-10566,-3546,-5170,-11769,-8980,-3821,-4999,2815,25,-14554,-13699,-19758,-3736,-23113,-24978,-30109
,,#N/A Requesting Data...,,,,,,,,,,,,,,,,,,,,,,,,,,,,,,,,,
  Effect of Foreign Exchange Rates,CF_EFFECT_FOREIGN_EXCHANGES,,,,,,,,,,,,,,,,,,,,114,70,-33,39,-266,-43,-226,-53,65,-91,332,-50,-151,-190,-114
,,#N/A Mandatory parameter [FIELDS] cannot be empty,,,,,,,,,,,,,,,,,,,,,,,,,,,,,,,,,
Net Changes in Cash,CF_NET_CHNG_CASH,74,-186,252,352,-1231,208,271,123,-446,776,331,-211,840,1309,4595,752,450,-3131,1985,-631,5344,1804,5075,-4694,-3460,-1763,-3708,-2471,4538,-3570,-174,58,12326,-9846
,,#N/A Mandatory parameter [FIELDS] cannot be empty,,,,,,,,,,,,,,,,,,,,,,,,,,,,,,,,,
Cash Paid for Taxes,CF_CASH_PAID_FOR_TAX,,,,,,,1595,1706,654,864,4883,5465,2916,5316,6679,8875,13806,12340,19130,7537,11749,17374,17334,12898,10562,4645,1935,3132,4748,4817,2987,4355,9148,10416
,,#N/A Mandatory parameter [FIELDS] cannot be empty,,,,,,,,,,,,,,,,,,,,,,,,,,,,,,,,,
Reference Items,,#N/A Mandatory parameter [FIELDS] cannot be empty,,,,,,,,,,,,,,,,,,,,,,,,,,,,,,,,,
Net Cash Paid for Acquisitions,CF_NET_CASH_PAID_FOR_AQUIS,,,,,,,,,,,,,0,,0,5934,,,,0,,3009,0,,,,,,,,-373,0,2862,-55
Free Cash Flow,CF_FREE_CASH_FLOW,1491,-415,562,898,-509,546,2373,981,-149,115,5838,1744,2346,6690,7950,11404,10510,8299,9966,-470,11747,14595,7874,-2983,-3932,-10048,-5419,6934,16826,13198,1655,21131,37628,19780
Free Cash Flow to Firm,CF_FREE_CASH_FLOW_FIRM,1810.4797,-117.0129,840.2443,1063.2947,-300.0175,754.4572,2573.2,1165.6369,146.6897,382.8289,6452.4195,2145.2501,2505.4553,6967.2803,8208.1079,11674.5092,10752.1771,8395.6713,9966,-457.4576,11771.4759,14595,7874,-2983,-3932,-10048,,,17366.2323,13608.0993,,21647.2239,37997.8862,20119.4321
Free Cash Flow to Equity,FREE_CASH_FLOW_EQUITY,1344,1241,1701,1444,536,1333,1591,,,1998,4165,3128,3566,3856,10337,13030,8598,8599,13139,3753,14624,15743,12698,6406,9185,6415,5527,4569,14716,8303,12093,9986,31784,16394
Free Cash Flow per Basic Share,FREE_CASH_FLOW_PER_SH,1.0545,-0.2963,0.4145,0.6898,-0.3905,0.4187,1.8137,0.7474,-0.1138,0.0876,2.7344,0.8226,1.105,3.1482,3.7571,5.319,4.8079,3.9183,4.8901,-0.2359,5.8823,7.3489,4.0379,-1.5561,-2.087,-5.379,-2.8932,3.6824,8.8651,7.0578,0.885,11.0287,19.4863,10.5606
Price to Free Cash Flow,PX_TO_FREE_CASH_FLOW,17.2186,16.2406,41.9198,31.5783,32.1673,62.5511,17.9195,51.5139,56.3224,494.5158,15.4397,54.4699,30.0804,13.7204,13.9762,10.673,15.2937,23.8189,15.1265,15.8791,15.5126,14.4783,26.7809,30.7656,,,,33.9966,12.2717,17.0748,95.4208,10.6404,9.2111,14.1242
Cash Flow to Net Income,CASH_FLOW_TO_NET_INC,2.1915,2.5352,2.4946,3.3368,1.7106,4.3817,2.2236,1.4988,2.7864,2.1647,1.7428,3.4845,8.7836,1.7033,1.0699,1.426,1.4192,1.3365,1.2382,1.848,1.6484,1.528,1.4826,1.6339,1.6358,4.2416,,2.2119,2.0654,9.3413,,1.868,1.3986,1.6664
,,#N/A Mandatory parameter [FIELDS] cannot be empty,,,,,,,,,,,,,,,,,,,,,,,,,,,,,,,,,
Revenue,SALES_REV_TURN,38607,36461,37464,32123,30340,31332,37580,41275,30329,31538,118053,105101,91685,112788,144750,184922,195341,203970,255112,159293,189607,236286,222580,211664,192308,122566,103310,127485,158902,139865,94471,155606,235717,196913
    + Sales & Services Revenue,IS_SALES_AND_SERVICES_REVENUES,,,,,,,,,,,,,,,,,,,,159293,189607,236286,222580,211664,192308,122566,103310,127485,158902,139865,94471,155606,235717,196913
  - Cost of Revenue,IS_COGS_TO_FE_AND_PP_AND_G,31619,31244,31827,26726,25735,27373,31049,34123,25601,25938,99285,90414,70586,95942,121036,158135,161613,171094,213177,139102,158318,192026,181115,178080,166103,118493,103443,119693,139408,134852,74495,114137,165767,140742
    + Cost of Goods & Services,IS_COG_AND_SERVICES_SOLD,,,,,,,,,,,,,,,,,,,,126992,145255,179115,167702,163894,149310,97456,83986,100344,119989,105634,54987,96212,149448,123416
Gross Profit,GROSS_PROFIT,6988,5217,5637,5397,4605,3959,6531,7152,4728,5600,18768,14687,21099,16846,23714,26787,33728,32876,41935,20191,31289,44260,41465,33584,26205,4073,-133,7792,19494,5013,19976,41469,69950,56171
  + Other Operating Income,IS_OTHER_OPER_INC,,,,,,,,,,,,0,0,,,,,,,0,0,0,0,0,0,0,0,0,0,0,0,0,0,0
  - Operating Expenses,IS_OPERATING_EXPN,3177,3271,3203,2708,2111,2516,2538,2026,2717,2618,4575,5023,14171,5010,5254,5571,6457,7249,6925,5869,5914,5961,6452,6371,6479,7783,6083,5312,5048,4913,26073,25289,30000,29942
"    + Selling, General & Admin",IS_SGA_EXPENSE,,,,,,,,1533,2239,1404,3626,3984,4155,4440,4315,4512,4625,5926,5756,4527,4767,4745,4724,4510,4494,4443,4305,4448,3838,4143,4213,4014,4312,4141
    + Selling & Marketing,IS_SELLING_EXPENSES,,,,,,,,,,,,,,,,,,,,,,,,,,,,,,,,,,
    + General & Administrative,IS_GENERAL_AND_ADMINISTRATIVE,,,,,,,,,,,,,,,,,,,,,,,,,,,,,,,,,,
    + Research & Development,IS_OPERATING_EXPENSES_RD,,,,,,,,,,,,,,,,,,,,0,,0,,,,0,0,0,,,0,0,0,0
    + Other Operating Expense,IS_OTHER_OPERATING_EXPENSES,,,,,,,,,,,,,,,,,,,,1342,1147,1216,1728,1861,1985,3340,1778,864,1210,770,21860,21275,25688,25801
Operating Income (Loss),IS_OPER_INC,3811,1946,2434,2689,2494,1443,3993,5126,2011,2982,14193,9664,6928,11836,18460,21216,27271,25627,35010,14322,25375,38299,35013,27213,19726,-3710,-6216,2480,14446,100,-6097,16180,39950,26229
  - Non-Operating (Income) Loss,IS_NONOP_INCOME_LOSS,,,,,,,,,,,,,,,,,,,,-4206,-6680,-9335,-11319,-8692,-11476,-8552,-4056,-6741,-6129,-5436,1356,-5459,-9724,-3355
"    + Interest Expense, Net",IS_NET_INTEREST_EXPENSE,624,519,436,317,346,401,364,312,405,451,971,686,493,354,207,216,71,-219,-192,-73,-79,-145,-166,-136,-145,-119,94,200,556,798,645,676,255,-22
    + Interest Expense,IS_INT_EXPENSE,624,519,436,317,346,401,364,312,405,472,1110,833,565,474,406,482,451,166,0,22,41,0,0,0,0,0,201,307,748,798,697,712,516,469
    - Interest Income,IS_INT_INC,,,,,,,,,,21,139,147,72,120,199,266,380,385,192,95,120,145,166,136,145,119,107,107,192,0,52,36,261,491
    + Other Investment (Inc) Loss,IS_OTHER_INVESTMENT_INCOME_LOSS,,,,,,,,,,,,,,,,,,,,,,,,,,,,,,,,,,
    + (Income) Loss from Affiliates,INCOME_LOSS_FROM_AFFILIATES,,,,,,,,,,,,-1144,-111,,-2582,-3731,-4255,,,-3316,-5637,-7363,-6889,-7527,-7098,-4684,-2661,-4438,-6327,-3968,472,-5657,-8585,-5131
    + Other Non-Op (Income) Loss,IS_OTHER_NON_OPERATING_INC_LOSS,,,,,,,,,,,,,,,,,,,,-817,-964,-1827,-4264,-1029,-4233,-3749,-1489,-2503,-358,-2266,239,-478,-1394,1798
"Pretax Income (Loss), Adjusted",PRETAX_INC,4213,2252,3463,2426,2803,1789,4740,5502,1834,3648,14160,8412,4213,12756,20636,25293,32046,32274,43057,18528,32055,47634,46332,35905,31202,4842,-2160,9221,20575,5536,-7453,21639,49674,29584
  - Abnormal Losses (Gains),IS_ABNORMAL_ITEM,,,,,,,44,,0,216,581.54,5418.46,3938,-365,-1196,,,,-600,-259,-21,242,-3625.3077,194,-2480.9231,2465.2308,3775.3077,-799.3846,2356.6962,10512,6375,962,1612,2239
    + Abnormal Derivatives,IS_DERIVATIVES_HEDGING,,,,,,,,,,,,,,,,,,,,-259,135,242,67,194,-504,-304,300,116,-99,-272,-40,795,10,
    + Disposal of Assets,IS_GAIN_LOSS_DISPOSAL_ASSETS,,,,,,,,,,,,,,,,,,,,,-400,,-3692.3077,,-4215.3846,-3107.6923,-646.1538,-2207.6923,443.038,-1319,-550,-938,-328,-138
    + Asset Write-Down,IS_IMPAIRMENT_ASSETS,,,,,,,,,,,,,1932,,,,,,,,,,,,,,,,,13103,5681,,813,2324
    + Impairment of Intangibles,IS_IMPAIR_OF_INTANG_ASSETS,,,,,,,,,,,,,,,,,,,,,,,,,,,,,,,,,,
    + Gain/Loss on Sale/Acquisition of Business,IS_SALE_OF_BUSINESS,,,,,,,,,,,,,,,,,,,,,,,,,,,,,,,,,,
    + Legal Settlement,IS_LEGAL_LITIGATION_SETTLEMENT,,,,,,,,,,,,,,,,,,,,,,,,,,,,,,,,140,,
    + Sale of Investments,IS_GAIN_LOSS_ON_INVESTMENTS,,,,,,,,,,,,,,,,,,,,,,,,,,,,,,,,,,
    + Other Abnormal Items,IS_OTHER_ONE_TIME_ITEMS,,,,,,,,,,,,,,,,,,,,,,,,,2238.4615,5533.8462,4038.4615,1292.3077,2012.6582,,118,837,1117,53
"Pretax Income (Loss), GAAP",PRETAX_INC,4213,2252,3463,2426,2803,1789,4740,5502,1834,3648,14160,8412,4213,12756,20636,25293,32046,32274,43057,18528,32055,47634,46332,35905,31202,4842,-2160,9221,20575,5536,-7453,21639,49674,29584
  - Income Tax Expense (Benefit),IS_INC_TAX_EXP,2056,959,1253,1161,1110,859,2133,2246,495,1578,6322,4360,3024,5294,7517,11098,14838,13479,19026,7965,12919,20626,19996,14308,11892,132,-1729,-48,5715,2691,-1892,5950,14066,8173
Income (Loss) from Cont Ops,IS_INC_BEF_XO_ITEM,2157,1293,2210,1265,1693,930,2607,3256,1339,2070,7838,4052,1189,7462,13119,14195,17208,18795,24031,10563,19136,27008,26336,21597,19310,4710,-431,9269,14860,2845,-5561,15689,35608,21411
  - Net Extraordinary Losses (Gains),XO_GL_NET_OF_TAX,0,0,641,0,0,0,0,,0,0,0,643,0,152,-294,0,0,0,0,0,0,0,0,0,0,0,0,0,0,0,0,0,0,0
    + Discontinued Operations,IS_DISCONTINUED_OPERATIONS,,,,,,,,,,,,,,,,,,,,0,0,0,0,0,0,0,0,0,0,0,0,0,0,0
    + XO & Accounting Changes,EXTRAORD_ITEMS_ACCOUNTING_CHANGS,,,,,,,,,,,,,,,,,,,,0,0,0,0,0,0,0,0,0,0,0,0,0,0,0
Income (Loss) Incl. MI,NI_INCLUDING_MINORITY_INT_RATIO,2157,1293,1569,1265,1693,930,2607,3256,1339,2070,7838,3409,1189,7310,13413,14195,17208,18795,24031,10563,19136,27008,26336,21597,19310,4710,-431,9269,14860,2845,-5561,15689,35608,21411
  - Minority Interest,MIN_NONCONTROL_INTEREST_CREDITS,0,0,0,0,0,0,0,,0,0,111,121,57,80,85,96,70,107,100,80,112,113,157,174,69,123,66,74,36,-79,-18,64,143,42
"Net Income, GAAP",NET_INCOME,2157,1293,1569,1265,1693,930,2607,3256,1339,2070,7727,3288,1132,7230,13328,14099,17138,18688,23931,10483,19024,26895,26179,21423,19241,4587,-497,9195,14824,2924,-5543,15625,35465,21369
  - Preferred Dividends,IS_TOT_CASH_PFD_DVD,0,0,0,0,0,0,0,,0,0,0,0,0,0,0,0,0,0,0,0,0,0,0,0,0,0,0,0,0,0,0,0,0,0
  - Other Adjustments,OTHER_ADJUSTMENTS,,,,,,,,,,,0,0,0,0,0,0,0,0,0,0,0,0,0,0,0,0,0,0,0,0,0,0,0,0
"Net Income Avail to Common, GAAP",EARN_FOR_COMMON,2157,1293,1569,1265,1693,930,2607,3256,1339,2070,7727,3288,1132,7230,13328,14099,17138,18688,23931,10483,19024,26895,26179,21423,19241,4587,-497,9195,14824,2924,-5543,15625,35465,21369
,,#N/A Mandatory parameter [FIELDS] cannot be empty,,,,,,,,,,,,,,,,,,,,,,,,,,,,,,,,,
"Net Income Avail to Common, Adj",EARN_FOR_COMMON,2157,1293,1569,1265,1693,930,2607,3256,1339,2070,7727,3288,1132,7230,13328,14099,17138,18688,23931,10483,19024,26895,26179,21423,19241,4587,-497,9195,14824,2924,-5543,15625,35465,21369
  Net Abnormal Losses (Gains),IS_NET_ABNORMAL_ITEMS,,,,,,,,,,,378,3522,,,,,,,,-168.35,2.75,157.3,-2356.45,126.1,-1612.6,1602.4,2453.95,-2539.6,1861.79,8445.12,4498.4,917.05,1753.9,2350.98
  Net Extraordinary Losses (Gains),XO_GL_NET_OF_TAX,0,0,641,0,0,0,0,,0,0,0,643,0,152,-294,0,0,0,0,0,0,0,0,0,0,0,0,0,0,0,0,0,0,0
,,#N/A Mandatory parameter [FIELDS] cannot be empty,,,,,,,,,,,,,,,,,,,,,,,,,,,,,,,,,
Basic Weighted Avg Shares,IS_AVG_NUM_SH_FOR_EPS,1414,1400.8,1355.908,1301.916,1303.344,1304.168,1308.4,1312.6,1309.8,1313,2135,2120.2,2123,2125,2116,2144,2186,2118,2038,1992,1997,1986,1950,1917.018,1884,1868,1873,1883,1898,1870,1870,1916,1931,1873
"Basic EPS, GAAP",IS_EPS,1.525,0.9225,1.1575,0.9725,1.3,0.715,1.995,2.485,1.025,1.58,3.615,1.55,0.535,3.48,6.3,6.58,7.84,8.83,11.74,5.26,9.53,13.54,13.42,11.18,10.21,2.46,-0.27,4.88,7.81,1.55,-2.96,8.15,18.36,11.41
"Basic EPS from Cont Ops, GAAP",IS_EARN_BEF_XO_ITEMS_PER_SH,1.525,0.9225,1.63,0.9725,1.3,0.715,1.995,2.485,1.025,1.58,3.615,1.855,0.535,3.55,6.16,6.58,7.84,8.83,11.74,5.26,9.53,13.54,13.42,11.18,10.21,2.46,-0.27,4.88,7.81,1.55,-2.96,8.15,18.36,11.41
"Basic EPS from Cont Ops, Adjusted",IS_BASIC_EPS_CONT_OPS,1.525,0.9225,1.63,0.9725,1.3,0.715,2.04,2.485,1.025,1.745,3.79,3.515,2.105,3.45,5.73,6.58,7.84,8.83,11.45,5.178,9.5277,13.6215,12.2167,11.2409,9.3569,3.3134,1.0448,3.5345,8.7912,6.0797,-0.5586,8.6336,19.2744,12.6642
,,#N/A Mandatory parameter [FIELDS] cannot be empty,,,,,,,,,,,,,,,,,,,,,,,,,,,,,,,,,
Diluted Weighted Avg Shares,IS_SH_FOR_DILUTED_EPS,1414,1400.8,1355.908,1301.916,1303.344,1304.168,1310.8,1316.8,1314.2,1319,2139.8,2125.8,2126.8,2127,2122,2155,2197,2132,2050,2001,2007,2001,1965,1932.393,1898,1875,1873,1898,1914,1895,1870,1920,1940,1880
"Diluted EPS, GAAP",IS_DILUTED_EPS,1.525,0.9225,1.1575,0.9725,1.3,0.715,1.99,2.475,1.02,1.57,3.605,1.545,0.535,3.48,6.28,6.54,7.8,8.77,11.67,5.24,9.48,13.44,13.32,11.09,10.14,2.45,-0.27,4.85,7.74,1.54,-2.96,8.14,18.28,11.36
"Diluted EPS from Cont Ops, GAAP",IS_DIL_EPS_BEF_XO,1.525,0.9225,1.63,0.9725,1.3,0.715,1.99,2.475,1.02,1.57,3.605,1.85,0.535,3.55,6.14,6.54,7.8,8.77,11.67,5.24,9.48,13.44,13.32,11.09,10.14,2.45,-0.27,4.85,7.74,1.54,-2.96,8.14,18.28,11.36
"Diluted EPS from Cont Ops, Adjusted",IS_DIL_EPS_CONT_OPS,1.525,0.9225,1.63,0.9725,1.3,0.715,2.035,2.475,1.02,1.735,3.78,3.505,2.105,3.45,5.71,6.54,7.8,8.77,11.38,5.1559,9.4814,13.5186,12.1208,11.1553,9.2904,3.3046,1.0402,3.512,8.7127,5.9965,-0.5586,8.6176,19.1841,12.6105
,,#N/A Mandatory parameter [FIELDS] cannot be empty,,,,,,,,,,,,,,,,,,,,,,,,,,,,,,,,,
Reference Items,,#N/A Mandatory parameter [FIELDS] cannot be empty,,,,,,,,,,,,,,,,,,,,,,,,,,,,,,,,,
Accounting Standard,ACCOUNTING_STANDARD,US GAAP,US GAAP,US GAAP,US GAAP,US GAAP,US GAAP,US GAAP,US GAAP,US GAAP,US GAAP,US GAAP,US GAAP,US GAAP,US GAAP,US GAAP,US GAAP,US GAAP,US GAAP,US GAAP,US GAAP,US GAAP,US GAAP,US GAAP,US GAAP,US GAAP,US GAAP,US GAAP,US GAAP,US GAAP,US GAAP,US GAAP,US GAAP,US GAAP,US GAAP
EBITDA,EBITDA,6504,4562,5028,5141,4925,4824,6209,7426,4331,5848,19514,16723,12159,17162,23395,27129,34777,34335,44538,26432,38438,51210,48426,41399,36519,17327,13241,21829,33865,31939,15962,36304,58628,46539
EBITDA Margin (T12M),EBITDA_MARGIN,16.8467,12.512,13.4209,16.0041,16.2327,15.3964,16.5221,17.9915,14.2801,18.5427,16.5299,15.9114,13.2617,15.2162,16.1623,14.6705,17.8032,16.8334,17.4582,16.5933,20.2725,21.6729,21.7567,19.5588,18.9898,14.1369,12.8168,17.1228,21.3119,22.8356,16.8962,23.3307,24.8722,23.6343
EBIT,EBIT,3811,1946,2434,2689,2494,1443,3993,5126,2011,2982,14193,9664,6928,11836,18460,21216,27271,25627,35010,14322,25375,38299,35013,27213,19726,-3710,-6216,2480,14446,100,-6097,16180,39950,26229
Gross Margin,GROSS_MARGIN,18.1003,14.3084,15.0464,16.801,15.178,12.6356,17.3789,17.3277,15.589,17.7564,15.8979,13.9742,23.0125,14.936,16.3827,14.4856,17.2662,16.1181,16.4379,12.6754,16.502,18.7315,18.6293,15.8667,13.6266,3.3231,-0.1287,6.1121,12.2679,3.5842,21.1451,26.65,29.6754,28.5258
Operating Margin,OPER_MARGIN,9.8713,5.3372,6.4969,8.3709,8.2202,4.6055,10.6253,12.4191,6.6306,9.4553,12.0226,9.195,7.5563,10.494,12.753,11.4729,13.9607,12.5641,13.7234,8.991,13.3829,16.2087,15.7305,12.8567,10.2575,-3.0269,-6.0168,1.9453,9.0911,0.0715,-6.4538,10.3981,16.9483,13.3201
Profit Margin,PROF_MARGIN,5.5871,3.5463,4.188,3.938,5.5801,2.9682,6.9372,7.8886,4.4149,6.5635,6.5454,3.1284,1.2347,6.4103,9.2076,7.6243,8.7734,9.1621,9.3806,6.581,10.0334,11.3824,11.7616,10.1212,10.0053,3.7425,-0.4811,7.2126,9.329,2.0906,-5.8674,10.0414,15.0456,10.852
Sales per Employee,ACTUAL_SALES_PER_EMPL,712201.1511,661448.0344,760767.5906,675193.3748,663053.4551,728329.3428,920627.1436,1048600.1728,773876.6554,864291.5867,3410950.5923,,,1832967.6759,,,3125456,3138000,3807641.791,2488953.125,3058177.4194,3873540.9836,3590000,3276532.5077,2972302.9366,1992943.0894,1871557.971,2456358.3815,3269588.4774,2901763.4855,1979030.5011,3653151.7784,5376020.6176,4234688.172
,,#N/A Mandatory parameter [FIELDS] cannot be empty,,,,,,,,,,,,,,,,,,,,,,,,,,,,,,,,,
Returns,,#N/A Mandatory parameter [FIELDS] cannot be empty,,,,,,,,,,,,,,,,,,,,,,,,,,,,,,,,,
Return on Common Equity,RETURN_COM_EQY,14.9708,8.7439,11.0233,9.1253,11.8421,6.4246,17.3928,19.6767,7.761,11.9024,30.4105,9.811,3.4532,21.2963,32.6967,26.132,26.0434,25.596,29.2312,11.7416,19.3142,23.7522,20.3012,15.0002,12.6527,2.981,-0.3333,6.2619,9.7952,1.9574,-4.0181,11.5418,23.7742,13.3457
Return on Assets,RETURN_ON_ASSET,6.2546,3.7089,4.5739,3.6824,4.8971,2.706,7.5364,9.2596,3.7188,5.3621,13.0646,4.2373,1.4613,9.1041,15.2601,12.8734,13.2616,13.2815,15.4418,6.4355,10.8898,13.6439,11.8335,8.8027,7.4035,1.7291,-0.1895,3.5786,5.84,1.1903,-2.323,6.5196,14.2646,8.2293
Return on Capital,RETURN_ON_CAP,11.4915,7.225,8.3956,6.6365,8.5921,5.4473,13.5686,15.0059,6.7925,9.1215,22.0408,7.4939,2.7014,15.5899,25.835,21.8479,22.5559,23.1082,26.621,10.6237,17.39,21.6393,18.6544,13.461,10.883,2.5024,-0.1559,4.9713,8.1443,1.7779,-2.8068,9.1102,19.854,11.5814
Return on Invested Capital,RETURN_ON_INV_CAPITAL,7.8529,4.4537,6.2287,5.7331,6.042,3.1985,9.413,11.0876,4.7706,5.4829,16.8489,7.9781,3.9206,15.7798,24.3265,17.3248,18.1024,16.2433,19.845,8.6578,13.7835,17.2862,14.133,10.3604,6.7117,-1.501,-1.1943,2.6848,5.3996,0.2053,-1.923,6.5977,14.7791,9.3388
,,#N/A Mandatory parameter [FIELDS] cannot be empty,,,,,,,,,,,,,,,,,,,,,,,,,,,,,,,,,
Margins,,#N/A Mandatory parameter [FIELDS] cannot be empty,,,,,,,,,,,,,,,,,,,,,,,,,,,,,,,,,
Gross Margin,GROSS_MARGIN,18.1003,14.3084,15.0464,16.801,15.178,12.6356,17.3789,17.3277,15.589,17.7564,15.8979,13.9742,23.0125,14.936,16.3827,14.4856,17.2662,16.1181,16.4379,12.6754,16.502,18.7315,18.6293,15.8667,13.6266,3.3231,-0.1287,6.1121,12.2679,3.5842,21.1451,26.65,29.6754,28.5258
Operating Margin,OPER_MARGIN,9.8713,5.3372,6.4969,8.3709,8.2202,4.6055,10.6253,12.4191,6.6306,9.4553,12.0226,9.195,7.5563,10.494,12.753,11.4729,13.9607,12.5641,13.7234,8.991,13.3829,16.2087,15.7305,12.8567,10.2575,-3.0269,-6.0168,1.9453,9.0911,0.0715,-6.4538,10.3981,16.9483,13.3201
Incremental Operating Margin,INCREMENTAL_OPERATING_MARGIN,29.7468,-86.9059,48.654,,-10.9366,,40.8131,30.6631,-28.4579,80.3143,12.9584,-34.9676,-20.3936,23.2574,20.7246,6.8605,58.115,,18.347,-21.5907,36.4617,27.687,-23.9749,-71.4547,-38.6805,-33.6039,-13.0141,35.971,38.0877,-75.3585,-13.6516,36.439,29.6713,-35.3598
Pretax Margin,PRETAX_INC_TO_NET_SALES,10.9125,6.1765,9.2435,7.5522,9.2386,5.7098,12.6131,13.3301,6.047,11.567,11.9946,8.0037,4.5951,11.3097,14.2563,13.6777,16.4052,15.8229,16.8777,11.6314,16.906,20.1595,20.8159,16.9632,16.225,3.9505,-2.0908,7.233,12.9482,3.9581,-7.8892,13.9063,21.0736,15.0239
Income before XO Margin,INC_BEF_XO_ITEMS_TO_NET_SALES,5.5871,3.5463,5.899,3.938,5.5801,2.9682,6.9372,7.8886,4.4149,6.5635,6.6394,3.8553,1.2968,6.616,9.0632,7.6762,8.8092,9.2146,9.4198,6.6312,10.0925,11.4302,11.8322,10.2034,10.0412,3.8428,-0.4172,7.2707,9.3517,2.0341,-5.8865,10.0825,15.1063,10.8733
Net Income Margin,PROF_MARGIN,5.5871,3.5463,4.188,3.938,5.5801,2.9682,6.9372,7.8886,4.4149,6.5635,6.5454,3.1284,1.2347,6.4103,9.2076,7.6243,8.7734,9.1621,9.3806,6.581,10.0334,11.3824,11.7616,10.1212,10.0053,3.7425,-0.4811,7.2126,9.329,2.0906,-5.8674,10.0414,15.0456,10.852
Net Income to Common Margin,NET_INCOME_TO_COMMON_MARGIN,5.5871,3.5463,4.188,3.938,5.5801,2.9682,6.9372,7.8886,4.4149,6.5635,6.5454,3.1284,1.2347,6.4103,9.2076,7.6243,8.7734,9.1621,9.3806,6.581,10.0334,11.3824,11.7616,10.1212,10.0053,3.7425,-0.4811,7.2126,9.329,2.0906,-5.8674,10.0414,15.0456,10.852
,,#N/A Mandatory parameter [FIELDS] cannot be empty,,,,,,,,,,,,,,,,,,,,,,,,,,,,,,,,,
Additional,,#N/A Mandatory parameter [FIELDS] cannot be empty,,,,,,,,,,,,,,,,,,,,,,,,,,,,,,,,,
Effective Tax Rate,EFF_TAX_RATE,48.8013,42.5844,36.1825,47.8566,39.6004,48.0157,45,40.8215,26.9902,43.2566,44.6469,51.8307,71.7778,41.502,36.4266,43.8778,46.3022,41.7643,44.1879,42.989,40.3026,43.301,43.1581,39.8496,38.1129,2.7261,,,27.7764,48.6091,,27.4966,28.3166,27.6264
,,#N/A Mandatory parameter [FIELDS] cannot be empty,,,,,,,,,,,,,,,,,,,,,,,,,,,,,,,,,
ESG Financial Materiality Scores,,#N/A Mandatory parameter [FIELDS] cannot be empty,,,,,,,,,,,,,,,,,,,,,,,,,,,,,,,,,
BESG ESG Score,ESG_SCORE,,,,,,,,,,,,,,,,,,,,,,,,,,5.03,5.13,5.12,5.35,5.26,5.17,5.26,5.37,
BESG Environmental Pillar Score,ENVIRONMENTAL_SCORE,,,,,,,,,,,,,,,,,,,,,,,,,,4.66,4.71,4.89,4.98,4.95,5.02,5.11,5.33,
BESG Social Pillar Score,SOCIAL_SCORE,,,,,,,,,,,,,,,,,,,,,,,,,,3.31,3.2,3.05,3.6,3.41,3.11,3.07,3,
BESG Governance Pillar Score,GOVERNANCE_SCORE,,,,,,,,,,,,,,,,,,,,,,,,,,7.77,8.29,8.07,8.09,8.06,7.95,8.24,8.35,
,,#N/A Mandatory parameter [FIELDS] cannot be empty,,,,,,,,,,,,,,,,,,,,,,,,,,,,,,,,,
ESG Disclosure Scores,,#N/A Mandatory parameter [FIELDS] cannot be empty,,,,,,,,,,,,,,,,,,,,,,,,,,,,,,,,,
ESG Disclosure Score,ESG_DISCLOSURE_SCORE,,,,,,,,,,,,,,,,49.1701,48.1541,50.5281,51.6548,52.7814,47.9328,47.0677,51.011,50.84,54.6927,57.6099,58.7868,61.5431,61.5431,61.8348,61.8348,61.8348,61.8348,62.3076
Environmental Disclosure Score,ENVIRON_DISCLOSURE_SCORE,,,,,,,,,,,,,,,,18.4838,15.4334,16.2791,19.6617,23.0444,19.6617,17.6986,24.4639,27.8466,27.8466,27.8466,30.6856,45.0619,45.0619,45.5452,45.5452,45.5452,45.5452,46.9647
Social Disclosure Score,SOCIAL_DISCLOSURE_SCORE,,,,,,,,,,,,,,,,48.3978,48.3978,48.3978,48.3978,48.3978,37.2128,36.578,39.1475,35.2479,49.214,51.8138,51.8138,45.7074,45.7074,46.1004,46.1004,46.1004,46.1004,46.1004
Governance Disclosure Score,GOVNCE_DISCLOSURE_SCORE,,,,,,,,,,,,,,,,80.5238,80.5238,86.7851,86.7851,86.7851,86.7851,86.7851,89.2836,89.2836,86.9055,93.0464,93.7387,93.7387,93.7387,93.7387,93.7387,93.7387,93.7387,93.7387
,,#N/A Mandatory parameter [FIELDS] cannot be empty,,,,,,,,,,,,,,,,,,,,,,,,,,,,,,,,,
Environmental,,#N/A Mandatory parameter [FIELDS] cannot be empty,,,,,,,,,,,,,,,,,,,,,,,,,,,,,,,,,
Air Quality,,#N/A Mandatory parameter [FIELDS] cannot be empty,,,,,,,,,,,,,,,,,,,,,,,,,,,,,,,,,
Nitrogen Oxide Emissions,NOX_EMISSIONS,,,,,,,,,,,,,,,,122,138.104,144.676,134.784,135.939,135.939,132.106,146.386,147,139,148,148,147,141,130,112,113,106,103
VOC Emissions,VOC_EMISSIONS,,,,,,,,,,,,,,,,469,383.914,260.64,221.735,265.819,248.771,260.281,180.582,147,135,144,150,142,115,102,81,91,63,57
Particulate Emissions,PARTICULATE_EMISSIONS,,,,,,,,,,,,,,,,,,,,,,,,,,,,,,,,,,
Sulphur Dioxide / Sulphur Oxide Emissions,SULPHUR_DIOXIDE_SULPHUR_OXIDE_EM,,,,,,,,,,,,,,,,119,118.21,91.644,125.037,142.053,155.618,155.485,122.827,141,113,84,66,52,40,36,41,87,70,48
,,#N/A Mandatory parameter [FIELDS] cannot be empty,,,,,,,,,,,,,,,,,,,,,,,,,,,,,,,,,
Climate Change,,#N/A Mandatory parameter [FIELDS] cannot be empty,,,,,,,,,,,,,,,,,,,,,,,,,,,,,,,,,
Emissions Reduction Initiatives,EMISSION_REDUCTION,,,,,,,,,,,,,,,,1,1,1,1,1,1,1,1,1,1,1,1,1,1,1,1,1,1,1
Transition Plan Claim,TRANSITION_PLAN_INDICATOR,,,,,,,,,,,,,,,,,,,,,,,,,,,,,,,,,1,1
Climate Change Policy,CLIMATE_CHG_POLICY,,,,,,,,,,,,,,,,1,1,1,1,1,1,1,1,1,1,1,1,1,1,1,1,1,1,1
Climate Change Opportunities Discussed,CLIMATE_CHG_OPPORTUNITIES,,,,,,,,,,,,,,,,0,0,0,0,0,0,0,0,0,0,0,0,0,0,0,0,0,0,0
Risks of Climate Change Discussed,CLIMATE_RISKS,,,,,,,,,,,,,,,,0,1,1,1,1,1,1,1,1,1,1,1,1,1,1,1,1,1,1
GHG Scope 1,GHG_SCOPE_1,,,,,,,,,,,,,,,,59000,65400,63700,62700,60800,62100,61600,70000,69000,66000,68000,66000,67000,68000,63000,56000,57000,53000,52000
GHG Scope 2 Location-Based,GHG_SCOPE_2_LOCATION_BASED,,,,,,,,,,,,,,,,,,,,,,,6000,6000,6000,,,,,,,,,2000
,,#N/A Mandatory parameter [FIELDS] cannot be empty,,,,,,,,,,,,,,,,,,,,,,,,,,,,,,,,,
Energy,,#N/A Mandatory parameter [FIELDS] cannot be empty,,,,,,,,,,,,,,,,,,,,,,,,,,,,,,,,,
Energy Efficiency Policy,ENERGY_EFFIC_POLICY,,,,,,,,,,,,,,,,1,1,1,1,1,1,1,1,1,1,1,1,1,1,1,1,1,1,1
Total Energy Consumption,ENERGY_CONSUMPTION,,,,,,,,,,,,,,,,250782,264600,269892,268716,225556,269722,263889,255000,258056,257500,253611,243333,246944,275556,268611,249444,251667,230000,230278
Electricity Used,ELECTRICITY_USED,,,,,,,,,,,,,,,,,,,,,,,,,,,,,,,,,,
Fuel Used - Natural Gas,NAT_GAS_USED,,,,,,,,,,,,,,,,,,,,,,,,,,,,,,,,,,
Fuel Used - Crude Oil/Diesel,OIL_DIESEL_USED,,,,,,,,,,,,,,,,,,,,,,,,,,,,,,,,,,
,,#N/A Mandatory parameter [FIELDS] cannot be empty,,,,,,,,,,,,,,,,,,,,,,,,,,,,,,,,,
Materials & Waste,,#N/A Mandatory parameter [FIELDS] cannot be empty,,,,,,,,,,,,,,,,,,,,,,,,,,,,,,,,,
Waste Reduction Policy,WASTE_REDUCTION,,,,,,,,,,,,,,,,0,0,0,0,0,0,0,0,0,0,0,0,0,0,1,1,1,1,1
Hazardous Waste,HAZARDOUS_WASTE,,,,,,,,,,,,,,,,,,,,,,,931,946,971,700,600,400,400,400,200,300,300,300
Total Waste,TOTAL_WASTE,,,,,,,,,,,,,,,,,,,,,,,,,,,,,,,,,,
,,#N/A Mandatory parameter [FIELDS] cannot be empty,,,,,,,,,,,,,,,,,,,,,,,,,,,,,,,,,
Supply Chain,,#N/A Mandatory parameter [FIELDS] cannot be empty,,,,,,,,,,,,,,,,,,,,,,,,,,,,,,,,,
Environmental Supply Chain Management,ENVIRON_SUPPLY_MGT,,,,,,,,,,,,,,,,0,0,0,0,0,0,0,0,0,0,0,0,1,1,1,1,1,1,1
,,#N/A Mandatory parameter [FIELDS] cannot be empty,,,,,,,,,,,,,,,,,,,,,,,,,,,,,,,,,
Water,,#N/A Mandatory parameter [FIELDS] cannot be empty,,,,,,,,,,,,,,,,,,,,,,,,,,,,,,,,,
Water Policy,WATER_POLICY,,,,,,,,,,,,,,,,0,0,1,1,1,1,1,1,1,1,1,1,1,1,1,1,1,1,1
Total Water Withdrawal,TOTAL_WATER_WITHDRAWAL,,,,,,,,,,,,,,,,,,,,,,,,130000,126000,121000,116000,113000,110000,115000,97000,100000,96000,96000
Total Water Discharged,TOTAL_WATER_DISCHARGED,,,,,,,,,,,,,,,,,,,,,,,,,,,,,,,,,,
,,#N/A Mandatory parameter [FIELDS] cannot be empty,,,,,,,,,,,,,,,,,,,,,,,,,,,,,,,,,
Ecological & Biodiversity Impacts,,#N/A Mandatory parameter [FIELDS] cannot be empty,,,,,,,,,,,,,,,,,,,,,,,,,,,,,,,,,
Biodiversity Policy,BIODIVERSITY_POLICY,,,,,,,,,,,,,,,,1,1,1,1,1,1,1,1,1,1,1,1,1,1,1,1,1,1,1
Adopts TNFD Recommendations,ADOPT_TNFD_RECOMMENDATIONS,,,,,,,,,,,,,,,,,,,,,,,,,,,,,,,,0,0,0
Zero Deforestation Policy,ZERO_DEFORESTATION_POLICY,,,,,,,,,,,,,,,,,,,,,,,,,,,,,,,,0,0,0
Board Level Oversight of Biodiversity,BOARD_LEVEL_OVERSIGHT_BIODIV,,,,,,,,,,,,,,,,,,,,,,,,,,,,,,,,0,0,0
Executive Level Oversight of Biodiversity,EXEC_LEVEL_OVERSIGHT_BIODIV,,,,,,,,,,,,,,,,,,,,,,,,,,,,,,,,0,0,0
,,#N/A Mandatory parameter [FIELDS] cannot be empty,,,,,,,,,,,,,,,,,,,,,,,,,,,,,,,,,
Social,,#N/A Mandatory parameter [FIELDS] cannot be empty,,,,,,,,,,,,,,,,,,,,,,,,,,,,,,,,,
Community & Customers,,#N/A Mandatory parameter [FIELDS] cannot be empty,,,,,,,,,,,,,,,,,,,,,,,,,,,,,,,,,
Human Rights Policy,HUMAN_RIGHTS_POLICY,,,,,,,,,,,,,,,,1,1,1,1,1,1,1,1,1,1,1,1,1,1,1,1,1,1,1
Policy Against Child Labor,POLICY_AGAINST_CHILD_LABOR,,,,,,,,,,,,,,,,0,0,0,0,0,0,0,0,1,1,1,1,1,1,1,1,1,1,1
Quality Assurance and Recall Policy,QUALITY_ASSURANCE_AND_RECALL_POL,,,,,,,,,,,,,,,,,,,,,,,,,,0,0,0,0,0,0,0,0,0
Consumer Data Protection Policy,CONSUMER_DATA_PROTECTION_POLICY,,,,,,,,,,,,,,,,,,,,,,,,,,1,1,1,1,1,1,1,1,1
Community Spending,COMMUNITY_SPENDING,,,,,,,,,,,,,,,,73.1,90.8,119,160,144,197,209,270,256,240,213,185,,,,,,,
Number of Customer Complaints,CUSTOMER_COMPLAINTS,,,,,,,,,,,,,,,,,,,,,,,,,,,,,,,,,,
,,#N/A Mandatory parameter [FIELDS] cannot be empty,,,,,,,,,,,,,,,,,,,,,,,,,,,,,,,,,
Diversity,,#N/A Mandatory parameter [FIELDS] cannot be empty,,,,,,,,,,,,,,,,,,,,,,,,,,,,,,,,,
Equal Opportunity Policy,EQUAL_OPPORTUNITY_POLICY,,,,,,,,,,,,,,,,1,1,1,1,1,1,1,1,1,1,1,1,1,1,1,1,1,1,1
Gender Pay Gap Breakout,GENDER_PAY_GAP_BREAKOUT,,,,,,,,,,,,,,,,,,,,,,,,,,0,0,0,0,1,1,1,1,1
Pct Women in Senior Management,PCT_WOMEN_SENIOR_MGT,,,,,,,,,,,,,,,,19.4,21.4,24.5,24.8,26.5,27,27.5,26.9,,,16,16,18,19,19,20,21,22,23
Pct Women in Middle and or Other Management,PCT_WOMEN_IN_MID_AND_OTHER_MGMT,,,,,,,,,,,,,,,,,,,,,,,,13.4,14.2,17,18,19,19,20,22,23,24,24
Pct Women in Workforce,PCT_WOMEN_EMPLOYEES,,,,,,,,,,,,,,,,20.6,21.5,22.4,22.7,22.9,23.1,23.4,23.8,24.3,24.7,24.3,24.2,25,25,30,30,30,27,27
Pct Minorities in Workforce,PCT_MINORITY_EMPLOYEES,,,,,,,,,,,,,,,,32.2,32.2,33.9,35.3,34.9,35.4,35.9,36.2,,,,,,,,,,,
Pct Disabled in Workforce,PCT_DISABLED_IN_WORKFORCE,,,,,,,,,,,,,,,,,,,,,,,,,,,,,,,,,,
,,#N/A Mandatory parameter [FIELDS] cannot be empty,,,,,,,,,,,,,,,,,,,,,,,,,,,,,,,,,
Ethics & Compliance,,#N/A Mandatory parameter [FIELDS] cannot be empty,,,,,,,,,,,,,,,,,,,,,,,,,,,,,,,,,
Business Ethics Policy,ETHICS_POLICY,,,,,,,,,,,,,,,,1,1,1,1,1,1,1,1,1,1,1,1,1,1,1,1,1,1,1
Anti-Bribery Ethics Policy,ANTI_BRIBERY_ETHICS_POLICY,,,,,,,,,,,,,,,,0,0,0,0,0,0,0,0,0,1,1,1,1,1,1,1,1,1,1
,,#N/A Mandatory parameter [FIELDS] cannot be empty,,,,,,,,,,,,,,,,,,,,,,,,,,,,,,,,,
Health & Safety,,#N/A Mandatory parameter [FIELDS] cannot be empty,,,,,,,,,,,,,,,,,,,,,,,,,,,,,,,,,
Health and Safety Policy,HEALTH_SAFETY_POLICY,,,,,,,,,,,,,,,,1,1,1,1,1,1,1,1,1,1,1,1,1,1,1,1,1,1,1
Fatalities - Employees,FATALITIES_EMPLOYEES,,,,,,,,,,,,,,,,2,1,3,0,0,0,1,1,2,0,0,1,2,0,0,1,0,0,0
Lost Time Incident Rate - Employees,LOST_TIME_INCIDENT_RATE,,,,,,,,,,,,,,,,0.168,0.082,0.096,0.066,0.066,0.034,0.058,0.024,0.028,0.012,0.02,0.02,0.016,0.014,0.034,0.026,0.054,0.046,0.034
,,#N/A Mandatory parameter [FIELDS] cannot be empty,,,,,,,,,,,,,,,,,,,,,,,,,,,,,,,,,
Human Capital,,#N/A Mandatory parameter [FIELDS] cannot be empty,,,,,,,,,,,,,,,,,,,,,,,,,,,,,,,,,
Training Policy,TRAINING_POLICY,,,,,,,,,,,,,,,,1,1,1,1,1,1,0,0,0,0,0,0,1,1,1,1,1,1,1
Fair Remuneration Policy,FAIR_REMUNERATION_POLICY,,,,,,,,,,,,,,,,0,0,0,0,0,0,0,0,0,0,0,0,0,0,0,0,0,0,0
Number of Employees - CSR,NUMBER_EMPLOYEES_CSR,,,,,,,,,,,,,,,,53440,55882,59162,61675,59963,58267,61000,62000,64600,64700,61500,55201,51754,48638,48155,47736,42595,43846,45600
Employee Turnover Pct,EMPLOYEE_TURNOVER_PCT,,,,,,,,,,,,,,,,,,,,,,,,,,,,,,,,,,
Employee Training Cost,EMPLOYEE_TRAINING_COST,,,,,,,,,,,,,,,,,,,,,,,,,,,,,,,,,,
Total Hours Spent by Firm - Employee Training,TOT_HRS_SPENT_BY_FIRM_EMP_TRAIN,,,,,,,,,,,,,,,,,,,,,,,,,,,,,,,,,,
Company Discloses Employee Engagement Score,COMP_DISCLOSES_EMP_ENG_SCORE,,,,,,,,,,,,,,,,,,,,,,,,,,,,,0,0,0,0,1,1
,,#N/A Mandatory parameter [FIELDS] cannot be empty,,,,,,,,,,,,,,,,,,,,,,,,,,,,,,,,,
Supply Chain,,#N/A Mandatory parameter [FIELDS] cannot be empty,,,,,,,,,,,,,,,,,,,,,,,,,,,,,,,,,
Social Supply Chain Management,SOCIAL_SUPPLY_CHAIN_MGMT,,,,,,,,,,,,,,,,0,0,0,0,0,0,0,0,1,1,1,1,1,1,1,1,1,1,1
,,#N/A Mandatory parameter [FIELDS] cannot be empty,,,,,,,,,,,,,,,,,,,,,,,,,,,,,,,,,
Governance,,#N/A Mandatory parameter [FIELDS] cannot be empty,,,,,,,,,,,,,,,,,,,,,,,,,,,,,,,,,
Audit Risk & Oversight,,#N/A Mandatory parameter [FIELDS] cannot be empty,,,,,,,,,,,,,,,,,,,,,,,,,,,,,,,,,
Years Auditor Employed,YEARS_AUDITOR_EMPLOYED,,,,,,,,,,,,,,,,,,,,,,,78,79,80,81,82,83,84,85,86,87,88,89
Size of Audit Committee,SIZE_OF_AUDIT_COMMITTEE,,,,,,,,,,,,,,,,5,4,4,5,4,4,4,4,4,6,4,4,4,4,3,4,4,4,4
Number of Independent Directors on Audit Committee,NUM_IND_DIR_ON_AUD_CMTE,,,,,,,,,,,,,,,,5,4,4,5,4,4,4,4,4,6,4,4,4,4,3,4,4,4,4
Audit Committee Meetings,AUDIT_COMMITTEE_MEETINGS,,,,,,,,,,,,,,,,10,10,10,10,10,10,10,9,9,9,10,9,10,9,9,9,9,9,9
Audit Committee Meeting Attendance Percentage,AUDIT_COMMITTEE_MTG_ATTEND_PCT,,,,,,,,,,,,,,,,83,88,89,85,93,89,88,88,83,,79,94,100,82,100,100,100,94,95
,,#N/A Mandatory parameter [FIELDS] cannot be empty,,,,,,,,,,,,,,,,,,,,,,,,,,,,,,,,,
Board Composition,,#N/A Mandatory parameter [FIELDS] cannot be empty,,,,,,,,,,,,,,,,,,,,,,,,,,,,,,,,,
Company Conducts Board Evaluations,COMPANY_CONDUCTS_BRD_EVALUATIONS,,,,,,,,,,,,,,,,,,,,,,,,,,1,1,1,1,1,1,1,1,1
Board Size,BOARD_SIZE,,,,,,,,,,,,,,,,13,14,15,14,15,16,13,12,11,13,12,11,12,11,11,11,12,13,12
Number of Executives / Company Managers,NUM_EXECUTIVES_COMP_MANAGERS,,,,,,,,,,,,,,,,10,9,8,8,8,8,7,7,9,8,7,7,7,7,8,8,9,8,9
Number of Non Executive Directors on Board,NUM_OF_NONEXEC_DIR_ON_BRD,,,,,,,,,,,,,,,,12,11,14,13,12,14,11,10,9,11,11,10,10,10,10,10,11,12,10
Number of Board Meetings for the Year,BOARD_MEETINGS_PER_YR,,,,,,,,,,,,,,,,8,8,8,8,8,8,6,6,6,6,6,6,6,6,8,8,7,7,10
Board Meeting Attendance Pct,BOARD_MEETING_ATTENDANCE_PCT,,,,,,,,,,,,,,,,83,88,89,85,93,89,88,88,83,,79,94,100,82,100,100,100,94,95
,,#N/A Mandatory parameter [FIELDS] cannot be empty,,,,,,,,,,,,,,,,,,,,,,,,,,,,,,,,,
Compensation,,#N/A Mandatory parameter [FIELDS] cannot be empty,,,,,,,,,,,,,,,,,,,,,,,,,,,,,,,,,
Company Has Executive Share Ownership Guidelines,COMP_HAS_EXEC_SH_OWNER_GUIDELNS,,,,,,,,,,,,,,,,,,,,,,,,,,1,1,1,1,1,1,1,1,1
Director Share Ownership Guidelines,DIRECTOR_SH_OWNERSHIP_GUIDELINES,,,,,,,,,,,,,,,,,,,,,,,,,,0,1,1,1,1,1,1,1,1
Size of Compensation Committee,SIZE_OF_COMPENSATION_COMMITTEE,,,,,,,,,,,,,,,,4,4,5,5,5,6,6,5,5,3,6,4,4,4,4,4,5,5,4
Num of Independent Directors on Compensation Cmte,NUM_IND_DIR_ON_CMPNSTN_CMTE,,,,,,,,,,,,,,,,4,4,5,5,5,6,6,5,5,3,6,4,4,4,4,4,5,5,4
Number of Compensation Committee Meetings,NUM_COMPENSATION_CMTE_MTG,,,,,,,,,,,,,,,,5,5,6,7,4,4,4,4,5,4,4,5,4,4,5,4,4,6,4
Compensation Committee Meeting Attendance %,COMPENSATION_CMTE_MTG_ATTEND_PCT,,,,,,,,,,,,,,,,83,88,89,85,93,89,88,88,83,81,79,94,100,82,100,100,100,94,95
,,#N/A Mandatory parameter [FIELDS] cannot be empty,,,,,,,,,,,,,,,,,,,,,,,,,,,,,,,,,
Diversity,,#N/A Mandatory parameter [FIELDS] cannot be empty,,,,,,,,,,,,,,,,,,,,,,,,,,,,,,,,,
Number of Female Executives,NUMBER_OF_FEMALE_EXECUTIVES,,,,,,,,,,,,,,,,0,0,0,0,1,2,2,2,2,1,1,1,1,1,1,1,2,2,2
Number of Women on Board,NUMBER_OF_WOMEN_ON_BOARD,,,,,,,,,,,,,,,,1,1,1,1,1,1,1,2,2,2,2,4,4,4,4,4,5,6,6
Age of the Youngest Director,AGE_OF_YOUNGEST_DIRECTOR,,,,,,,,,,,,,,,,57,58,59,52,53,54,55,54,55,55,56,57,49,50,51,52,53,54,55
Age of the Oldest Director,AGE_OF_OLDEST_DIRECTOR,,,,,,,,,,,,,,,,68,69,71,70,71,72,72,69,70,71,72,71,72,70,71,72,73,74,72
,,#N/A Mandatory parameter [FIELDS] cannot be empty,,,,,,,,,,,,,,,,,,,,,,,,,,,,,,,,,
Independence,,#N/A Mandatory parameter [FIELDS] cannot be empty,,,,,,,,,,,,,,,,,,,,,,,,,,,,,,,,,
Number of Independent Directors,INDEPENDENT_DIRECTORS,,,,,,,,,,,,,,,,12,11,14,13,12,14,10,10,8,11,11,10,10,10,10,10,11,12,10
,,#N/A Mandatory parameter [FIELDS] cannot be empty,,,,,,,,,,,,,,,,,,,,,,,,,,,,,,,,,
Nominations & Governance Oversight,,#N/A Mandatory parameter [FIELDS] cannot be empty,,,,,,,,,,,,,,,,,,,,,,,,,,,,,,,,,
Size of Nomination Committee,SIZE_OF_NOMINATION_COMMITTEE,,,,,,,,,,,,,,,,5,5,6,6,6,8,5,3,3,3,5,5,5,4,4,4,5,5,4
Num of Independent Directors on Nomination Cmte,NUM_IND_DIR_ON_NOM_CMTE,,,,,,,,,,,,,,,,5,5,6,6,6,8,5,3,3,3,5,5,5,4,4,4,5,5,4
Number of Nomination Committee Meetings,NUM_OF_NOMINATION_CMTE_MTG,,,,,,,,,,,,,,,,5,5,5,5,5,6,6,6,7,5,5,6,5,5,5,5,5,8,7
Nomination Committee Meeting Attendance Percentage,NOMINATION_CMTE_MTG_ATTEND_PCT,,,,,,,,,,,,,,,,83,88,89,85,93,89,88,88,83,81,79,94,100,82,100,100,100,94,95
,,#N/A Mandatory parameter [FIELDS] cannot be empty,,,,,,,,,,,,,,,,,,,,,,,,,,,,,,,,,
Sustainability Governance,,#N/A Mandatory parameter [FIELDS] cannot be empty,,,,,,,,,,,,,,,,,,,,,,,,,,,,,,,,,
Verification Type,VERIFICATION_TYPE,,,,,,,,,,,,,,,,0,0,1,1,1,1,1,1,1,1,1,1,1,1,1,1,1,1,1
Employee CSR Training,EMPLOYEE_CSR_TRAINING,,,,,,,,,,,,,,,,0,0,0,0,0,0,0,0,0,0,0,0,0,0,0,0,0,0,0
,,#N/A Mandatory parameter [FIELDS] cannot be empty,,,,,,,,,,,,,,,,,,,,,,,,,,,,,,,,,
Tenure,,#N/A Mandatory parameter [FIELDS] cannot be empty,,,,,,,,,,,,,,,,,,,,,,,,,,,,,,,,,
Board Duration (Years),BOARD_DURATION,,,,,,,,,,,,,,,,1,1,1,1,1,1,1,1,1,1,1,1,1,1,1,1,1,1,1
