Date,CASH_CASH_EQTY_STI_DETAILED,BS_CASH_NEAR_CASH_ITEM,BS_MKT_SEC_OTHER_ST_INVEST,BS_ACCT_NOTE_RCV,BS_ACCTS_REC_EXCL_NOTES_REC,NOTES_RECEIVABLE,BS_UNBILLED_REVENUES,BS_INVENTORIES,INVTRY_RAW_MATERIALS,INVTRY_IN_PROGRESS,INVTRY_FINISHED_GOODS,BS_OTHER_INV,OTHER_CURRENT_ASSETS_DETAILED,BS_PREPAY,BS_DERIV_HEDGING_ASST_ST,BS_TAXES_RECEIVABLE_SHORT_TERM,BS_OTHER_CUR_ASSET_LESS_PREPAY,BS_CUR_ASSET_REPORT,BS_NET_FIX_ASSET,BS_GROSS_FIX_ASSET,BS_ACCUM_DEPR,BS_LT_INVEST,BS_LONG_TERM_INVESTMENTS,BS_LT_RECEIVABLES,BS_OTHER_ASSETS_DEF_CHRG_OTHER,BS_DISCLOSED_INTANGIBLES,BS_GOODWILL,OTHER_INTANGIBLE_ASSETS_DETAILED,BS_PREPAID_EXPENSE_LT,BS_DEFERRED_TAX_ASSETS_LT,BS_DERIV_HEDGING_ASST_LT,BS_INVEST_IN_ASSOC_CO,OTHER_NONCURRENT_ASSETS_DETAILED,BS_TOT_NON_CUR_ASSET,BS_TOT_ASSET,CF_NET_INC,CF_CASH_FROM_OPER,FIXED_INTANG_ASST_CHANGE,DISPOSAL_OF_FIXED_INTANG,ACQUIS_OF_FIXED_INTANG,NET_CHG_IN_LT_INVEST_DETAILED,CF_DECR_INVEST,CF_INCR_INVEST,CF_NT_CSH_RCVD_PD_FOR_ACQUIS_DIV,CF_CASH_FOR_DIVESTITURES,CF_CASH_FOR_ACQUIS_SUBSIDIARIES,CF_CASH_FOR_JOINT_VENTURES_ASSOC,OTHER_INVESTING_ACT_DETAILED,CF_NET_CASH_DISCONTINUED_OPS_INV,CF_CASH_FROM_INV_ACT,CF_DVD_PAID,PROC_FR_REPAYMNTS_BOR_DETAILED,PROC_FR_REPURCH_EQTY_DETAILED,CF_INCR_CAP_STOCK,CF_DECR_CAP_STOCK,OTHER_FIN_AND_DEC_CAP,CF_NET_CASH_DISCONTINUED_OPS_FIN,CFF_ACTIVITIES_DETAILED,CF_EFFECT_FOREIGN_EXCHANGES,CF_NET_CHNG_CASH,CF_CASH_PAID_FOR_TAX,CF_NET_CASH_PAID_FOR_AQUIS,CF_FREE_CASH_FLOW,CF_FREE_CASH_FLOW_FIRM,FREE_CASH_FLOW_EQUITY,FREE_CASH_FLOW_PER_SH,PX_TO_FREE_CASH_FLOW,CASH_FLOW_TO_NET_INC,SALES_REV_TURN,IS_SALES_AND_SERVICES_REVENUES,IS_COGS_TO_FE_AND_PP_AND_G,IS_COG_AND_SERVICES_SOLD,GROSS_PROFIT,IS_OTHER_OPER_INC,IS_OPERATING_EXPN,IS_SGA_EXPENSE,IS_SELLING_EXPENSES,IS_GENERAL_AND_ADMINISTRATIVE,IS_OPERATING_EXPENSES_RD,IS_OTHER_OPERATING_EXPENSES,IS_OPER_INC,IS_NONOP_INCOME_LOSS,IS_NET_INTEREST_EXPENSE,IS_INT_EXPENSE,IS_INT_INC,IS_OTHER_INVESTMENT_INCOME_LOSS,INCOME_LOSS_FROM_AFFILIATES,IS_OTHER_NON_OPERATING_INC_LOSS,PRETAX_INC,IS_ABNORMAL_ITEM,IS_DERIVATIVES_HEDGING,IS_GAIN_LOSS_DISPOSAL_ASSETS,IS_IMPAIRMENT_ASSETS,IS_IMPAIR_OF_INTANG_ASSETS,IS_SALE_OF_BUSINESS,IS_LEGAL_LITIGATION_SETTLEMENT,IS_GAIN_LOSS_ON_INVESTMENTS,IS_OTHER_ONE_TIME_ITEMS,IS_INC_TAX_EXP,IS_INC_BEF_XO_ITEM,XO_GL_NET_OF_TAX,IS_DISCONTINUED_OPERATIONS,EXTRAORD_ITEMS_ACCOUNTING_CHANGS,NI_INCLUDING_MINORITY_INT_RATIO,MIN_NONCONTROL_INTEREST_CREDITS,NET_INCOME,IS_TOT_CASH_PFD_DVD,OTHER_ADJUSTMENTS,EARN_FOR_COMMON,IS_NET_ABNORMAL_ITEMS,IS_AVG_NUM_SH_FOR_EPS,IS_EPS,IS_EARN_BEF_XO_ITEMS_PER_SH,IS_BASIC_EPS_CONT_OPS,IS_SH_FOR_DILUTED_EPS,IS_DILUTED_EPS,IS_DIL_EPS_BEF_XO,IS_DIL_EPS_CONT_OPS,ACCOUNTING_STANDARD,EBITDA,EBITDA_MARGIN,EBIT,GROSS_MARGIN,OPER_MARGIN,PROF_MARGIN,ACTUAL_SALES_PER_EMPL,RETURN_COM_EQY,RETURN_ON_ASSET,RETURN_ON_CAP,RETURN_ON_INV_CAPITAL,INCREMENTAL_OPERATING_MARGIN,PRETAX_INC_TO_NET_SALES,INC_BEF_XO_ITEMS_TO_NET_SALES,NET_INCOME_TO_COMMON_MARGIN,EFF_TAX_RATE
1990-03-30 00:00:00,,,,,,,,,,,,,,,,,,,,,,,,,,,,,,,,,,,,,,,,,,,,,,,,,,,,,,,,,,,,,,,,,,,,,,,,,,,,,,,,,,,,,,,,,,,,,,,,,,,,,,,,,,,,,,,,,,,,,,,,,,,,,,,,,,,,,,,
1990-06-29 00:00:00,,,,,,,,,,,,,,,,,,,,,,,,,,,,,,,,,,,,,,,,,,,,,,,,,,,,,,,,,,,,,,,,,,,,,,,,,,,,,,,,,,,,,,,,,,,,,,,,,,,,,,,,,,,,,,,,,,,,,,,,,,,,,,,,,,,,,,,
1990-09-28 00:00:00,,,,,,,,,,,,,,,,,,,,,,,,,,,,,,,,,,,,,,,,,,,,,,,,,,,,,,,,,,,,,,,,,,,,,,,,,,,,,,,,,,,,,,,,,,,,,,,,,,,,,,,,,,,,,,,,,,,,,,,,,,,,,,,,,,,,,,,
1990-12-31 00:00:00,,,,,,,,,,,,,,,,,,,,,,,,,,,,,,,,,,,,,,,,,,,,,,,,,,,,,,,,,,,,,,,,,,,,,,,,,,,,,,,,,,,,,,,,,,,,,,,,,,,,,,,,,,,,,,,,,,,,,,,,,,,,,,,,,,,,,,,
1991-03-28 00:00:00,,,,,,,,,,,,,,,,,,,,,,,,,,,,,,,,,,,,,,,,,,,,,,,,,,,,,,,,,,,,,,,,,,,,,,,,,,,,,,,,,,,,,,,,,,,,,,,,,,,,,,,,,,,,,,,,,,,,,,,,,,,,,,,,,,,,,,,
1991-06-28 00:00:00,,,,,,,,,,,,,,,,,,,,,,,,,,,,,,,,,,,,,,,,,,,,,,,,,,,,,,,,,,,,,,,,,,,,,,,,,,,,,,,,,,,,,,,,,,,,,,,,,,,,,,,,,,,,,,,,,,,,,,,,,,,,,,,,,,,,,,,
1991-09-30 00:00:00,,,,,,,,,,,,,,,,,,,,,,,,,,,,,,,,,,,,,,,,,,,,,,,,,,,,,,,,,,,,,,,,,,,,,,,,,,,,,,,,,,,,,,,,,,,,,,,,,,,,,,,,,,,,,,,,,,,,,,,,,,,,,,,,,,,,,,,
1991-12-31 00:00:00,,,,,,,,,,,,,,,,,,,,,,,,,,,,,,,,,,,,,,,,,,,,,,,,,,,,,,,,,,,,,,,,,,,,,,,,,,,,,,,,,,,,,,,,,,,,,,,,,,,,,,,,,,,,,,,,,,,,,,,,,,,,,,,,,,,,,,,
1992-03-31 00:00:00,,,,,,,,,,,,,,,,,,,,,,,,,,,,,,,,,,,,,,,,,,,,,,,,,,,,,,,,,,,,,,,,,,,,,,,,,,,,,,,,,,,,,,,,,,,,,,,,,,,,,,,,,,,,,,,,,,,,,,,,,,,,,,,,,,,,,,,
1992-06-30 00:00:00,,,,,,,,,,,,,,,,,,,,,,,,,,,,,,,,,,,,,,,,,,,,,,,,,,,,,,,,,,,,,,,,,,,,,,,,,,,,,,,,,,,,,,,,,,,,,,,,,,,,,,,,,,,,,,,,,,,,,,,,,,,,,,,,,,,,,,,
1992-09-30 00:00:00,,,,,,,,,,,,,,,,,,,,,,,,,,,,,,,,,,,,,,,,,,,,,,,,,,,,,,,,,,,,,,,,,,,,,,,,,,,,,,,,,,,,,,,,,,,,,,,,,,,,,,,,,,,,,,,,,,,,,,,,,,,,,,,,,,,,,,,
1992-12-31 00:00:00,,,,,,,,,,,,,,,,,,,,,,,,,,,,,,,,,,,,,,,,,,,,,,,,,,,,,,,,,,,,,,,,,,,,,,,,,,,,,,,,,,,,,,,,,,,,,,,,,,,,,,,,,,,,,,,,,,,,,,,,,,,,,,,,,,,,,,,
1993-03-31 00:00:00,,,,,,,,,,,,,,,,,,,,,,,,,,,,,,,,,,,,,,,,,,,,,,,,,,,,,,,,,,,,,,,,,,,,,,,,,,,,,,,,,,,,,,,,,,,,,,,,,,,,,,,,,,,,,,,,,,,,,,,,,,,,,,,,,,,,,,,
1993-06-30 00:00:00,,,,,,,,,,,,,,,,,,,,,,,,,,,,,,,,,,,,,,,,,,,,,,,,,,,,,,,,,,,,,,,,,,,,,,,,,,,,,,,,,,,,,,,,,,,,,,,,,,,,,,,,,,,,,,,,,,,,,,,,,,,,,,,,,,,,,,,
1993-09-30 00:00:00,,,,,,,,,,,,,,,,,,,,,,,,,,,,,,,,,,,,,,,,,,,,,,,,,,,,,,,,,,,,,,,,,,,,,,,,,,,,,,,,,,,,,,,,,,,,,,,,,,,,,,,,,,,,,,,,,,,,,,,,,,,,,,,,,,,,,,,
1993-12-31 00:00:00,,,,,,,,,,,,,,,,,,,,,,,,,,,,,,,,,,,,,,,,,,,,,,,,,,,,,,,,,,,,,,,,,,,,,,,,,,,,,,,,,,,,,,,,,,,,,,,,,,,,,,,,,,,,,,,,,,,,,,,,,,,,,,,,,,,,,,,
1994-03-31 00:00:00,,,,,,,,,,,,,,,,,,,,,,,,,,,,,,,,,,,,,,,,,,,,,,,,,,,,,,,,,,,,,,,,,,,,,,,,,,,,,,,,,,,,,,,,,,,,,,,,,,,,,,,,,,,,,,,,,,,,,,,,,,,,,,,,,,,,,,,
1994-06-30 00:00:00,,,,,,,,,,,,,,,,,,,,,,,,,,,,,,,,,,,,,,,,,,,,,,,,,,,,,,,,,,,,,,,,,,,,,,,,,,,,,,,,,,,,,,,,,,,,,,,,,,,,,,,,,,,,,,,,,,,,,,,,,,,,,,,,,,,,,,,
1994-09-30 00:00:00,,,,,,,,,,,,,,,,,,,,,,,,,,,,,,,,,,,,,,,,,,,,,,,,,,,,,,,,,,,,,,,,,,,,,,,,,,,,,,,,,,,,,,,,,,,,,,,,,,,,,,,,,,,,,,,,,,,,,,,,,,,,,,,,,,,,,,,
1994-12-30 00:00:00,,,,,,,,,,,,,,,,,,,,,,,,,,,,,,,,,,,,,,,,,,,,,,,,,,,,,,,,,,,,,,,,,,,,,,,,,,,,,,,,,,,,,,,,,,,,,,,,,,,,,,,,,,,,,,,,,,,,,,,,,,,,,,,,,,,,,,,
1995-03-31 00:00:00,,,,,,,,,,,,,,,,,,,,,,,,,,,,,,,,,,,,,,,,,,,,,,,,,,,,,,,,,,,,,,,,,,,,,,,,,,,,,,,,,,,,,,,,,,,,,,,,,,,,,,,,,,,,,,,,,,,,,,,,,,,,,,,,,,,,,,,
1995-06-30 00:00:00,,,,,,,,,,,,,,,,,,,,,,,,,,,,,,,,,,,,,,,,,,,,,,,,,,,,,,,,,,,,,,,,,,,,,,,,,,,,,,,,,,,,,,,,,,,,,,,,,,,,,,,,,,,,,,,,,,,,,,,,,,,,,,,,,,,,,,,
1995-09-29 00:00:00,,,,,,,,,,,,,,,,,,,,,,,,,,,,,,,,,,,,,,,,,,,,,,,,,,,,,,,,,,,,,,,,,,,,,,,,,,,,,,,,,,,,,,,,,,,,,,,,,,,,,,,,,,,,,,,,,,,,,,,,,,,,,,,,,,,,,,,
1995-12-29 00:00:00,,,,,,,,,,,,,,,,,,,,,,,,,,,,,,,,,,,,,,,,,,,,,,,,,,,,,,,,,,,,,,,,,,,,,,,,,,,,,,,,,,,,,,,,,,,,,,,,,,,,,,,,,,,,,,,,,,,,,,,,,,,,,,,,,,,,,,,
1996-03-29 00:00:00,,,,,,,,,,,,,,,,,,,,,,,,,,,,,,,,,,,,,,,,,,,,,,,,,,,,,,,,,,,,,,,,,,,,,,,,,,,,,,,,,,,,,,,,,,,,,,,,,,,,,,,,,,,,,,,,,,,,,,,,,,,,,,,,,,,,,,,
1996-06-28 00:00:00,,,,,,,,,,,,,,,,,,,,,,,,,,,,,,,,,,,,,,,,,,,,,,,,,,,,,,,,,,,,,,,,,,,,,,,,,,,,,,,,,,,,,,,,,,,,,,,,,,,,,,,,,,,,,,,,,,,,,,,,,,,,,,,,,,,,,,,
1996-09-30 00:00:00,,,,,,,,,,,,,,,,,,,,,,,,,,,,,,,,,,,,,,,,,,,,,,,,,,,,,,,,,,,,,,,,,,,,,,,,,,,,,,,,,,,,,,,,,,,,,,,,,,,,,,,,,,,,,,,,,,,,,,,,,,,,,,,,,,,,,,,
1996-12-31 00:00:00,,,,,,,,,,,,,,,,,,,,,,,,,,,,,,,,,,,,,,,,,,,,,,,,,,,,,,,,,,,,,,,,,,,,,,,,,,,,,,,,,,,,,,,,,,,,,,,,,,,,,,,,,,,,,,,,,,,,,,,,,,,,,,,,,,,,,,,
1997-03-31 00:00:00,,,,,,,,,,,,,,,,,,,,,,,,,,,,,,,,,,,,,,,,,,,,,,,,,,,,,,,,,,,,,,,,,,,,,,,,,,,,,,,,,,,,,,,,,,,,,,,,,,,,,,,,,,,,,,,,,,,,,,,,,,,,,,,,,,,,,,,
1997-06-30 00:00:00,,,,,,,,,,,,,,,,,,,,,,,,,,,,,,,,,,,,,,,,,,,,,,,,,,,,,,,,,,,,,,,,,,,,,,,,,,,,,,,,,,,,,,,,,,,,,,,,,,,,,,,,,,,,,,,,,,,,,,,,,,,,,,,,,,,,,,,
1997-09-30 00:00:00,,,,,,,,,,,,,,,,,,,,,,,,,,,,,,,,,,,,,,,,,,,,,,,,,,,,,,,,,,,,,,,,,,,,,,,,,,,,,,,,,,,,,,,,,,,,,,,,,,,,,,,,,,,,,,,,,,,,,,,,,,,,,,,,,,,,,,,
1997-12-31 00:00:00,,,,,,,,,,,,,,,,,,,,,,,,,,,,,,,,,,,,,,,,,,,,,,,,,,,,,,,,,,,,,,,,,,,,,,,,,,,,,,,,,,,,,,,,,,,,,,,,,,,,,,,,,,,,,,,,,,,,,,,,,,,,,,,,,,,,,,,
1998-03-31 00:00:00,,,,,,,,,,,,,,,,,,,,,,,,,,,,,,,,,,,,,,,,,,,,,,,,,,,,,,,,,,,,,,,,,,,,,,,,,,,,,,,,,,,,,,,,,,,,,,,,,,,,,,,,,,,,,,,,,,,,,,,,,,,,,,,,,,,,,,,
1998-06-30 00:00:00,,,,,,,,,,,,,,,,,,,,,,,,,,,,,,,,,,,,,,,,,,,,,,,,,,,,,,,,,,,,,,,,,,,,,,,,,,,,,,,,,,,,,,,,,,,,,,,,,,,,,,,,,,,,,,,,,,,,,,,,,,,,,,,,,,,,,,,
1998-09-30 00:00:00,,,,,,,,,,,,,,,,,,,,,,,,,,,,,,,,,,,,,,,,,,,,,,,,,,,,,,,,,,,,,,,,,,,,,,,,,,,,,,,,,,,,,,,,,,,,,,,,,,,,,,,,,,,,,,,,,,,,,,,,,,,,,,,,,,,,,,,
1998-12-31 00:00:00,,,,,,,,,,,,,,,,,,,,,,,,,,,,,,,,,,,,,,,,,,,,,,,,,,,,,,,,,,,,,,,,,,,,,,,,,,,,,,,,,,,,,,,,,,,,,,,,,,,,,,,,,,,,,,,,,,,,,,,,,,,,,,,,,,,,,,,
1999-03-31 00:00:00,,,,,,,,,,,,,,,,,,,,,,,,,,,,,,,,,,,,,,,,,,,,,,,,,,,,,,,,,,,,,,,,,,,,,,,,,,,,,,,,,,,,,,,,,,,,,,,,,,,,,,,,,,,,,,,,,,,,,,,,,,,,,,,,,,,,,,,
1999-06-30 00:00:00,,,,,,,,,,,,,,,,,,,,,,,,,,,,,,,,,,,,,,,,,,,,,,,,,,,,,,,,,,,,,,,,,,,,,,,,,,,,,,,,,,,,,,,,,,,,,,,,,,,,,,,,,,,,,,,,,,,,,,,,,,,,,,,,,,,,,,,
1999-09-30 00:00:00,,,,,,,,,,,,,,,,,,,,,,,,,,,,,,,,,,,,,,,,,,,,,,,,,,,,,,,,,,,,,,,,,,,,,,,,,,,,,,,,,,,,,,,,,,,,,,,,,,,,,,,,,,,,,,,,,,,,,,,,,,,,,,,,,,,,,,,
1999-12-31 00:00:00,,,,,,,,,,,,,,,,,,,,,,,,,,,,,,,,,,,,,,,,,,,,,,,,,,,,,,,,,,,,,,,,,,,,,,,,,,,,,,,,,,,,,,,,,,,,,,,,,,,,,,,,,,,,,,,,,,,,,,,,,,,,,,,,,,,,,,,
2000-03-31 00:00:00,,,,,,,,,,,,,,,,,,,,,,,,,,,,,,,,,,,,,,,,,,,,,,,,,,,,,,,,,,,,,,,,,,,,,,,,,,,,,,,,,,,,,,,,,,,,,,,,,,,,,,,,,,,,,,,,,,,,,,,,,,,,,,,,,,,,,,,
2000-06-30 00:00:00,,,,,,,,,,,,,,,,,,,,,,,,,,,,,,,,,,,,,,,,,,,,,,,,,,,,,,,,,,,,,,,,,,,,,,,,,,,,,,,,,,,,,,,,,,,,,,,,,,,,,,,,,,,,,,,,,,,,,,,,,,,,,,,,,,,,,,,
2000-09-29 00:00:00,,,,,,,,,,,,,,,,,,,,,,,,,,,,,,,,,,,,,,,,,,,,,,,,,,,,,,,,,,,,,,,,,,,,,,,,,,,,,,,,,,,,,,,,,,,,,,,,,,,,,,,,,,,,,,,,,,,,,,,,,,,,,,,,,,,,,,,
2000-12-29 00:00:00,,,,,,,,,,,,,,,,,,,,,,,,,,,,,,,,,,,,,,,,,,,,,,,,,,,,,,,,,,,,,,,,,,,,,,,,,,,,,,,,,,,,,,,,,,,,,,,,,,,,,,,,,,,,,,,,,,,,,,,,,,,,,,,,,,,,,,,
2001-03-30 00:00:00,,,,,,,,,,,,,,,,,,,,,,,,,,,,,,,,,,,,,,,,,,,,,,,,,,,,,,,,,,,,,,,,,,,,,,,,,,,,,,,,,,,,,,,,,,,,,,,,,,,,,,,,,,,,,,,,,,,,,,,,,,,,,,,,,,,,,,,
2001-06-29 00:00:00,,,,,,,,,,,,,,,,,,,,,,,,,,,,,,,,,,,,,,,,,,,,,,,,,,,,,,,,,,,,,,,,,,,,,,,,,,,,,,,,,,,,,,,,,,,,,,,,,,,,,,,,,,,,,,,,,,,,,,,,,,,,,,,,,,,,,,,
2001-09-28 00:00:00,,,,,,,,,,,,,,,,,,,,,,,,,,,,,,,,,,,,,,,,,,,,,,,,,,,,,,,,,,,,,,,,,,,,,,,,,,,,,,,,,,,,,,,,,,,,,,,,,,,,,,,,,,,,,,,,,,,,,,,,,,,,,,,,,,,,,,,
2001-12-31 00:00:00,,,,,,,,,,,,,,,,,,,,,,,,,,,,,,,,,,,,,,,,,,,,,,,,,,,,,,,,,,,,,,,,,,,,,,,,,,,,,,,,,,,,,,,,,,,,,,,,,,,,,,,,,,,,,,,,,,,,,,,,,,,,,,,,,,,,,,,
2002-03-28 00:00:00,,,,,,,,,,,,,,,,,,,,,,,,,,,,,,,,,,,,,,,,,,,,,,,,,,,,,,,,,,,,,,,,,,,,,,,,,,,,,,,,,,,,,,,,,,,,,,,,,,,,,,,,,,,,,,,,,,,,,,,,,,,,,,,,,,,,,,,
2002-06-28 00:00:00,,,,,,,,,,,,,,,,,,,,,,,,,,,,,,,,,,,,,,,,,,,,,,,,,,,,,,,,,,,,,,,,,,,,,,,,,,,,,,,,,,,,,,,,,,,,,,,,,,,,,,,,,,,,,,,,,,,,,,,,,,,,,,,,,,,,,,,
2002-09-30 00:00:00,,,,,,,,,,,,,,,,,,,,,,,,,,,,,,,,,,,,,,,,,,,,,,,,,,,,,,,,,,,,,,,,,,,,,,,,,,,,,,,,,,,,,,,,,,,,,,,,,,,,,,,,,,,,,,,,,,,,,,,,,,,,,,,,,,,,,,,
2002-12-31 00:00:00,,,,,,,,,,,,,,,,,,,,,,,,,,,,,,,,,,,,,,,,,,,,,,,,,,,,,,,,,,,,,,,,,,,,,,,,,,,,,,,,,,,,,,,,,,,,,,,,,,,,,,,,,,,,,,,,,,,,,,,,,,,,,,,,,,,,,,,
2003-03-31 00:00:00,,,,,,,,,,,,,,,,,,,,,,,,,,,,,,,,,,,,,,,,,,,,,,,,,,,,,,,,,,,,,,,,,,,,,,,,,,,,,,,,,,,,,,,,,,,,,,,,,,,,,,,,,,,,,,,,,,,,,,,,,,,,,,,,,,,,,,,
2003-06-30 00:00:00,,,,,,,,,,,,,,,,,,,,,,,,,,,,,,,,,,,,,,,,,,,,,,,,,,,,,,,,,,,,,,,,,,,,,,,,,,,,,,,,,,,,,,,,,,,,,,,,,,,,,,,,,,,,,,,,,,,,,,,,,,,,,,,,,,,,,,,
2003-09-30 00:00:00,,,,,,,,,,,,,,,,,,,,,,,,,,,,,,,,,,,,,,,,,,,,,,,,,,,,,,,,,,,,,,,,,,,,,,,,,,,,,,,,,,,,,,,,,,,,,,,,,,,,,,,,,,,,,,,,,,,,,,,,,,,,,,,,,,,,,,,
2003-12-31 00:00:00,,,,,,,,,,,,,,,,,,,,,,,,,,,,,,,,,,,,,,,,,,,,,,,,,,,,,,,,,,,,,,,,,,,,,,,,,,,,,,,,,,,,,,,,,,,,,,,,,,,,,,,,,,,,,,,,,,,,,,,,,,,,,,,,,,,,,,,
2004-03-31 00:00:00,,,,,,,,,,,,,,,,,,,,,,,,,,,,,,,,,,,,,,,,,,,,,,,,,,,,,,,,,,,,,,,,,,,,,,,,,,,,,,,,,,,,,,,,,,,,,,,,,,,,,,,,,,,,,,,,,,,,,,,,,,,,,,,,,,,,,,,
2004-06-30 00:00:00,,,,,,,,,,,,,,,,,,,,,,,,,,,,,,,,,,,,,,,,,,,,,,,,,,,,,,,,,,,,,,,,,,,,,,,,,,,,,,,,,,,,,,,,,,,,,,,,,,,,,,,,,,,,,,,,,,,,,,,,,,,,,,,,,,,,,,,
2004-09-30 00:00:00,,,,,,,,,,,,,,,,,,,,,,,,,,,,,,,,,,,,,,,,,,,,,,,,,,,,,,,,,,,,,,,,,,,,,,,,,,,,,,,,,,,,,,,,,,,,,,,,,,,,,,,,,,,,,,,,,,,,,,,,,,,,,,,,,,,,,,,
2004-12-31 00:00:00,,,,,,,,,,,,,,,,,,,,,,,,,,,,,,,,,,,,,,,,,,,,,,,,,,,,,,,,,,,,,,,,,,,,,,,,,,,,,,,,,,,,,,,,,,,,,,,,,,,,,,,,,,,,,,,,,,,,,,,,,,,,,,,,,,,,,,,
2005-03-31 00:00:00,,,,,,,,,,,,,,,,,,,,,,,,,,,,,,,,,,,,,,,,,,,,,,,,,,,,,,,,,,,,,,,,,,,,,,,,,,,,,,,,,,,,,,,,,,,,,,,,,,,,,,,,,,,,,,,,,,,,,,,,,,,,,,,,,,,,,,,
2005-06-30 00:00:00,,,,,,,,,,,,,,,,,,,,,,,,,,,,,,,,,,,,,,,,,,,,,,,,,,,,,,,,,,,,,,,,,,,,,,,,,,,,,,,,,,,,,,,,,,,,,,,,,,,,,,,,,,,,,,,,,,,,,,,,,,,,,,,,,,,,,,,
2005-09-30 00:00:00,,,,,,,,,,,,,,,,,,,,,,,,,,,,,,,,,,,,,,,,,,,,,,,,,,,,,,,,,,,,,,,,,,,,,,,,,,,,,,,,,,,,,,,,,,,,,,,,,,,,,,,,,,,,,,,,,,,,,,,,,,,,,,,,,,,,,,,
2005-12-30 00:00:00,,,,,,,,,,,,,,,,,,,,,,,,,,,,,,,,,,,,,,,,,,,,,,,,,,,,,,,,,,,,,,,,,,,,,,,,,,,,,,,,,,,,,,,,,,,,,,,,,,,,,,,,,,,,,,,,,,,,,,,,,,,,,,,,,,,,,,,
2006-03-31 00:00:00,,,,,,,,,,,,,,,,,,,,,,,,,,,,,,,,,,,,,,,,,,,,,,,,,,,,,,,,,,,,,,,,,,,,,,,,,,,,,,,,,,,,,,,,,,,,,,,,,,,,,,,,,,,,,,,,,,,,,,,,,,,,,,,,,,,,,,,
2006-06-30 00:00:00,,,,,,,,,,,,,,,,,,,,,,,,,,,,,,,,,,,,,,,,,,,,,,,,,,,,,,,,,,,,,,,,,,,,,,,,,,,,,,,,,,,,,,,,,,,,,,,,,,,,,,,,,,,,,,,,,,,,,,,,,,,,,,,,,,,,,,,
2006-09-29 00:00:00,,,,,,,,,,,,,,,,,,,,,,,,,,,,,,,,,,,,,,,,,,,,,,,,,,,,,,,,,,,,,,,,,,,,,,,,,,,,,,,,,,,,,,,,,,,,,,,,,,,,,,,,,,,,,,,,,,,,,,,,,,,,,,,,,,,,,,,
2006-12-29 00:00:00,,,,,,,,,,,,,,,,,,,,,,,,,,,,,,,,,,,,,,,,,,,,,,,,,,,,,,,,,,,,,,,,,,,,,,,,,,,,,,,,,,,,,,,,,,,,,,,,,,,,,,,,,,,,,,,,,,,,,,,,,,,,,,,,,,,,,,,
2007-03-30 00:00:00,,,,,,,,,,,,,,,,,,,,,,,,,,,,,,,,,,,,,,,,,,,,,,,,,,,,,,,,,,,,,,,,,,,,,,,,,,,,,,,,,,,,,,,,,,,,,,,,,,,,,,,,,,,,,,,,,,,,,,,,,,,,,,,,,,,,,,,
2007-06-29 00:00:00,,,,,,,,,,,,,,,,,,,,,,,,,,,,,,,,,,,,,,,,,,,,,,,,,,,,,,,,,,,,,,,,,,,,,,,,,,,,,,,,,,,,,,,,,,,,,,,,,,,,,,,,,,,,,,,,,,,,,,,,,,,,,,,,,,,,,,,
2007-09-28 00:00:00,,,,,,,,,,,,,,,,,,,,,,,,,,,,,,,,,,,,,,,,,,,,,,,,,,,,,,,,,,,,,,,,,,,,,,,,,,,,,,,,,,,,,,,,,,,,,,,,,,,,,,,,,,,,,,,,,,,,,,,,,,,,,,,,,,,,,,,
2007-12-31 00:00:00,305,305,,,,,,,,,,,,,,,,,82,,,,,,,,,,,,,,,82,448,,,,,,,,,,,,,,,,,,,,,,,,,,,,,,,,,,,,,,,,,,,,,,,,,,,,,,,,,,,,,,,,,,,,,,,,,,,,,,,,,,,,US GAAP,,,,,,,,,,,,,,,,
2008-03-31 00:00:00,,,,,,,,,,,,,,,,,,,,,,,,,,,,,,,,,,,,,,,,,,,,,,,,,,,,,,,,,,,,,,,,,,,,,,,,,,,,,,,,,,,,,,,,,,,,,,,,,,,,,,,,,,,,,,,,,,,,,,,,,,,,,,,,,,,,,,,
2008-06-30 00:00:00,,,,,,,,,,,,,,,,,,,,,,,,,,,,,,,,,,,,,,,,,,,,,,,,,,,,,,,,,,,,,,,,,,,,,,,,,,,,,,,,,,,,,,,,,,,,,,,,,,,,,,,,,,,,,,,,,,,,,,,,,,,,,,,,,,,,,,,
2008-09-30 00:00:00,,,,,,,,,,,,,,,,,,,,,,,,,,,,,,,,,,,,,,,,,,,,,,,,,,,,,,,,,,,,,,,,,,,,,,,,,,,,,,,,,,,,,,,,,,,,,,,,,,,,,,,,,,,,,,,,,,,,,,,,,,,,,,,,,,,,,,,
2008-12-31 00:00:00,297,297,,,,,,,,,,,,,,,,,131,,,,,,,,,,,,,,,131,505,,,,,,,,,,,,,,,,,,,,,,,,,,,,,,,,,,,,,,,,,,,,,,,,,,,,,,,,,,,,,,,,,,,,,,,,,,,,,,,,,,,,US GAAP,,,,,,,,,,,,,,,,
2009-03-31 00:00:00,,,,,,,,,,,,,,,,,,,,,,,,,,,,,,,,,,,,,,,,,,,,,,,,,,,,,,,,,,,,,,,,,,,,,,,,,,,,,,,,,,,,,,,,,,,,,,,,,,,,,,,,,,,,,,,,,,,,,,,,,,,,,,,,,,,,,,,
2009-06-30 00:00:00,,,,,,,,,,,,,,,,,,,,,,,,,,,,,,,,,,,,,,,,,,,,,,,,,,,,,,,,,,,,,,,,,,,,,,,,,,,,,,,,,,,,,,,,,,,,,,,,,,,,,,,,,,,,,,,,,,,,,,,,,,,,,,,,,,,,,,,
2009-09-30 00:00:00,,,,,,,,,,,,,,,,,,,,,,,,,,,,,,,,,,,,,,,,,,,,,,,,,,,,,,,,,,,,,,,,,,,,,,,,,,,,,,,,,,,,,,,,,,,,,,,,,,,,,,,,,,,,,,,,,,,,,,,,,,,,,,,,,,,,,,,
2009-12-31 00:00:00,633,633,0,,,0,,0,0,0,0,0,0,,0,,0,633,148,,,0,,,328,11,11,0,,,0,,317,476,1109,,,,,,,,,,,,,,,,,,,,,,,,,,,,,,,,,,,,,,,,,,,,,,,,,,,,,,,,,,,,,,,,,,,,,,,,,,,,,,,,,,,,US GAAP,,,,,,,,,,,,,,,,
2010-03-31 00:00:00,,,,,,,,,,,,,,,,,,,,,,,,,,,,,,,,,,,,,,,,,,,,,,,,,,,,,,,,,,,,,,,,,,,,,345,,,,,,,,,,,,162,,,,,,,,,,,,,,,,,,,,,,,,,95,,,95,,,,,,,,,,US GAAP,,,162,,46.9565,27.5362,,,,,,,,,27.5362,
2010-06-30 00:00:00,,,,,,,,,,,,,,,,,,,,,,,,,,,,,,,,,,,,,,,,,,,,,,,,,,,,,,,,,,,,,,,,,,,,,431,,,,,,,,,,,,218,,,,,,,,,,,,,,,,,,,,,,,,,129,,,129,,,,,,,,,,US GAAP,,,218,,50.58,29.9304,,,,,,,,,29.9304,
2010-09-30 00:00:00,,,,,,,,,,,,,,,,,,,,,,,,,,,,,,,,,,,,,,,,,,,,,,,,,,,,,,,,,,,,,,,,,,,,,467,,,,,,,,,,,,216,,,,,,,,,,,,,,,,,,,,,,,,,131,,,131,,,,,,,,,,US GAAP,,,216,,46.2527,28.0514,,,,,,,,,28.0514,
2010-12-31 00:00:00,1785,1785,,373,373,0,,0,0,0,0,0,88,,0,,88,2246,574,820,246,0,,,170,96,37,59,,,0,,74,744,2990,,,,,,,,,,,,,,,,,,,,,,,,,,,,,,,,,,731,,,,,,,,,,,,437,,,,,,,,,,,,,,,,,,,,,,,,,251,,,251,,,,,,,,,,US GAAP,,,437,,59.7811,34.3365,,50.1863,29.5682,,,,,,34.3365,
2011-03-31 00:00:00,,,,,,,,,,,,,,,,,,,,,,,,,,,,,,,,,,,,153,345,-153,0,-153,0,0,0,-1,0,-1,0,1,0,-153,0,-250,1076,1076,0,-28,0,798,1,991,103,1,192,196.098,,0.1548,,2.2549,731,637,167,167,564,0,176,119,68,51,57,0,388,-10,,7,,,,-17,398,0,,,,,,,,,165,233,0,0,0,233,80,153,0,0,153,0,1240,0.12,0.12,0.12,1390.9091,0.11,0.11,0.11,US GAAP,439,,388,77.1546,53.078,20.9302,,,,,,58.5492,54.446,31.8741,20.9302,41.4573
2011-06-30 00:00:00,,,,,,,,,,,,,,,,,,,,,,,,,,,,,,,,,,,,159,129,-132,0,-132,-1,0,-1,-3,0,-3,0,-1896,0,-2032,0,0,301,301,0,-46,0,255,3,-1645,73,3,-3,2.4135,,-0.0023,,0.8113,895,895,210,210,685,0,278,179,96,83,99,0,407,8,,9,,,,-1,399,0,,,,,,,,,159,240,0,0,0,240,81,159,0,0,159,0,1292,0.12,0.12,0.12,1510,0.11,0.11,0.11,US GAAP,479,,407,76.5363,45.4749,17.7654,,,,,,40.7328,44.581,26.8156,17.7654,39.8496
2011-09-30 00:00:00,,,,,,,,,,,,,,,,,,,,,,,,,,,,,,,,,,,,150,565,-136,0,-136,0,0,0,-1,0,-1,0,-658,0,-795,0,0,53,53,0,-39,0,14,-9,-225,3,1,429,434.9894,,0.326,,3.7667,954,954,236,236,718,0,304,196,114,82,108,0,414,35,,10,,,,25,379,0,,,,,,,,,152,227,0,0,0,227,77,150,0,0,150,0,1316,0.11,0.11,0.11,1520,0.1,0.1,0.1,US GAAP,511,,414,75.2621,43.3962,15.7233,,,,,,40.6571,39.7275,23.7945,15.7233,40.1055
2011-12-30 00:00:00,3908,1512,2396,547,547,0,,0,0,0,0,0,149,,0,0,149,4604,1475,1925,450,0,,,252,162,82,80,,,0,,90,1727,6331,205,510,-185,0,-185,-1,0,-1,-19,0,-19,0,162,0,-43,0,0,29,29,0,102,0,131,8,606,18,19,325,334.2923,,0.2453,,2.4878,1131,943,247,247,884,0,336,212,120,92,124,0,548,28,,16,,,,12,520,0,,,,,,,,,218,302,0,0,0,302,97,205,0,0,205,0,1325,0.15,0.15,0.15,1519,0.14,0.14,0.14,US GAAP,651,56.0496,548,78.1609,48.4527,18.1256,353437.5,22.8777,14.3118,25.0107,25.2017,27.75,45.977,26.702,18.1256,41.9231
2012-03-30 00:00:00,3910,1282,2628,482,482,0,,0,0,0,0,0,302,,,,302,4694,1855,2392,537,0,,,310,189,82,107,,,,,121,2165,6859,137,441,-453,0,-453,0,0,0,-25,0,-25,0,-242,0,-720,0,-71,59,59,0,62,0,50,-1,-230,174,25,-12,-5.0236,-83,-0.0089,,3.219,1058,872,277,277,781,0,400,247,143,104,153,0,381,-1,,13,,,,-14,382,0,,,,,,,,,177,205,0,0,0,205,68,137,0,0,137,0,1347,0.1,0.1,0.1,1527,0.09,0.09,0.09,US GAAP,491,52.7984,381,73.8185,36.0113,12.949,298954.5069,,,,,,36.1059,19.3762,12.949,46.3351
2012-06-29 00:00:00,10188,2098,8090,578,578,0,,0,0,0,0,0,1201,634,,567,0,11967,2105,2734,629,0,,,856,809,100,709,,,,,47,2961,14928,-157,240,-413,0,-413,-2,0,-2,-550,0,-550,0,-5485,0,-6450,0,-143,7092,7092,0,-52,0,6897,-14,673,8,550,-173,,-931,-0.0921,66.1185,,1184,992,367,367,817,0,1560,855,392,463,705,0,-743,22,,10,,,,12,-765,0,,,,,,,,,-608,-157,0,0,0,-157,0,-157,0,0,-157,0,1879,-0.08,-0.08,-0.08,1879,-0.08,-0.08,-0.08,US GAAP,-604,24.2431,-743,69.0034,-62.7534,-13.2601,297786.7203,,,,,,-64.6115,-13.2601,-13.2601,
2012-09-28 00:00:00,10452,2478,7974,635,635,0,,0,0,0,0,0,1198,,,567,631,12285,2289,3023,734,0,,,1464,1423,590,833,,,,,41,3753,16038,-59,250,-171,0,-171,0,0,0,-336,0,-336,0,118,0,-389,0,-88,472,472,0,123,0,507,12,380,2,336,79,77.2554,-9,0.0326,122.4084,,1262,1086,322,322,940,0,563,319,168,151,244,0,377,5,,11,,,,-6,372,0,,,,,,,,,431,-59,0,0,0,-59,0,-59,0,0,-59,0,2420,-0.02,-0.02,-0.02,2420,-0.02,-0.02,-0.02,US GAAP,553,23.5383,377,74.4849,29.8732,-4.6751,,,,,,,29.477,-4.6751,-4.6751,115.8602
2012-12-31 00:00:00,9626,2384,7242,719,719,0,,0,0,0,0,0,922,,,451,471,11267,2391,3273,882,0,,,1445,1388,587,801,,,,,57,3836,15103,64,681,-198,0,-198,1,1,0,0,0,0,0,732,0,535,0,1496,187,187,0,-2997,0,-1314,4,-94,-131,0,483,485.0277,1979,0.204,196.2593,10.6406,1585,1329,398,398,1187,0,664,367,193,174,297,0,523,18,,16,,,,2,505,0,,,,,,,,,441,64,0,0,0,64,0,64,0,0,64,0,2368,0.03,0.03,0.03,2506,0.03,0.03,0.03,US GAAP,747,23.3248,523,74.8896,32.9968,4.0379,343147.8675,-0.187,-0.14,0.5929,0.692,,31.8612,4.0379,4.0379,87.3267
2013-03-28 00:00:00,9472,2325,7147,659,659,0,,0,0,0,0,0,911,,,426,485,11042,2533,3535,1002,0,,,1588,1501,654,847,,,,,87,4121,15163,217,719,-327,0,-327,0,0,0,-99,0,-99,0,100,0,-326,0,-109,70,70,0,-405,0,-444,-8,-59,9,99,392,,283,0.1643,82.8272,3.3134,1458,1245,413,413,1045,0,672,379,203,176,293,0,373,20,,,,,,20,353,0,,,,,,,,,134,219,0,0,0,219,2,217,0,0,217,0,2386,0.09,0.09,0.09,2499,0.09,0.09,0.09,US GAAP,606,23.7202,373,71.6735,25.583,14.8834,,0.7888,0.5903,,0.9474,,24.2112,15.0206,14.8834,37.9603
2013-06-28 00:00:00,10252,3001,7251,775,775,0,,0,0,0,0,0,394,,,7,387,11421,2577,3591,1014,0,,,1726,1631,762,869,,,,,95,4303,15724,331,1322,-268,0,-268,0,0,0,-122,0,-122,0,-108,0,-498,0,-91,95,95,0,-153,0,-149,1,676,9,122,1054,,963,0.4379,29.6616,3.994,1813,1599,465,465,1348,0,786,442,269,173,344,0,562,17,,,,,,17,545,0,,,,,,,,,212,333,0,0,0,333,2,331,0,0,331,0,2407,0.14,0.14,0.14,2502,0.13,0.13,0.13,US GAAP,792,44.0994,562,74.3519,30.9983,18.257,342075.4717,4.3105,3.6082,,4.0686,207.4722,30.0607,18.3673,18.257,38.8991
2013-09-30 00:00:00,9328,3100,6228,872,872,0,,0,0,0,0,0,349,,,7,342,10549,2685,3821,1136,0,,,1699,1609,762,847,,,,,90,4384,14933,422,950,-284,0,-284,0,0,0,-16,0,-16,0,1034,0,734,0,-1591,140,140,0,-148,0,-1599,14,99,43,16,666,,-925,0.2741,46.4996,2.2512,2016,1798,507,507,1509,0,773,404,233,171,369,0,736,10,,,,,,10,726,0,,,,,,,,,301,425,0,0,0,425,3,422,0,0,422,0,2430,0.17,0.17,0.17,2528,0.17,0.17,0.17,US GAAP,1010,45.9109,736,74.8512,36.5079,20.9325,347946.1512,7.5968,6.6772,,7.4574,47.6127,36.0119,21.0813,20.9325,41.4601
2013-12-31 00:00:00,11449,3323,8126,1109,1109,0,,0,0,0,0,0,512,,0,,512,13070,2882,4142,1260,0,,,1943,1722,839,883,,,0,,221,4825,17895,520,1231,-483,0,-483,0,0,0,-131,0,-131,0,-1920,0,-2534,0,-100,1808,1808,0,-183,0,1525,1,223,21,131,748,751.2398,648,0.3043,46.2904,2.3673,2585,2344,491,491,2094,0,961,553,292,261,408,0,1133,3,,7,,,,-4,1130,0,,,,,,,,,607,523,0,0,0,523,3,520,0,0,520,0,2458,0.21,0.21,0.21,2558,0.2,0.2,0.2,US GAAP,1407,48.4629,1133,81.0058,43.8298,20.1161,407921.7295,10.9458,9.0309,,10.1606,61,43.7137,20.2321,20.1161,53.7168
2014-03-31 00:00:00,12629,2998,9631,1006,1006,0,,0,0,0,0,0,425,,,,425,14060,3074,4370,1296,0,,,1894,1682,840,842,,,,,212,4968,19028,639,1285,-363,0,-363,0,0,0,0,0,0,0,-1509,0,-1872,0,-84,349,349,0,-3,0,262,0,-325,37,0,922,,838,0.3623,43.6979,2.011,2502,2265,462,462,2040,0,965,510,323,187,455,0,1075,0,,,,,,0,1075,0,,,,,,,,,433,642,0,0,0,642,3,639,0,0,639,0,2545,0.25,0.25,0.25,2609,0.25,0.25,0.25,US GAAP,1339,51.0094,1075,81.5348,42.9656,25.5396,,13.3889,11.1842,,12.4149,67.2414,42.9656,25.6595,25.5396,40.2791
2014-06-30 00:00:00,13956,4384,9572,1190,1190,0,,0,0,0,0,0,411,,,,411,15557,3334,4794,1460,0,,,1878,1672,857,815,,,,,206,5212,20769,788,1341,-469,0,-469,0,0,0,-19,0,-19,0,66,0,-422,0,-66,536,536,0,0,0,470,-3,1386,22,19,872,,806,0.3406,52.5174,1.7018,2910,2676,473,473,2437,0,1047,555,358,197,492,0,1390,4,,,,,,4,1386,0,,,,,,,,,595,791,0,0,0,791,3,788,0,0,788,0,2560,0.31,0.31,0.31,2615,0.3,0.3,0.3,US GAAP,1647,53.9599,1390,83.7457,47.7663,27.079,405010.4384,15.4357,12.9833,,14.3804,75.4786,47.6289,27.1821,27.079,42.9293
2014-09-30 00:00:00,14250,8999,5251,1363,1363,0,,0,0,0,0,0,502,,,0,502,16115,3703,5319,1616,0,,,4370,3929,2612,1317,,,,,441,8073,24188,802,1248,-482,0,-482,0,0,0,-735,0,-735,0,4214,0,2997,0,-49,487,487,0,0,0,438,-68,4615,42,735,766,,717,0.2961,60.6455,1.5561,3203,2957,565,565,2638,0,1241,633,374,259,608,0,1397,61,,,,,,61,1336,0,,,,,,,,,530,806,0,0,0,806,4,802,0,0,802,0,2587,0.31,0.31,0.31,2644,0.3,0.3,0.3,US GAAP,1686,54.2768,1397,82.3603,43.6154,25.039,383684.7149,16.0357,14.0538,,15.9209,55.6866,41.7109,25.1639,25.039,39.6707
2014-12-31 00:00:00,11199,4315,6884,1678,1678,0,,0,0,0,0,0,793,,0,,793,13670,3967,5784,1817,0,,,22547,21910,17981,3929,,,0,,637,26514,40184,696,1583,-517,0,-517,0,0,0,-4221,0,-4221,0,-1878,0,-6616,0,-44,515,515,0,-70,0,401,-52,-4684,77,4221,1066,,1022,0.3861,56.3284,2.2744,3851,3594,653,653,3198,0,2065,954,624,330,1111,0,1133,19,,,,,,19,1114,0,,,,,,,,,413,701,0,0,0,701,5,696,0,0,696,0,2761,0.25,0.25,0.25,2816,0.25,0.25,0.25,US GAAP,1566,50.0401,1133,83.0434,29.4209,18.0732,418632.4601,11.3447,10.0725,,11.278,0,28.9276,18.2031,18.0732,37.0736
2015-03-31 00:00:00,12413,3419,8994,1508,1508,0,,0,0,0,0,0,1083,,,,1083,15004,4619,6574,1955,0,,,22384,21779,18005,3774,,,,,605,27003,42007,509,1700,-502,0,-502,0,0,0,-257,0,-257,0,-2085,0,-2844,0,-47,423,423,0,-5,0,371,-123,-896,119,257,1198,,1151,0.4303,56.5779,3.3399,3543,3317,654,654,2889,0,1956,894,620,274,1062,0,933,1,-2,,,,,3,932,0,,,,,,,,,420,512,0,0,0,512,3,509,0,0,509,0,2784,0.18,0.18,0.18,2836,0.18,0.18,0.18,US GAAP,1390,46.561,933,81.5411,26.3336,14.3664,,10.3064,9.1587,,10.4268,,26.3054,14.451,14.3664,45.0644
2015-06-30 00:00:00,14125,5123,9002,1815,1815,0,,0,0,0,0,0,1011,,,,1011,16951,4955,6916,1961,0,,,22224,21630,18025,3605,,,,,594,27179,44130,715,1880,-549,0,-549,0,0,0,-25,0,-25,0,10,0,-564,0,-37,386,386,0,-7,0,342,46,1704,40,25,1331,,1294,0.476,53.9898,2.6294,4042,3827,668,668,3374,0,2101,931,626,305,1170,0,1273,0,-5,,,,,5,1273,0,,,,,,,,,554,719,0,0,0,719,4,715,0,0,715,0,2796,0.26,0.26,0.26,2850,0.25,0.25,0.25,US GAAP,1732,43.5412,1273,83.4735,31.4943,17.6893,368963.9434,9.419,8.3884,,9.5533,,31.4943,17.7882,17.6893,43.5192
2015-09-30 00:00:00,15834,4308,11526,2010,2010,0,,0,0,0,0,0,1295,,,0,1295,19139,5335,7370,2035,0,,,21995,21461,18024,3437,,,,,534,27330,46469,891,2192,-780,0,-780,0,0,0,-27,0,-27,0,-2493,0,-3300,0,-23,346,346,0,-8,0,315,-22,-815,40,27,1412,,1389,0.5028,50.0754,2.4602,4501,4299,720,720,3781,0,2322,1051,706,345,1271,0,1459,27,,,,,,27,1432,0,,,,,,,,,536,896,0,0,0,896,5,891,0,0,891,0,2808,0.32,0.32,0.32,2863,0.31,0.31,0.31,US GAAP,1945,41.6201,1459,84.0036,32.415,19.7956,375208.4028,8.9725,7.9567,,9.0493,4.7766,31.8152,19.9067,19.7956,37.4302
2015-12-31 00:00:00,18434,4907,13527,2559,2559,0,,0,0,0,0,0,659,,0,,659,21652,5687,7819,2132,0,,,22068,21272,18026,3246,,,0,,796,27755,49407,1555,2827,-692,0,-692,,,,-4,0,-4,0,-2030,0,-2726,0,-12,566,566,0,0,0,554,-56,599,71,4,2135,,2123,0.7558,48.3428,1.818,5841,5637,824,824,5017,0,2457,1143,772,371,1314,0,2560,3,,,,,,3,2557,0,,,,,,,,,995,1562,0,0,0,1562,7,1555,0,0,1555,0,2825,0.55,0.55,0.55,2878,0.54,0.54,0.54,US GAAP,3103,45.5737,2560,85.8928,43.8281,26.6222,460247.4194,9.1391,8.1928,,9.1217,71.7085,43.7768,26.742,26.6222,38.9128
2016-03-31 00:00:00,20621,6456,14165,2348,2348,0,,0,0,0,0,0,843,,,,843,23812,6467,8813,2346,0,,,21796,21096,18029,3067,,,,,700,28263,52075,1732,3477,-1132,0,-1132,0,0,0,-1,0,-1,0,-543,0,-1676,0,-312,0,0,0,2,0,-310,58,1549,170,1,2345,,2033,0.8248,44.5795,2.0075,5382,5201,838,838,4544,0,2534,1191,826,365,1343,0,2010,-56,-27,,,,,-29,2066,0,,,,,,,,,328,1738,0,0,0,1738,6,1732,0,0,1732,0,2843,0.61,0.61,0.61,2905,0.6,0.6,0.6,US GAAP,2562,47.263,2010,84.4296,37.3467,32.1813,395793.499,11.5604,10.4016,,11.5058,58.5644,38.3872,32.2928,32.1813,15.8761
2016-06-30 00:00:00,23293,5108,18185,2801,2801,0,,0,0,0,0,0,916,,,,916,27010,7104,9756,2652,0,,,21625,20922,18043,2879,,,,,703,28729,55739,2276,3665,-995,0,-995,0,0,,-19,0,-19,0,-3957,0,-4971,0,0,0,0,0,4,0,4,-46,-1348,237,19,2670,,2670,0.9349,37.8623,1.6103,6436,6239,917,917,5519,0,2785,1314,901,413,1471,0,2734,-20,-32,,,,,12,2754,0,,,,,,,,,471,2283,0,0,0,2283,7,2276,0,0,2276,0,2856,0.8,0.8,0.8,2921,0.78,0.78,0.78,US GAAP,3319,49.3186,2734,85.752,42.4798,35.3636,444015.1776,14.3686,12.9249,,14.2823,61.0276,42.7906,35.4723,35.3636,17.1024
2016-09-30 00:00:00,26140,6038,20102,3070,3070,0,,0,0,0,0,0,1118,,,,1118,30328,7899,10778,2879,0,,,21447,20787,18085,2702,,,,,660,29346,59674,2620,4036,-1095,0,-1095,0,0,0,-61,0,-61,0,-1961,0,-3117,0,0,0,0,0,-8,0,-8,19,930,357,61,2941,,2941,1.0244,36.2361,1.5405,7011,6816,987,987,6024,0,2907,1365,926,439,1542,0,3117,-47,-50,,,,,3,3164,0,,,,,,,,,537,2627,0,0,0,2627,7,2620,0,0,2620,0,2871,0.91,0.91,0.91,2931,0.9,0.9,0.9,US GAAP,3708,51.4471,3117,85.9221,44.4587,37.3698,445878.9112,17.1309,15.4188,,16.9294,66.0558,45.1291,37.4697,37.3698,16.9722
2016-12-30 00:00:00,29449,8903,20546,3993,3993,0,,0,0,0,0,0,959,,0,,959,34401,8591,11803,3212,0,,,21969,20657,18122,2535,,,0,,1312,30560,64961,3561,4930,-1269,0,-1269,,,,-41,0,-41,0,-665,0,-1975,0,0,0,0,0,4,0,4,-94,2865,446,41,3661,,3661,1.2703,28.3767,1.3844,8809,8629,1047,1047,7762,0,3196,1633,1118,515,1563,0,4566,33,-56,,,,,89,4533,0,,,,,,,,,965,3568,0,0,0,3568,7,3561,0,0,3561,0,2882,1.24,1.24,1.24,2938,1.21,1.21,1.21,US GAAP,5180,53.4373,4566,88.1144,51.8334,40.4246,516717.5035,19.7056,17.8179,,19.7487,67.5876,51.4587,40.504,40.4246,21.2883
2017-03-31 00:00:00,32306,7104,25202,3415,3415,0,,0,0,0,0,0,1209,,,,1209,36930,9462,13032,3570,0,,,22322,20486,18126,2360,,,,,1836,31784,68714,3059,5058,-1271,0,-1271,0,0,0,0,0,0,0,-4649,0,-5920,0,0,-999,0,-999,7,0,-992,28,-1826,664,0,3787,,3787,1.3099,31.2921,1.6535,8032,7857,1159,1159,6873,0,3546,1712,1057,655,1834,0,3327,-81,-67,,,,,-14,3408,0,,,,,,,,,344,3064,0,0,0,3064,5,3059,0,0,3059,0,2891,1.06,1.06,1.06,2944,1.04,1.04,1.04,US GAAP,3998,53.503,3327,85.5702,41.4218,38.0852,427916.8887,21.065,19.068,,20.8966,49.6981,42.4303,38.1474,38.0852,10.0939
2017-06-30 00:00:00,35452,6252,29200,3897,3897,0,,0,0,0,0,0,1455,,,,1455,40804,10628,14668,4040,0,,,22411,20315,18129,2186,,,,,2096,33039,73843,3890,5360,-1444,0,-1444,,,,-8,0,-8,0,-4014,0,-5466,0,0,-874,0,-874,5,0,-869,94,-881,695,8,3916,,3916,1.3503,30.4705,1.3779,9321,9164,1237,1237,8084,0,3683,1764,1124,640,1919,0,4401,-87,-91,,,,,4,4488,0,,,,,,,,,594,3894,0,0,0,3894,4,3890,0,0,3890,0,2900,1.34,1.34,1.34,2951,1.32,1.32,1.32,US GAAP,5129,54.3062,4401,86.7289,47.216,41.7337,451205.3442,22.4706,20.2652,,22.204,57.7816,48.1493,41.7766,41.7337,13.2353
2017-09-29 00:00:00,38289,7201,31088,4424,4424,0,,0,0,0,0,0,1490,,,,1490,44203,12158,16446,4288,0,,,22637,20263,18213,2050,,,,,2374,34795,78998,4704,6128,-1755,0,-1755,,,,-98,0,-98,0,-1876,0,-3729,0,0,-666,0,-666,-866,0,-1532,70,937,434,98,4373,,4373,1.5059,31.4306,1.3027,10328,10142,1448,1448,8880,0,3758,1706,1170,536,2052,0,5122,-114,-108,,,,,-6,5236,0,,,,,,,,,529,4707,0,0,0,4707,3,4704,0,0,4704,0,2904,1.62,1.62,1.62,2956,1.59,1.59,1.59,US GAAP,5895,55.3631,5122,85.9799,49.5933,45.5461,445845.0248,24.2797,21.9424,,23.9157,60.4462,50.6971,45.5751,45.5461,10.1031
2017-12-29 00:00:00,41711,8079,33632,5832,5832,0,,0,0,0,0,0,1020,,0,,1020,48563,13721,18337,4616,0,,,22240,20105,18221,1884,,,0,,2135,35961,84524,4266,7670,-2262,0,-2262,,,,-17,0,-17,0,-2724,0,-5003,0,0,-1843,0,-1843,1,0,-1842,40,865,324,17,5408,,5408,1.8603,29.2809,1.7979,12972,12779,1611,1611,11361,0,4009,2060,1374,686,1949,0,7352,-110,-126,,,,,16,7462,0,,,,,,,,,3194,4268,0,0,0,4268,2,4266,0,0,4266,2270,2907,1.47,1.47,2.2484,2954,1.44,1.44,2.2085,US GAAP,8205,57.1348,7352,87.5809,56.6759,32.8862,516709.8188,23.8414,21.2985,,23.7085,66.9229,57.5239,32.9016,32.8862,42.8035
2018-03-29 00:00:00,43956,12082,31874,5115,5115,0,,0,0,0,0,0,1341,,,,1341,50412,16211,21292,5081,0,,,22322,20003,18268,1735,,,,,2319,38533,88945,4987,7860,-2812,0,-2812,,,,0,0,0,0,1525,0,-1287,0,0,-2606,0,-2606,3,0,-2603,36,4006,736,,5048,,5048,1.7371,24.7597,1.5761,11966,11795,1927,1927,10039,0,4590,2352,1595,757,2238,0,5449,-161,-145,,,,,-16,5610,0,,,,,,,,,622,4988,0,0,0,4988,1,4987,0,0,4987,0,2906,1.72,1.72,1.72,2945,1.69,1.69,1.69,US GAAP,6398,57.4764,5449,83.896,45.5374,41.6764,431331.555,25.5307,22.64,,24.9439,53.94,46.8828,41.6848,41.6764,11.0873
2018-06-29 00:00:00,42309,11552,30757,5590,5590,0,,0,0,0,0,0,1934,,,,1934,49833,18357,23918,5561,0,,,22101,19836,18263,1573,,,,,2265,40458,90291,5106,6299,-3459,0,-3459,,,,0,0,0,0,1076,0,-2383,0,0,-4276,0,-4276,4,0,-4272,-186,-542,1545,,2840,,2840,0.981,31.938,1.2336,13231,13038,2214,2214,11017,0,5154,2631,1855,776,2523,0,5863,-5,-143,,,,,138,5868,0,,,,,,,,,762,5106,0,0,0,5106,0,5106,0,0,5106,0,2895,1.76,1.76,1.76,2930,1.74,1.74,1.74,US GAAP,6897,56.488,5863,83.2666,44.3126,38.5912,437027.2502,26.1382,23.2286,,25.6667,37.3913,44.3504,38.5912,38.5912,12.9857
2018-09-28 00:00:00,41206,9637,31569,6058,6058,0,,0,0,0,0,0,1883,,,,1883,49147,21112,27196,6084,0,,,22193,19755,18304,1451,,,,,2438,43305,92452,5137,7496,-3343,0,-3343,,,,0,0,0,0,-905,0,-4248,0,0,-5161,0,-5161,3,0,-5158,-14,-1924,447,72,4153,,4153,1.4395,27.3282,1.4592,13727,13539,2418,2418,11309,0,5528,2871,1928,943,2657,0,5781,-131,-176,,,,,45,5912,0,,,,,,,,,775,5137,0,0,0,5137,0,5137,0,0,5137,0,2885,1.78,1.78,1.78,2913,1.76,1.76,1.76,US GAAP,6888,54.7017,5781,82.3851,42.1141,37.4226,408468.7258,25.7288,22.7425,,25.2532,19.3881,43.0684,37.4226,37.4226,13.1089
2018-12-31 00:00:00,41114,10019,31095,7587,7587,0,,0,0,0,0,0,1779,,0,,1779,50480,24683,31573,6890,0,,,22171,19595,18301,1294,,,0,,2576,46854,97334,6882,7684,-4366,0,-4366,,,,0,0,0,0,617,0,-3749,0,0,-4045,0,-4045,504,0,-3541,-14,380,1034,0,3318,,3318,1.1553,24.6739,1.1165,16914,16640,2796,2796,14118,0,6298,3443,2467,976,2855,0,7820,-151,-187,,,,,36,7971,0,,,,,,,,,1089,6882,0,0,0,6882,0,6882,0,0,6882,0,2872,2.4,2.4,2.4,2886,2.38,2.38,2.38,US GAAP,9045,52.3443,7820,83.4693,46.2339,40.6882,475285.919,27.9062,24.3179,,27.3413,11.8721,47.1266,40.6882,40.6882,13.662
2019-03-29 00:00:00,45243,11076,34167,6475,6475,0,,0,0,0,0,0,1582,,,,1582,53300,34092,41749,7657,0,,,22085,19483,18333,1150,,,,,2602,56177,109477,2429,9308,-3837,0,-3837,,,,-50,0,-50,0,-2881,0,-6768,0,-125,-1125,0,-1125,-173,0,-1423,-44,1073,682,50,5471,5471,5346,1.9156,30.3546,3.832,15077,14912,2816,2816,12261,0,8944,6084,2020,4064,2860,0,3317,-165,-198,0,198,,,33,3482,3000,,,,,,3000,,,1053,2429,0,0,0,2429,0,2429,0,0,2429,2370,2856,0.85,0.85,1.6803,2869,0.85,0.85,1.6761,US GAAP,4918,47.0712,3317,81.3225,22.0004,16.1106,399147.5392,23.8266,19.7095,,22.3006,,23.0948,16.1106,16.1106,30.2412
2019-06-28 00:00:00,48596,13877,34719,7513,7513,0,,0,0,0,0,0,1852,,,,1852,57961,37271,46023,8752,0,,,21774,19328,18334,994,,,,,2446,59045,117006,2616,8615,-3633,0,-3633,,,,-3,0,-3,0,-374,0,-4010,0,-142,-1750,0,-1750,62,0,-1830,26,2801,1014,3,4982,4982,4840,1.745,30.8532,3.2932,16886,16624,3307,3307,13579,0,8953,5638,2414,3224,3315,0,4626,-206,-219,0,219,,,13,4832,2000,,,,,,2000,,,2216,2616,0,0,0,2616,0,2616,0,0,2616,2680,2855,0.92,0.92,1.855,2875,0.91,0.91,1.8422,US GAAP,6402,43.5324,4626,80.4157,27.3955,15.4921,425865.678,20.2969,16.4633,,18.7662,,28.6154,15.4921,15.4921,45.8609
2019-09-30 00:00:00,52269,15979,36290,7673,7673,0,,0,0,0,0,0,2137,,,,2137,62079,40687,50333,9646,0,,,21652,19191,18338,853,,,,,2461,62339,124418,6091,9307,-3532,0,-3532,0,,0,-10,0,-10,0,-1508,0,-5050,0,-144,-1739,0,-1739,-136,0,-2019,-156,2082,832,10,5775,5775,5631,2.0235,26.0374,1.528,17652,17383,3155,3155,14497,0,7312,3764,2416,1348,3548,0,7185,-144,-258,0,258,,,114,7329,0,,,,,,,,,1238,6091,0,0,0,6091,0,6091,0,0,6091,0,2854,2.13,2.13,2.13,2874,2.13,2.13,2.13,US GAAP,8899,43.9868,7185,82.1267,40.7036,34.506,410225.4241,20.6698,16.6164,,19.0241,35.7707,41.5194,34.506,34.506,16.8918
2019-12-31 00:00:00,54855,19079,35776,9518,9518,0,,0,0,0,0,0,1852,,0,,1852,66225,44783,55446,10663,86,86,,22282,19609,18715,894,,,0,,2673,67151,133376,7349,9083,-4100,0,-4100,0,0,,-445,0,-445,0,509,0,-4036,0,-141,-1923,0,-1923,39,0,-2025,177,3199,2654,445,4983,4983,4842,1.7466,27.622,1.236,21082,20736,3492,3492,17590,0,8732,4855,3026,1829,3877,0,8858,-311,-229,0,229,,,-82,9169,0,,,,,,,,,1820,7349,0,0,0,7349,0,7349,0,0,7349,0,2853,2.58,2.58,2.58,2871,2.56,2.56,2.56,US GAAP,10647,43.6596,8858,83.4361,42.0169,34.8591,469093.4983,19.9643,16.0244,18.8644,18.0099,24.904,43.4921,34.8591,34.8591,19.8495
2020-03-31 00:00:00,60289,23618,36671,7289,7289,0,,0,0,0,0,0,1771,,,,1771,69349,46486,58098,11612,0,,,22536,19649,18811,838,,,,,2887,69022,138371,4902,11001,-3558,0,-3558,,,,0,0,0,0,-551,0,-4109,0,-100,-1940,0,-1940,18,0,-2022,-222,4648,209,,7443,7443,7343,2.6107,20.5274,2.2442,17737,17440,3459,3459,14278,0,8385,4370,2787,1583,4015,0,5893,32,-228,0,228,,,260,5861,0,,,,,,,,,959,4902,0,0,0,4902,0,4902,0,0,4902,0,2851,1.72,1.72,1.72,2868,1.71,1.71,1.71,US GAAP,7830,46.046,5893,80.4984,33.2243,27.6371,367469.1307,21.8517,16.912,19.9425,19.4566,96.8421,33.0439,27.6371,27.6371,16.3624
2020-06-30 00:00:00,58240,21045,37195,7483,7483,0,,0,0,0,0,0,2407,,,,2407,68130,48435,61517,13082,0,,,23126,19888,19029,859,,,,,3238,71561,139691,5178,3878,-3255,0,-3255,,,,-339,0,-339,0,-583,0,-4177,0,-109,-2122,0,-2122,79,0,-2152,93,-2358,1041,339,623,623,514,0.2186,34.4081,0.7489,18687,18321,3829,3829,14858,0,8895,4433,2840,1593,4462,0,5963,-168,-162,0,162,,,-34,6131,0,,,,,,,,,953,5178,0,0,0,5178,0,5178,0,0,5178,0,2850,1.82,1.82,1.82,2879,1.8,1.8,1.8,US GAAP,8011,47.0835,5963,79.5098,31.9099,27.7091,355712.491,23.6134,18.3251,21.5368,21.03,74.2365,32.8089,27.7091,27.7091,15.544
2020-09-30 00:00:00,55620,11617,44003,8024,8024,0,,0,0,0,0,0,2155,,,,2155,65799,51730,65867,14137,6164,6164,,22744,19775,19031,744,,,,,2969,80638,146437,7846,9828,-3689,0,-3689,-6020,0,-6020,-12,0,-12,0,-6878,0,-16599,0,-189,-2725,0,-2725,2,0,-2912,93,-9590,1872,12,6139,6139,5950,2.154,38.916,1.2526,21470,21221,4194,4194,17276,0,9236,4473,2683,1790,4763,0,8040,-93,-146,0,146,,,91,8133,0,,,,,,,,,287,7846,0,0,0,7846,0,7846,0,0,7846,0,2850,2.75,2.75,2.75,2891,2.71,2.71,2.71,US GAAP,10090,46.3153,8040,80.4658,37.4476,36.544,378973.7525,23.8747,18.6631,21.7478,21.301,22.3939,37.8808,36.544,36.544,3.5288
2020-12-31 00:00:00,61954,17576,44378,11335,11335,0,,0,0,0,0,0,2381,,0,,2381,75670,54981,70399,15418,6234,6234,,22431,19673,19050,623,,,0,,2758,83646,159316,11219,14040,-4613,0,-4613,-59,0,-59,-5,0,-5,0,-496,0,-5173,0,-205,-3049,0,-3049,48,0,-3206,314,5975,1107,5,9427,9427,9222,3.3077,32.9465,1.2514,28072,27187,5210,5210,22862,0,10087,4879,3280,1599,5208,0,12775,-280,-136,0,136,,,-15,13055,0,,,,,,,,,1836,11219,0,0,0,11219,0,11219,0,0,11219,0,2850,3.94,3.94,3.94,2890,3.88,3.88,3.88,US GAAP,14993,47.6049,12775,81.4406,45.508,39.9651,479011.6716,25.416,19.9151,23.1937,22.525,56.0372,46.5054,39.9651,39.9651,14.0636
2021-03-31 00:00:00,64219,19513,44706,10276,10276,0,,0,0,0,0,0,2827,,,,2827,77322,57922,74412,16490,6342,6342,,21937,19561,19056,505,,,,,2376,86201,163523,9497,12242,-4272,0,-4272,0,0,0,0,0,0,0,-602,0,-4874,0,-151,-5016,0,-5016,-18,0,-5185,-246,1937,2907,,7970,7970,7819,2.7994,34.7332,1.289,26171,25439,5131,5131,21040,0,9662,4465,2843,1622,5197,0,11378,-125,-118,0,118,,,-100,11503,0,,,,,,,,,2006,9497,0,0,0,9497,0,9497,0,0,9497,0,2847,3.34,3.34,3.34,2882,3.3,3.3,3.3,US GAAP,13712,49.5826,11378,80.3943,43.4756,36.2883,431480.1992,28.2389,22.3522,25.764,25.2782,65.0344,43.9532,36.2883,36.2883,17.4389
2021-06-30 00:00:00,64080,16186,47894,11698,11698,0,,0,0,0,0,0,4919,,,,4919,80697,61434,79169,17735,6393,6393,,22085,19733,19219,514,,,,,2352,89912,170609,10394,13246,-4612,29,-4641,0,0,0,-259,0,-259,0,-3324,0,-8195,0,-123,-8433,0,-8433,8,0,-8548,117,-3380,3387,259,8605,8605,8511,3.0363,30.7775,1.2744,29077,28580,5399,5399,23678,0,11311,5215,3259,1956,6096,0,12367,-146,-121,0,121,,,-25,12513,0,,,,,,,,,2119,10394,0,0,0,10394,0,10394,0,0,10394,0,2834,3.67,3.67,3.67,2877,3.61,3.61,3.61,US GAAP,14723,51.0717,12367,81.4321,42.5319,35.7465,458598.8266,31.331,25.1086,28.6188,28.1622,61.6362,43.034,35.7465,35.7465,16.9344
2021-09-30 00:00:00,58075,14496,43579,12088,12088,0,,0,0,0,0,0,5258,,,,5258,75421,64789,83438,18649,6758,6758,,22617,19430,19065,365,,,,,3187,94164,169585,9194,14091,-4313,32,-4345,0,0,0,-71,0,-71,0,4054,0,-330,0,-231,-15033,0,-15033,11,0,-15253,-215,-1707,1625,71,9746,9746,9547,3.4634,26.921,1.5326,29010,28276,5771,5771,23239,0,12816,6500,3554,2946,6316,0,10423,-142,-120,0,120,,,26,10565,0,,,,,,,,,1371,9194,0,0,0,9194,0,9194,0,0,9194,0,2814,3.27,3.27,3.27,2859,3.22,3.22,3.22,US GAAP,12804,50.0596,10423,80.1069,35.929,31.6925,425510.0694,32.1031,25.5071,29.2637,28.7923,31.6048,36.4185,31.6925,31.6925,12.9768
2021-12-31 00:00:00,47998,16601,31397,14039,14039,0,,0,0,0,0,0,4629,,0,,4629,66666,69964,90044,20080,6775,6775,,22582,19831,19197,634,,,0,,2751,99321,165987,10285,18104,-5370,0,-5370,-2,0,-2,-521,0,-521,0,11722,0,5829,0,-172,-21570,0,-21570,0,0,-21742,-130,2061,606,521,12734,12734,12562,4.6054,24.1898,1.7602,33671,32639,6348,6348,27323,0,14738,7692,4387,3305,7046,0,12585,-117,-102,0,102,,,-16,12702,-16,,,,,,,,,2417,10285,0,0,0,10285,0,10285,0,0,10285,-12.64,2765,3.72,3.72,3.7151,2799,3.67,3.67,3.6655,US GAAP,15020,47.7058,12585,81.147,37.3764,30.5456,467847.7143,31.1018,24.2051,28.2425,27.5311,,37.7239,30.5456,30.5456,19.0285
2022-03-31 00:00:00,43890,14886,29004,11390,11390,0,,0,0,0,0,0,3985,,,,3985,59265,73823,95276,21453,6775,6775,,24355,20833,19923,910,,,,,3522,104953,164218,7465,14076,-5441,0,-5441,126,126,0,-853,0,-853,0,1389,0,-4779,0,-233,-10431,0,-10431,4,0,-10660,-149,-1512,502,853,8635,8635,8402,3.1688,15.578,1.8856,27908,26998,6005,6005,21903,0,13379,5672,3312,2360,7707,0,8524,-384,-76,0,76,,,-254,8908,0,,,,,,,,,1443,7465,0,0,0,7465,0,7465,0,0,7465,0,2725,2.74,2.74,2.74,2742,2.72,2.72,2.72,US GAAP,11091,44.8231,8524,78.4829,30.5432,26.7486,358691.6008,29.0698,22.7851,26.3237,25.8473,,31.9192,26.7486,26.7486,16.1989
2022-06-30 00:00:00,40489,12681,27808,11525,11525,0,,0,0,0,0,0,3973,,0,,3973,55987,81718,104152,22434,6536,6536,,25538,21194,20229,965,,,,,4344,113792,169779,6687,12197,-7528,44,-7572,0,0,0,-363,0,-363,0,932,0,-6959,0,-219,-6235,0,-6235,-109,0,-6563,-550,-1875,2139,363,4625,4625,4450,1.7104,12.4536,1.824,28822,28152,5192,5192,23630,0,15272,6582,3595,2987,8690,0,8358,172,-91,0,91,,,263,8186,0,,,,,,,,,1499,6687,0,0,0,6687,0,6687,0,0,6687,0,2704,2.47,2.47,2.47,2713,2.46,2.46,2.46,US GAAP,10772,41.6101,8358,81.986,28.9987,23.201,344954.6994,25.4786,19.7604,22.9378,22.6569,-1572.1569,28.4019,23.201,23.201,18.3118
2022-09-30 00:00:00,41776,14308,27468,11227,11227,0,,0,0,0,0,0,5312,,0,,5312,58315,87379,110772,23393,6528,6528,,26672,21143,20268,875,,,,,5529,120579,178894,4395,9691,-9355,20,-9375,0,0,0,-34,0,-34,0,-312,0,-9701,0,9758,-7365,0,-7365,-246,0,2147,-364,1773,2006,34,316,316,10094,0.1178,14.1297,2.205,27714,27237,5716,5716,21998,0,16334,7164,3780,3384,9170,0,5664,88,-77,0,77,,,296,5576,413,,,413,,,,,,1181,4395,0,0,0,4395,0,4395,0,0,4395,326.27,2682,1.64,1.64,1.7604,2687,1.64,1.64,1.7604,US GAAP,8319,38.2695,5664,79.375,20.4373,15.8584,317406.1433,22.3978,16.5473,19.4054,19.2592,-367.2068,20.1198,15.8584,15.8584,21.1801
2022-12-30 00:00:00,40738,14681,26057,13466,13466,0,,0,0,0,0,0,5345,,0,,5345,59549,92191,117166,24975,6201,6201,,27786,21203,20306,897,,,0,,6583,126178,185727,4652,14511,-8988,55,-9043,-5,0,-5,-62,0,-62,0,1524,0,-7531,0,-235,-7520,0,-7520,695,0,-7060,425,345,1760,62,5468,5468,5288,2.0728,17.0216,3.1193,32165,31254,8336,8336,23829,0,17430,7659,4574,3085,8283,0,6399,250,-32,0,32,,,225,6149,7672,,,1805,,,,,1341,1497,4652,0,0,0,4652,0,4652,0,0,4652,6060.88,2638,1.76,1.76,4.061,2640,1.76,1.76,4.0558,US GAAP,9306,33.8636,6399,74.0836,19.8943,14.4629,371927.1062,18.5154,13.192,15.8721,15.5694,-410.757,19.1171,14.4629,14.4629,24.3454
2023-03-31 00:00:00,37439,11551,25888,11044,11044,0,,0,0,0,0,0,4000,,,,4000,52483,97055,124034,26979,6167,6167,,28786,21598,20649,949,,,,,7188,132008,184491,5709,13998,-6842,0,-6842,19,19,0,-444,0,-444,0,524,0,-6743,0,-264,-10374,0,-10374,122,0,-10516,85,-3176,405,444,7156,7198.9718,6892,2.7661,31.7886,2.4519,28645,28101,6108,6108,22537,0,15310,5929,3044,2885,8577,0,7227,-80,-138,55,193,,,-5,7307,1914,,,770,,,,,,1598,5709,0,0,0,5709,0,5709,0,0,5709,1512.06,2587,2.21,2.21,2.7913,2596,2.2,2.2,2.7825,US GAAP,10308,32.9837,7227,78.6769,25.2295,19.9302,371463.0288,17.2911,12.2985,14.7701,14.9717,,25.5088,19.9302,19.9302,21.8694
2023-06-30 00:00:00,53446,28785,24661,12511,12511,0,,0,0,0,0,0,3603,,,,3603,69560,100904,129857,28953,6208,6208,,30016,21515,20659,856,,,,,8501,137128,206688,7788,17309,-6216,0,-6216,82,82,0,-83,0,-83,0,1014,0,-5203,0,8235,-2590,0,-2590,-353,0,5292,-14,17384,1102,83,11093,11190.2138,19328,4.3197,30.9364,2.2225,31999,31498,5945,5945,26054,0,16662,7318,3154,4164,9049,0,9392,99,-207,116,323,,,161,9293,2882,,,232,,,1870,,,1505,7788,0,0,0,7788,0,7788,0,0,7788,2276.78,2568,3.03,3.03,3.9193,2612,2.98,2.98,3.8517,US GAAP,12531,33.5737,9392,81.4213,29.3509,24.3383,447732.5834,17.3549,11.9766,14.4709,14.5621,32.5464,29.0415,24.3383,24.3383,16.195
2023-09-29 00:00:00,61123,36890,24233,12944,12944,0,,0,0,0,0,0,4311,,,,4311,78378,104805,135653,30848,6142,6142,,26949,21481,20668,813,,,,,5468,137896,216274,11583,20402,-6496,47,-6543,0,0,0,-38,0,-38,0,457,0,-6077,0,-267,-5657,0,-5657,49,0,-5875,-354,8096,509,38,13859,13973.8386,13639,5.38,20.6491,1.7614,34146,33643,6210,6210,27936,0,14188,4947,2877,2070,9083,0,13748,-272,-395,139,534,,,25,14020,720,,,340,,,,,,2437,11583,0,0,0,11583,0,11583,0,0,11583,568.8,2576,4.5,4.5,4.7173,2641,4.39,4.39,4.6054,US GAAP,17093,38.7838,13748,81.8134,40.2624,33.922,515917.504,22.2739,15.0478,18.1535,17.9926,125.6841,41.059,33.922,33.922,17.3823
2023-12-29 00:00:00,65403,41862,23541,16169,16169,0,,0,0,0,0,0,3793,,0,,3793,85365,109881,143015,33134,6141,6141,,28236,21442,20654,788,,,0,,6794,144258,229623,14017,19404,-7592,73,-7665,0,0,0,-64,0,-64,0,1184,0,-6472,0,-307,-8165,0,-8165,71,0,-8401,396,4927,4591,64,11739,11852.4169,11505,4.5748,20.7714,1.3843,40111,38706,7695,7695,32416,0,16032,5515,3226,2289,9779,0,16384,-424,-452,136,588,,,-33,16808,2246,,,1091,,,,,7,2791,14017,0,0,0,14017,0,14017,0,0,14017,1774.34,2566,5.46,5.46,6.1541,2630,5.33,5.33,6.0047,US GAAP,20087,44.4911,16384,80.8157,40.8467,34.9455,595852.4593,28.0385,18.8261,22.939,21.7801,125.6607,41.9037,34.9455,34.9455,16.6052
2024-03-28 00:00:00,58120,32307,25813,13430,13430,0,,0,0,0,0,0,3780,,,,3780,75330,112463,148373,35910,6218,6218,,28833,21483,20654,829,,,,,7350,147514,222844,12369,19246,-6400,0,-6400,0,0,0,-72,0,-72,0,-2262,0,-8734,-1273,-315,-18170,0,-18170,-9,0,-19767,-288,-9543,630,72,12846,12956.7568,12531,5.0475,25.1308,1.556,36455,35635,6640,6640,29815,0,15997,6019,2564,3455,9819,0,13818,-365,-458,127,585,,,-55,14183,486,,,240,,,,,,1814,12369,0,0,0,12369,0,12369,0,0,12369,383.94,2545,4.86,4.86,5.011,2625,4.71,4.71,4.8563,US GAAP,17726,47.2542,13818,81.7858,37.9043,33.9295,525826.1334,33.3598,22.4665,27.1551,26.4202,84.3918,38.9055,33.9295,33.9295,12.79
2024-06-28 00:00:00,58080,32045,26035,14505,14505,0,,0,0,0,0,0,3846,,,,3846,76431,117017,155412,38395,6207,6207,,30583,21638,20654,984,,,,,8945,153807,230238,13465,19370,-8173,0,-8173,0,0,0,-57,0,-57,0,-68,0,-8298,-1266,-299,-9507,0,-9507,-106,0,-11178,-152,-258,5929,57,11197,11311.0951,10898,4.4187,25.9625,1.4385,39071,38329,7308,7308,31763,0,16916,6379,2721,3658,10510,0,14847,-259,-412,128,540,,,-15,15106,41,,,,,,,,,1641,13465,0,0,0,13465,0,13465,0,0,13465,32.39,2534,5.31,5.31,5.3265,2610,5.16,5.16,5.1724,US GAAP,19073,49.3908,14847,81.2956,38.0001,34.4629,551858.0771,35.3746,23.5436,28.372,27.5076,77.1352,38.6629,34.4629,34.4629,10.8632
2024-09-30 00:00:00,,,,,,,,,,,,,,,,,,,,,,,,,,,,,,,,,,,,,,,,,,,,,,,,,,,,,,,,,,,,,,,,,,,29.4751,,,,,,,,,,,,,,,,,,,,,,,,,,,,,,,,,,,,,,,,,,,,,,,,,,,,,,,,,,,,,,,,,,,,
